date,store_id,product_id,sales
2022-01-01,1,1,712.05
2022-01-02,1,1,798.06
2022-01-03,1,1,482.66
2022-01-04,1,1,483.14
2022-01-05,1,1,619.95
2022-01-06,1,1,559.48
2022-01-07,1,1,466.86
2022-01-08,1,1,706.73
2022-01-09,1,1,608.71
2022-01-10,1,1,468.53
2022-01-11,1,1,522.52
2022-01-12,1,1,359.87
2022-01-13,1,1,374.5
2022-01-14,1,1,463.06
2022-01-15,1,1,558.1
2022-01-16,1,1,689.78
2022-01-17,1,1,438.13
2022-01-18,1,1,400.16
2022-01-19,1,1,619.94
2022-01-20,1,1,491.48
2022-01-21,1,1,514.37
2022-01-22,1,1,521.01
2022-01-23,1,1,609.11
2022-01-24,1,1,519.21
2022-01-25,1,1,422.95
2022-01-26,1,1,540.54
2022-01-27,1,1,466.06
2022-01-28,1,1,490.27
2022-01-29,1,1,606.95
2022-01-30,1,1,853.36
2022-01-31,1,1,513.16
2022-02-01,1,1,461.86
2022-02-02,1,1,617.29
2022-02-03,1,1,449.3
2022-02-04,1,1,567.8
2022-02-05,1,1,505.82
2022-02-06,1,1,574.24
2022-02-07,1,1,568.46
2022-02-08,1,1,613.9
2022-02-09,1,1,567.44
2022-02-10,1,1,544.14
2022-02-11,1,1,529.25
2022-02-12,1,1,561.3
2022-02-13,1,1,644.0
2022-02-14,1,1,517.47
2022-02-15,1,1,644.64
2022-02-16,1,1,585.65
2022-02-17,1,1,410.05
2022-02-18,1,1,585.13
2022-02-19,1,1,684.16
2022-02-20,1,1,653.0
2022-02-21,1,1,610.95
2022-02-22,1,1,646.76
2022-02-23,1,1,638.99
2022-02-24,1,1,490.56
2022-02-25,1,1,535.68
2022-02-26,1,1,767.27
2022-02-27,1,1,838.7
2022-02-28,1,1,522.84
2022-03-01,1,1,560.68
2022-03-02,1,1,481.49
2022-03-03,1,1,474.15
2022-03-04,1,1,648.87
2022-03-05,1,1,905.7
2022-03-06,1,1,745.17
2022-03-07,1,1,667.32
2022-03-08,1,1,612.05
2022-03-09,1,1,524.87
2022-03-10,1,1,613.18
2022-03-11,1,1,716.5
2022-03-12,1,1,753.48
2022-03-13,1,1,936.22
2022-03-14,1,1,354.4
2022-03-15,1,1,656.41
2022-03-16,1,1,592.55
2022-03-17,1,1,559.2
2022-03-18,1,1,594.07
2022-03-19,1,1,535.18
2022-03-20,1,1,738.07
2022-03-21,1,1,619.11
2022-03-22,1,1,718.57
2022-03-23,1,1,542.96
2022-03-24,1,1,517.81
2022-03-25,1,1,545.42
2022-03-26,1,1,872.85
2022-03-27,1,1,806.05
2022-03-28,1,1,544.45
2022-03-29,1,1,637.57
2022-03-30,1,1,601.17
2022-03-31,1,1,679.25
2022-04-01,1,1,519.25
2022-04-02,1,1,718.06
2022-04-03,1,1,711.41
2022-04-04,1,1,454.21
2022-04-05,1,1,608.37
2022-04-06,1,1,605.86
2022-04-07,1,1,584.01
2022-04-08,1,1,563.54
2022-04-09,1,1,598.66
2022-04-10,1,1,712.71
2022-04-11,1,1,555.59
2022-04-12,1,1,515.68
2022-04-13,1,1,572.56
2022-04-14,1,1,622.89
2022-04-15,1,1,754.14
2022-04-16,1,1,784.89
2022-04-17,1,1,795.13
2022-04-18,1,1,582.84
2022-04-19,1,1,420.16
2022-04-20,1,1,588.14
2022-04-21,1,1,596.36
2022-04-22,1,1,810.12
2022-04-23,1,1,747.5
2022-04-24,1,1,805.25
2022-04-25,1,1,590.06
2022-04-26,1,1,489.61
2022-04-27,1,1,696.08
2022-04-28,1,1,661.83
2022-04-29,1,1,665.91
2022-04-30,1,1,668.9
2022-05-01,1,1,879.82
2022-05-02,1,1,441.95
2022-05-03,1,1,609.44
2022-05-04,1,1,744.84
2022-05-05,1,1,477.76
2022-05-06,1,1,513.92
2022-05-07,1,1,741.69
2022-05-08,1,1,676.18
2022-05-09,1,1,432.14
2022-05-10,1,1,569.42
2022-05-11,1,1,474.24
2022-05-12,1,1,604.74
2022-05-13,1,1,487.19
2022-05-14,1,1,906.26
2022-05-15,1,1,649.49
2022-05-16,1,1,539.25
2022-05-17,1,1,636.33
2022-05-18,1,1,462.82
2022-05-19,1,1,587.5
2022-05-20,1,1,680.11
2022-05-21,1,1,561.46
2022-05-22,1,1,761.01
2022-05-23,1,1,592.34
2022-05-24,1,1,637.53
2022-05-25,1,1,465.15
2022-05-26,1,1,458.4
2022-05-27,1,1,616.91
2022-05-28,1,1,777.56
2022-05-29,1,1,773.04
2022-05-30,1,1,603.42
2022-05-31,1,1,515.55
2022-06-01,1,1,540.57
2022-06-02,1,1,545.81
2022-06-03,1,1,467.21
2022-06-04,1,1,871.4
2022-06-05,1,1,729.88
2022-06-06,1,1,430.89
2022-06-07,1,1,576.81
2022-06-08,1,1,448.71
2022-06-09,1,1,588.1
2022-06-10,1,1,617.95
2022-06-11,1,1,600.66
2022-06-12,1,1,784.64
2022-06-13,1,1,560.5
2022-06-14,1,1,593.41
2022-06-15,1,1,679.16
2022-06-16,1,1,509.7
2022-06-17,1,1,469.75
2022-06-18,1,1,597.17
2022-06-19,1,1,605.3
2022-06-20,1,1,524.85
2022-06-21,1,1,558.65
2022-06-22,1,1,553.98
2022-06-23,1,1,598.41
2022-06-24,1,1,533.85
2022-06-25,1,1,844.39
2022-06-26,1,1,666.29
2022-06-27,1,1,752.13
2022-06-28,1,1,584.8
2022-06-29,1,1,466.28
2022-06-30,1,1,449.51
2022-07-01,1,1,517.3
2022-07-02,1,1,606.6
2022-07-03,1,1,695.44
2022-07-04,1,1,517.94
2022-07-05,1,1,478.74
2022-07-06,1,1,422.9
2022-07-07,1,1,374.67
2022-07-08,1,1,452.75
2022-07-09,1,1,712.46
2022-07-10,1,1,652.18
2022-07-11,1,1,395.57
2022-07-12,1,1,499.53
2022-07-13,1,1,515.45
2022-07-14,1,1,423.04
2022-07-15,1,1,499.36
2022-07-16,1,1,640.62
2022-07-17,1,1,526.63
2022-07-18,1,1,515.59
2022-07-19,1,1,530.94
2022-07-20,1,1,569.78
2022-07-21,1,1,568.1
2022-07-22,1,1,389.51
2022-07-23,1,1,548.93
2022-07-24,1,1,688.71
2022-07-25,1,1,530.12
2022-07-26,1,1,530.66
2022-07-27,1,1,777.92
2022-07-28,1,1,535.67
2022-07-29,1,1,577.94
2022-07-30,1,1,734.45
2022-07-31,1,1,705.87
2022-08-01,1,1,433.28
2022-08-02,1,1,506.98
2022-08-03,1,1,402.73
2022-08-04,1,1,439.71
2022-08-05,1,1,423.07
2022-08-06,1,1,600.95
2022-08-07,1,1,800.43
2022-08-08,1,1,329.29
2022-08-09,1,1,504.91
2022-08-10,1,1,347.33
2022-08-11,1,1,426.08
2022-08-12,1,1,533.87
2022-08-13,1,1,602.83
2022-08-14,1,1,500.96
2022-08-15,1,1,410.68
2022-08-16,1,1,507.35
2022-08-17,1,1,410.31
2022-08-18,1,1,476.14
2022-08-19,1,1,464.69
2022-08-20,1,1,541.8
2022-08-21,1,1,794.24
2022-08-22,1,1,506.66
2022-08-23,1,1,322.38
2022-08-24,1,1,476.38
2022-08-25,1,1,417.75
2022-08-26,1,1,523.52
2022-08-27,1,1,532.11
2022-08-28,1,1,593.99
2022-08-29,1,1,500.54
2022-08-30,1,1,526.14
2022-08-31,1,1,382.13
2022-09-01,1,1,428.66
2022-09-02,1,1,419.49
2022-09-03,1,1,530.05
2022-09-04,1,1,743.85
2022-09-05,1,1,480.26
2022-09-06,1,1,367.42
2022-09-07,1,1,515.91
2022-09-08,1,1,598.31
2022-09-09,1,1,524.55
2022-09-10,1,1,456.26
2022-09-11,1,1,548.45
2022-09-12,1,1,541.82
2022-09-13,1,1,407.29
2022-09-14,1,1,486.38
2022-09-15,1,1,509.41
2022-09-16,1,1,393.24
2022-09-17,1,1,588.94
2022-09-18,1,1,305.57
2022-09-19,1,1,387.49
2022-09-20,1,1,440.84
2022-09-21,1,1,372.73
2022-09-22,1,1,571.3
2022-09-23,1,1,360.76
2022-09-24,1,1,558.11
2022-09-25,1,1,609.75
2022-09-26,1,1,559.91
2022-09-27,1,1,361.51
2022-09-28,1,1,541.55
2022-09-29,1,1,462.18
2022-09-30,1,1,393.84
2022-10-01,1,1,664.02
2022-10-02,1,1,640.02
2022-10-03,1,1,435.35
2022-10-04,1,1,483.81
2022-10-05,1,1,451.48
2022-10-06,1,1,487.72
2022-10-07,1,1,527.59
2022-10-08,1,1,772.93
2022-10-09,1,1,508.86
2022-10-10,1,1,634.97
2022-10-11,1,1,340.46
2022-10-12,1,1,470.83
2022-10-13,1,1,524.73
2022-10-14,1,1,502.89
2022-10-15,1,1,569.17
2022-10-16,1,1,608.68
2022-10-17,1,1,447.91
2022-10-18,1,1,441.26
2022-10-19,1,1,546.16
2022-10-20,1,1,510.77
2022-10-21,1,1,434.75
2022-10-22,1,1,716.4
2022-10-23,1,1,660.83
2022-10-24,1,1,545.6
2022-10-25,1,1,532.64
2022-10-26,1,1,426.49
2022-10-27,1,1,446.47
2022-10-28,1,1,542.49
2022-10-29,1,1,692.74
2022-10-30,1,1,633.13
2022-10-31,1,1,497.54
2022-11-01,1,1,634.71
2022-11-02,1,1,485.74
2022-11-03,1,1,577.22
2022-11-04,1,1,517.66
2022-11-05,1,1,671.86
2022-11-06,1,1,809.63
2022-11-07,1,1,601.33
2022-11-08,1,1,600.83
2022-11-09,1,1,640.84
2022-11-10,1,1,538.0
2022-11-11,1,1,591.62
2022-11-12,1,1,665.76
2022-11-13,1,1,732.77
2022-11-14,1,1,527.44
2022-11-15,1,1,546.18
2022-11-16,1,1,586.85
2022-11-17,1,1,472.99
2022-11-18,1,1,708.92
2022-11-19,1,1,596.05
2022-11-20,1,1,574.56
2022-11-21,1,1,634.74
2022-11-22,1,1,605.48
2022-11-23,1,1,592.32
2022-11-24,1,1,593.11
2022-11-25,1,1,541.44
2022-11-26,1,1,610.72
2022-11-27,1,1,714.25
2022-11-28,1,1,488.44
2022-11-29,1,1,623.65
2022-11-30,1,1,532.46
2022-12-01,1,1,530.46
2022-12-02,1,1,576.67
2022-12-03,1,1,837.06
2022-12-04,1,1,722.12
2022-12-05,1,1,532.35
2022-12-06,1,1,629.91
2022-12-07,1,1,630.5
2022-12-08,1,1,562.32
2022-12-09,1,1,566.02
2022-12-10,1,1,819.94
2022-12-11,1,1,620.71
2022-12-12,1,1,481.55
2022-12-13,1,1,545.04
2022-12-14,1,1,591.75
2022-12-15,1,1,640.31
2022-12-16,1,1,747.72
2022-12-17,1,1,898.96
2022-12-18,1,1,777.96
2022-12-19,1,1,611.84
2022-12-20,1,1,521.71
2022-12-21,1,1,612.8
2022-12-22,1,1,588.33
2022-12-23,1,1,645.2
2022-12-24,1,1,701.28
2022-12-25,1,1,863.63
2022-12-26,1,1,758.57
2022-12-27,1,1,607.16
2022-12-28,1,1,654.9
2022-12-29,1,1,682.12
2022-12-30,1,1,581.36
2022-12-31,1,1,831.8
2023-01-01,1,1,887.55
2023-01-02,1,1,691.94
2023-01-03,1,1,603.31
2023-01-04,1,1,685.45
2023-01-05,1,1,734.49
2023-01-06,1,1,832.82
2023-01-07,1,1,1017.8
2023-01-08,1,1,1178.01
2023-01-09,1,1,606.54
2023-01-10,1,1,775.69
2023-01-11,1,1,705.31
2023-01-12,1,1,912.57
2023-01-13,1,1,604.09
2023-01-14,1,1,781.67
2023-01-15,1,1,814.5
2023-01-16,1,1,469.45
2023-01-17,1,1,635.06
2023-01-18,1,1,611.37
2023-01-19,1,1,706.01
2023-01-20,1,1,726.35
2023-01-21,1,1,1151.82
2023-01-22,1,1,1027.74
2023-01-23,1,1,632.51
2023-01-24,1,1,599.55
2023-01-25,1,1,744.59
2023-01-26,1,1,556.5
2023-01-27,1,1,885.2
2023-01-28,1,1,1063.23
2023-01-29,1,1,840.43
2023-01-30,1,1,517.09
2023-01-31,1,1,837.85
2023-02-01,1,1,730.53
2023-02-02,1,1,881.94
2023-02-03,1,1,566.34
2023-02-04,1,1,881.31
2023-02-05,1,1,969.82
2023-02-06,1,1,751.22
2023-02-07,1,1,696.1
2023-02-08,1,1,816.82
2023-02-09,1,1,627.84
2023-02-10,1,1,732.12
2023-02-11,1,1,990.77
2023-02-12,1,1,1049.06
2023-02-13,1,1,829.71
2023-02-14,1,1,623.66
2023-02-15,1,1,577.99
2023-02-16,1,1,895.27
2023-02-17,1,1,789.3
2023-02-18,1,1,868.25
2023-02-19,1,1,1206.48
2023-02-20,1,1,766.49
2023-02-21,1,1,887.32
2023-02-22,1,1,762.12
2023-02-23,1,1,988.4
2023-02-24,1,1,954.48
2023-02-25,1,1,946.2
2023-02-26,1,1,1126.94
2023-02-27,1,1,830.44
2023-02-28,1,1,913.22
2023-03-01,1,1,663.28
2023-03-02,1,1,855.93
2023-03-03,1,1,899.91
2023-03-04,1,1,743.78
2023-03-05,1,1,831.57
2023-03-06,1,1,540.19
2023-03-07,1,1,747.32
2023-03-08,1,1,863.22
2023-03-09,1,1,955.63
2023-03-10,1,1,789.1
2023-03-11,1,1,1263.28
2023-03-12,1,1,805.65
2023-03-13,1,1,582.24
2023-03-14,1,1,776.09
2023-03-15,1,1,828.27
2023-03-16,1,1,779.85
2023-03-17,1,1,541.03
2023-03-18,1,1,1006.58
2023-03-19,1,1,821.16
2023-03-20,1,1,864.82
2023-03-21,1,1,829.66
2023-03-22,1,1,676.02
2023-03-23,1,1,726.81
2023-03-24,1,1,662.84
2023-03-25,1,1,1015.54
2023-03-26,1,1,1172.86
2023-03-27,1,1,672.92
2023-03-28,1,1,849.98
2023-03-29,1,1,727.88
2023-03-30,1,1,697.21
2023-03-31,1,1,779.15
2023-04-01,1,1,850.74
2023-04-02,1,1,924.12
2023-04-03,1,1,636.39
2023-04-04,1,1,1005.1
2023-04-05,1,1,780.95
2023-04-06,1,1,695.78
2023-04-07,1,1,802.88
2023-04-08,1,1,994.92
2023-04-09,1,1,979.1
2023-04-10,1,1,851.32
2023-04-11,1,1,868.67
2023-04-12,1,1,718.46
2023-04-13,1,1,713.64
2023-04-14,1,1,749.39
2023-04-15,1,1,665.72
2023-04-16,1,1,786.25
2023-04-17,1,1,943.82
2023-04-18,1,1,977.16
2023-04-19,1,1,755.0
2023-04-20,1,1,852.71
2023-04-21,1,1,822.03
2023-04-22,1,1,1493.5
2023-04-23,1,1,1194.05
2023-04-24,1,1,771.86
2023-04-25,1,1,674.62
2023-04-26,1,1,598.14
2023-04-27,1,1,812.63
2023-04-28,1,1,699.57
2023-04-29,1,1,807.52
2023-04-30,1,1,927.58
2023-05-01,1,1,621.08
2023-05-02,1,1,929.59
2023-05-03,1,1,840.52
2023-05-04,1,1,741.96
2023-05-05,1,1,908.37
2023-05-06,1,1,978.22
2023-05-07,1,1,842.64
2023-05-08,1,1,915.02
2023-05-09,1,1,805.6
2023-05-10,1,1,629.8
2023-05-11,1,1,725.04
2023-05-12,1,1,648.75
2023-05-13,1,1,770.03
2023-05-14,1,1,1107.26
2023-05-15,1,1,962.68
2023-05-16,1,1,591.74
2023-05-17,1,1,812.62
2023-05-18,1,1,676.66
2023-05-19,1,1,695.51
2023-05-20,1,1,889.35
2023-05-21,1,1,850.15
2023-05-22,1,1,757.31
2023-05-23,1,1,658.56
2023-05-24,1,1,783.38
2023-05-25,1,1,747.66
2023-05-26,1,1,726.81
2023-05-27,1,1,847.13
2023-05-28,1,1,896.38
2023-05-29,1,1,840.92
2023-05-30,1,1,812.62
2023-05-31,1,1,645.43
2023-06-01,1,1,698.28
2023-06-02,1,1,766.08
2023-06-03,1,1,671.34
2023-06-04,1,1,969.25
2023-06-05,1,1,621.27
2023-06-06,1,1,749.38
2023-06-07,1,1,611.67
2023-06-08,1,1,504.07
2023-06-09,1,1,522.8
2023-06-10,1,1,906.23
2023-06-11,1,1,935.41
2023-06-12,1,1,599.01
2023-06-13,1,1,759.9
2023-06-14,1,1,520.98
2023-06-15,1,1,687.5
2023-06-16,1,1,568.61
2023-06-17,1,1,815.5
2023-06-18,1,1,910.89
2023-06-19,1,1,606.34
2023-06-20,1,1,656.46
2023-06-21,1,1,802.33
2023-06-22,1,1,637.19
2023-06-23,1,1,785.51
2023-06-24,1,1,754.14
2023-06-25,1,1,980.8
2023-06-26,1,1,850.6
2023-06-27,1,1,440.37
2023-06-28,1,1,616.57
2023-06-29,1,1,761.39
2023-06-30,1,1,679.83
2023-07-01,1,1,866.62
2023-07-02,1,1,747.03
2023-07-03,1,1,640.51
2023-07-04,1,1,617.93
2023-07-05,1,1,744.01
2023-07-06,1,1,657.7
2023-07-07,1,1,666.03
2023-07-08,1,1,773.69
2023-07-09,1,1,764.81
2023-07-10,1,1,593.94
2023-07-11,1,1,673.17
2023-07-12,1,1,595.81
2023-07-13,1,1,664.04
2023-07-14,1,1,835.02
2023-07-15,1,1,936.59
2023-07-16,1,1,788.35
2023-07-17,1,1,752.97
2023-07-18,1,1,599.34
2023-07-19,1,1,443.53
2023-07-20,1,1,542.58
2023-07-21,1,1,460.15
2023-07-22,1,1,788.2
2023-07-23,1,1,834.9
2023-07-24,1,1,802.03
2023-07-25,1,1,672.73
2023-07-26,1,1,620.6
2023-07-27,1,1,721.98
2023-07-28,1,1,429.41
2023-07-29,1,1,865.33
2023-07-30,1,1,933.02
2023-07-31,1,1,500.96
2023-08-01,1,1,693.27
2023-08-02,1,1,622.18
2023-08-03,1,1,555.59
2023-08-04,1,1,649.14
2023-08-05,1,1,1033.9
2023-08-06,1,1,792.76
2023-08-07,1,1,616.11
2023-08-08,1,1,553.42
2023-08-09,1,1,518.93
2023-08-10,1,1,669.24
2023-08-11,1,1,519.03
2023-08-12,1,1,782.95
2023-08-13,1,1,719.59
2023-08-14,1,1,639.49
2023-08-15,1,1,626.88
2023-08-16,1,1,690.34
2023-08-17,1,1,552.02
2023-08-18,1,1,573.91
2023-08-19,1,1,663.82
2023-08-20,1,1,726.65
2023-08-21,1,1,633.16
2023-08-22,1,1,667.71
2023-08-23,1,1,517.01
2023-08-24,1,1,678.69
2023-08-25,1,1,722.91
2023-08-26,1,1,829.93
2023-08-27,1,1,1002.09
2023-08-28,1,1,532.02
2023-08-29,1,1,489.81
2023-08-30,1,1,441.84
2023-08-31,1,1,738.32
2023-09-01,1,1,641.13
2023-09-02,1,1,753.11
2023-09-03,1,1,791.83
2023-09-04,1,1,486.17
2023-09-05,1,1,799.99
2023-09-06,1,1,596.99
2023-09-07,1,1,595.62
2023-09-08,1,1,650.2
2023-09-09,1,1,817.78
2023-09-10,1,1,788.85
2023-09-11,1,1,517.8
2023-09-12,1,1,629.39
2023-09-13,1,1,754.23
2023-09-14,1,1,707.32
2023-09-15,1,1,729.64
2023-09-16,1,1,707.31
2023-09-17,1,1,652.74
2023-09-18,1,1,578.86
2023-09-19,1,1,595.29
2023-09-20,1,1,687.68
2023-09-21,1,1,441.03
2023-09-22,1,1,727.14
2023-09-23,1,1,751.12
2023-09-24,1,1,720.53
2023-09-25,1,1,502.58
2023-09-26,1,1,445.73
2023-09-27,1,1,666.52
2023-09-28,1,1,600.15
2023-09-29,1,1,479.06
2023-09-30,1,1,622.56
2023-10-01,1,1,758.78
2023-10-02,1,1,768.98
2023-10-03,1,1,591.42
2023-10-04,1,1,476.92
2023-10-05,1,1,593.42
2023-10-06,1,1,591.29
2023-10-07,1,1,477.54
2023-10-08,1,1,795.9
2023-10-09,1,1,596.24
2023-10-10,1,1,682.55
2023-10-11,1,1,789.89
2023-10-12,1,1,723.32
2023-10-13,1,1,594.17
2023-10-14,1,1,671.69
2023-10-15,1,1,1116.92
2023-10-16,1,1,625.77
2023-10-17,1,1,621.93
2023-10-18,1,1,618.77
2023-10-19,1,1,639.85
2023-10-20,1,1,608.3
2023-10-21,1,1,739.19
2023-10-22,1,1,742.89
2023-10-23,1,1,619.83
2023-10-24,1,1,572.46
2023-10-25,1,1,556.96
2023-10-26,1,1,633.98
2023-10-27,1,1,600.51
2023-10-28,1,1,995.43
2023-10-29,1,1,489.52
2023-10-30,1,1,727.93
2023-10-31,1,1,742.88
2023-11-01,1,1,469.7
2023-11-02,1,1,647.06
2023-11-03,1,1,644.51
2023-11-04,1,1,700.38
2023-11-05,1,1,784.71
2023-11-06,1,1,569.85
2023-11-07,1,1,863.99
2023-11-08,1,1,780.66
2023-11-09,1,1,815.63
2023-11-10,1,1,759.59
2023-11-11,1,1,740.55
2023-11-12,1,1,821.89
2023-11-13,1,1,737.02
2023-11-14,1,1,561.08
2023-11-15,1,1,760.96
2023-11-16,1,1,663.05
2023-11-17,1,1,649.56
2023-11-18,1,1,990.73
2023-11-19,1,1,955.48
2023-11-20,1,1,652.15
2023-11-21,1,1,809.86
2023-11-22,1,1,578.36
2023-11-23,1,1,754.52
2023-11-24,1,1,752.6
2023-11-25,1,1,857.23
2023-11-26,1,1,943.51
2023-11-27,1,1,562.41
2023-11-28,1,1,788.76
2023-11-29,1,1,673.93
2023-11-30,1,1,639.18
2023-12-01,1,1,892.41
2023-12-02,1,1,897.02
2023-12-03,1,1,791.56
2023-12-04,1,1,592.08
2023-12-05,1,1,843.15
2023-12-06,1,1,624.82
2023-12-07,1,1,977.48
2023-12-08,1,1,532.46
2023-12-09,1,1,1263.4
2023-12-10,1,1,1039.61
2023-12-11,1,1,764.36
2023-12-12,1,1,712.64
2023-12-13,1,1,823.02
2023-12-14,1,1,772.59
2023-12-15,1,1,906.09
2023-12-16,1,1,1028.58
2023-12-17,1,1,1034.65
2023-12-18,1,1,736.32
2023-12-19,1,1,772.59
2023-12-20,1,1,815.7
2023-12-21,1,1,580.03
2023-12-22,1,1,622.75
2023-12-23,1,1,1128.59
2023-12-24,1,1,1042.01
2023-12-25,1,1,760.39
2023-12-26,1,1,784.59
2023-12-27,1,1,823.7
2023-12-28,1,1,719.91
2023-12-29,1,1,692.28
2023-12-30,1,1,1049.46
2023-12-31,1,1,870.4
2022-01-01,1,2,306.24
2022-01-02,1,2,261.02
2022-01-03,1,2,168.68
2022-01-04,1,2,195.99
2022-01-05,1,2,226.01
2022-01-06,1,2,224.87
2022-01-07,1,2,154.75
2022-01-08,1,2,255.21
2022-01-09,1,2,231.67
2022-01-10,1,2,204.83
2022-01-11,1,2,193.42
2022-01-12,1,2,118.0
2022-01-13,1,2,173.7
2022-01-14,1,2,188.91
2022-01-15,1,2,187.35
2022-01-16,1,2,259.77
2022-01-17,1,2,141.93
2022-01-18,1,2,162.11
2022-01-19,1,2,221.44
2022-01-20,1,2,160.07
2022-01-21,1,2,200.61
2022-01-22,1,2,177.14
2022-01-23,1,2,315.71
2022-01-24,1,2,176.79
2022-01-25,1,2,188.09
2022-01-26,1,2,190.6
2022-01-27,1,2,202.73
2022-01-28,1,2,143.6
2022-01-29,1,2,241.81
2022-01-30,1,2,218.31
2022-01-31,1,2,139.25
2022-02-01,1,2,228.61
2022-02-02,1,2,188.79
2022-02-03,1,2,206.77
2022-02-04,1,2,205.1
2022-02-05,1,2,246.82
2022-02-06,1,2,337.18
2022-02-07,1,2,198.87
2022-02-08,1,2,153.63
2022-02-09,1,2,188.62
2022-02-10,1,2,215.92
2022-02-11,1,2,217.12
2022-02-12,1,2,218.94
2022-02-13,1,2,298.39
2022-02-14,1,2,148.32
2022-02-15,1,2,236.47
2022-02-16,1,2,162.04
2022-02-17,1,2,195.36
2022-02-18,1,2,234.73
2022-02-19,1,2,268.11
2022-02-20,1,2,295.93
2022-02-21,1,2,221.83
2022-02-22,1,2,242.39
2022-02-23,1,2,235.78
2022-02-24,1,2,189.72
2022-02-25,1,2,223.11
2022-02-26,1,2,204.43
2022-02-27,1,2,263.09
2022-02-28,1,2,229.43
2022-03-01,1,2,213.41
2022-03-02,1,2,223.43
2022-03-03,1,2,202.9
2022-03-04,1,2,245.33
2022-03-05,1,2,269.7
2022-03-06,1,2,254.18
2022-03-07,1,2,238.37
2022-03-08,1,2,166.2
2022-03-09,1,2,226.63
2022-03-10,1,2,177.99
2022-03-11,1,2,251.66
2022-03-12,1,2,264.04
2022-03-13,1,2,280.62
2022-03-14,1,2,224.88
2022-03-15,1,2,150.62
2022-03-16,1,2,191.47
2022-03-17,1,2,245.61
2022-03-18,1,2,240.23
2022-03-19,1,2,288.34
2022-03-20,1,2,220.81
2022-03-21,1,2,231.88
2022-03-22,1,2,236.19
2022-03-23,1,2,215.06
2022-03-24,1,2,252.97
2022-03-25,1,2,192.02
2022-03-26,1,2,257.1
2022-03-27,1,2,174.8
2022-03-28,1,2,244.14
2022-03-29,1,2,224.85
2022-03-30,1,2,160.71
2022-03-31,1,2,158.38
2022-04-01,1,2,182.97
2022-04-02,1,2,306.54
2022-04-03,1,2,261.83
2022-04-04,1,2,185.62
2022-04-05,1,2,179.41
2022-04-06,1,2,178.15
2022-04-07,1,2,150.28
2022-04-08,1,2,173.5
2022-04-09,1,2,231.42
2022-04-10,1,2,304.19
2022-04-11,1,2,207.17
2022-04-12,1,2,186.31
2022-04-13,1,2,286.58
2022-04-14,1,2,191.82
2022-04-15,1,2,250.56
2022-04-16,1,2,344.91
2022-04-17,1,2,212.3
2022-04-18,1,2,216.18
2022-04-19,1,2,197.39
2022-04-20,1,2,194.95
2022-04-21,1,2,232.25
2022-04-22,1,2,194.53
2022-04-23,1,2,258.43
2022-04-24,1,2,272.41
2022-04-25,1,2,203.11
2022-04-26,1,2,177.44
2022-04-27,1,2,241.28
2022-04-28,1,2,249.67
2022-04-29,1,2,227.06
2022-04-30,1,2,265.09
2022-05-01,1,2,235.78
2022-05-02,1,2,181.58
2022-05-03,1,2,275.03
2022-05-04,1,2,231.97
2022-05-05,1,2,177.89
2022-05-06,1,2,208.76
2022-05-07,1,2,250.66
2022-05-08,1,2,288.55
2022-05-09,1,2,220.92
2022-05-10,1,2,237.68
2022-05-11,1,2,178.52
2022-05-12,1,2,208.03
2022-05-13,1,2,151.23
2022-05-14,1,2,216.42
2022-05-15,1,2,302.37
2022-05-16,1,2,176.23
2022-05-17,1,2,179.77
2022-05-18,1,2,205.64
2022-05-19,1,2,227.56
2022-05-20,1,2,173.44
2022-05-21,1,2,128.25
2022-05-22,1,2,233.55
2022-05-23,1,2,244.2
2022-05-24,1,2,217.64
2022-05-25,1,2,248.31
2022-05-26,1,2,172.15
2022-05-27,1,2,156.5
2022-05-28,1,2,288.76
2022-05-29,1,2,279.99
2022-05-30,1,2,217.61
2022-05-31,1,2,237.4
2022-06-01,1,2,201.47
2022-06-02,1,2,201.19
2022-06-03,1,2,210.17
2022-06-04,1,2,265.59
2022-06-05,1,2,278.98
2022-06-06,1,2,219.1
2022-06-07,1,2,234.23
2022-06-08,1,2,172.07
2022-06-09,1,2,204.56
2022-06-10,1,2,180.36
2022-06-11,1,2,217.4
2022-06-12,1,2,222.96
2022-06-13,1,2,205.68
2022-06-14,1,2,203.65
2022-06-15,1,2,203.31
2022-06-16,1,2,185.46
2022-06-17,1,2,192.22
2022-06-18,1,2,280.63
2022-06-19,1,2,194.29
2022-06-20,1,2,193.33
2022-06-21,1,2,195.38
2022-06-22,1,2,214.74
2022-06-23,1,2,154.0
2022-06-24,1,2,236.62
2022-06-25,1,2,259.53
2022-06-26,1,2,261.75
2022-06-27,1,2,182.1
2022-06-28,1,2,209.58
2022-06-29,1,2,195.49
2022-06-30,1,2,229.49
2022-07-01,1,2,137.15
2022-07-02,1,2,233.66
2022-07-03,1,2,241.82
2022-07-04,1,2,170.52
2022-07-05,1,2,164.92
2022-07-06,1,2,166.16
2022-07-07,1,2,180.48
2022-07-08,1,2,128.23
2022-07-09,1,2,262.17
2022-07-10,1,2,212.7
2022-07-11,1,2,179.85
2022-07-12,1,2,186.34
2022-07-13,1,2,162.82
2022-07-14,1,2,173.43
2022-07-15,1,2,123.0
2022-07-16,1,2,255.66
2022-07-17,1,2,267.91
2022-07-18,1,2,132.21
2022-07-19,1,2,166.82
2022-07-20,1,2,145.0
2022-07-21,1,2,173.2
2022-07-22,1,2,195.42
2022-07-23,1,2,266.03
2022-07-24,1,2,270.93
2022-07-25,1,2,213.63
2022-07-26,1,2,172.72
2022-07-27,1,2,148.07
2022-07-28,1,2,175.91
2022-07-29,1,2,196.15
2022-07-30,1,2,190.16
2022-07-31,1,2,291.34
2022-08-01,1,2,187.19
2022-08-02,1,2,159.99
2022-08-03,1,2,147.62
2022-08-04,1,2,148.78
2022-08-05,1,2,167.36
2022-08-06,1,2,207.93
2022-08-07,1,2,246.25
2022-08-08,1,2,157.39
2022-08-09,1,2,178.65
2022-08-10,1,2,165.47
2022-08-11,1,2,173.06
2022-08-12,1,2,160.72
2022-08-13,1,2,239.57
2022-08-14,1,2,240.25
2022-08-15,1,2,178.39
2022-08-16,1,2,182.23
2022-08-17,1,2,143.47
2022-08-18,1,2,175.39
2022-08-19,1,2,198.79
2022-08-20,1,2,233.88
2022-08-21,1,2,184.29
2022-08-22,1,2,166.57
2022-08-23,1,2,177.41
2022-08-24,1,2,149.0
2022-08-25,1,2,133.96
2022-08-26,1,2,160.39
2022-08-27,1,2,194.72
2022-08-28,1,2,218.77
2022-08-29,1,2,128.49
2022-08-30,1,2,183.22
2022-08-31,1,2,152.96
2022-09-01,1,2,188.16
2022-09-02,1,2,157.03
2022-09-03,1,2,212.35
2022-09-04,1,2,207.79
2022-09-05,1,2,147.28
2022-09-06,1,2,225.32
2022-09-07,1,2,152.26
2022-09-08,1,2,189.9
2022-09-09,1,2,137.73
2022-09-10,1,2,226.32
2022-09-11,1,2,229.94
2022-09-12,1,2,164.55
2022-09-13,1,2,151.13
2022-09-14,1,2,158.88
2022-09-15,1,2,155.53
2022-09-16,1,2,225.38
2022-09-17,1,2,214.82
2022-09-18,1,2,232.71
2022-09-19,1,2,210.46
2022-09-20,1,2,144.36
2022-09-21,1,2,167.28
2022-09-22,1,2,159.75
2022-09-23,1,2,164.45
2022-09-24,1,2,210.93
2022-09-25,1,2,193.11
2022-09-26,1,2,171.89
2022-09-27,1,2,140.49
2022-09-28,1,2,192.07
2022-09-29,1,2,183.04
2022-09-30,1,2,155.12
2022-10-01,1,2,210.22
2022-10-02,1,2,234.75
2022-10-03,1,2,152.76
2022-10-04,1,2,220.89
2022-10-05,1,2,183.15
2022-10-06,1,2,184.21
2022-10-07,1,2,191.88
2022-10-08,1,2,206.8
2022-10-09,1,2,263.69
2022-10-10,1,2,177.49
2022-10-11,1,2,199.52
2022-10-12,1,2,169.58
2022-10-13,1,2,209.46
2022-10-14,1,2,185.58
2022-10-15,1,2,302.28
2022-10-16,1,2,215.27
2022-10-17,1,2,180.83
2022-10-18,1,2,148.42
2022-10-19,1,2,161.77
2022-10-20,1,2,192.18
2022-10-21,1,2,205.81
2022-10-22,1,2,330.8
2022-10-23,1,2,225.82
2022-10-24,1,2,151.71
2022-10-25,1,2,196.49
2022-10-26,1,2,146.79
2022-10-27,1,2,191.78
2022-10-28,1,2,163.62
2022-10-29,1,2,237.51
2022-10-30,1,2,268.09
2022-10-31,1,2,174.41
2022-11-01,1,2,220.24
2022-11-02,1,2,218.68
2022-11-03,1,2,139.39
2022-11-04,1,2,167.46
2022-11-05,1,2,192.92
2022-11-06,1,2,327.84
2022-11-07,1,2,191.03
2022-11-08,1,2,246.13
2022-11-09,1,2,146.78
2022-11-10,1,2,177.83
2022-11-11,1,2,218.06
2022-11-12,1,2,260.1
2022-11-13,1,2,273.74
2022-11-14,1,2,158.43
2022-11-15,1,2,235.61
2022-11-16,1,2,218.21
2022-11-17,1,2,207.36
2022-11-18,1,2,175.6
2022-11-19,1,2,267.0
2022-11-20,1,2,243.69
2022-11-21,1,2,147.6
2022-11-22,1,2,194.83
2022-11-23,1,2,191.85
2022-11-24,1,2,227.95
2022-11-25,1,2,130.81
2022-11-26,1,2,265.01
2022-11-27,1,2,211.77
2022-11-28,1,2,206.65
2022-11-29,1,2,208.43
2022-11-30,1,2,194.93
2022-12-01,1,2,246.21
2022-12-02,1,2,178.71
2022-12-03,1,2,333.43
2022-12-04,1,2,255.75
2022-12-05,1,2,168.86
2022-12-06,1,2,211.43
2022-12-07,1,2,151.27
2022-12-08,1,2,229.18
2022-12-09,1,2,212.34
2022-12-10,1,2,340.61
2022-12-11,1,2,315.63
2022-12-12,1,2,175.19
2022-12-13,1,2,193.72
2022-12-14,1,2,239.07
2022-12-15,1,2,250.11
2022-12-16,1,2,262.81
2022-12-17,1,2,341.55
2022-12-18,1,2,285.25
2022-12-19,1,2,234.68
2022-12-20,1,2,266.13
2022-12-21,1,2,212.76
2022-12-22,1,2,235.77
2022-12-23,1,2,212.29
2022-12-24,1,2,266.42
2022-12-25,1,2,292.74
2022-12-26,1,2,200.65
2022-12-27,1,2,219.5
2022-12-28,1,2,189.27
2022-12-29,1,2,217.83
2022-12-30,1,2,239.48
2022-12-31,1,2,266.14
2023-01-01,1,2,321.79
2023-01-02,1,2,252.54
2023-01-03,1,2,264.35
2023-01-04,1,2,242.77
2023-01-05,1,2,288.29
2023-01-06,1,2,169.91
2023-01-07,1,2,464.98
2023-01-08,1,2,280.79
2023-01-09,1,2,263.68
2023-01-10,1,2,213.79
2023-01-11,1,2,273.06
2023-01-12,1,2,259.52
2023-01-13,1,2,225.02
2023-01-14,1,2,376.62
2023-01-15,1,2,316.65
2023-01-16,1,2,270.42
2023-01-17,1,2,215.68
2023-01-18,1,2,249.11
2023-01-19,1,2,325.71
2023-01-20,1,2,286.83
2023-01-21,1,2,341.1
2023-01-22,1,2,304.32
2023-01-23,1,2,253.71
2023-01-24,1,2,258.8
2023-01-25,1,2,268.48
2023-01-26,1,2,211.06
2023-01-27,1,2,277.15
2023-01-28,1,2,274.14
2023-01-29,1,2,408.17
2023-01-30,1,2,223.22
2023-01-31,1,2,263.86
2023-02-01,1,2,310.28
2023-02-02,1,2,259.6
2023-02-03,1,2,283.81
2023-02-04,1,2,426.88
2023-02-05,1,2,381.28
2023-02-06,1,2,285.02
2023-02-07,1,2,202.35
2023-02-08,1,2,233.02
2023-02-09,1,2,313.75
2023-02-10,1,2,294.56
2023-02-11,1,2,391.23
2023-02-12,1,2,386.94
2023-02-13,1,2,324.55
2023-02-14,1,2,261.47
2023-02-15,1,2,277.25
2023-02-16,1,2,230.47
2023-02-17,1,2,220.43
2023-02-18,1,2,267.31
2023-02-19,1,2,307.89
2023-02-20,1,2,336.94
2023-02-21,1,2,209.79
2023-02-22,1,2,261.22
2023-02-23,1,2,220.75
2023-02-24,1,2,249.36
2023-02-25,1,2,365.61
2023-02-26,1,2,319.32
2023-02-27,1,2,319.54
2023-02-28,1,2,338.08
2023-03-01,1,2,186.41
2023-03-02,1,2,252.67
2023-03-03,1,2,284.21
2023-03-04,1,2,428.38
2023-03-05,1,2,341.75
2023-03-06,1,2,281.46
2023-03-07,1,2,233.48
2023-03-08,1,2,217.7
2023-03-09,1,2,344.23
2023-03-10,1,2,205.64
2023-03-11,1,2,496.91
2023-03-12,1,2,408.62
2023-03-13,1,2,312.62
2023-03-14,1,2,308.39
2023-03-15,1,2,273.31
2023-03-16,1,2,301.0
2023-03-17,1,2,276.41
2023-03-18,1,2,400.78
2023-03-19,1,2,368.46
2023-03-20,1,2,244.43
2023-03-21,1,2,248.01
2023-03-22,1,2,243.32
2023-03-23,1,2,327.26
2023-03-24,1,2,259.38
2023-03-25,1,2,265.21
2023-03-26,1,2,394.28
2023-03-27,1,2,351.53
2023-03-28,1,2,319.89
2023-03-29,1,2,260.89
2023-03-30,1,2,218.72
2023-03-31,1,2,281.46
2023-04-01,1,2,356.6
2023-04-02,1,2,312.43
2023-04-03,1,2,304.67
2023-04-04,1,2,359.6
2023-04-05,1,2,291.19
2023-04-06,1,2,288.77
2023-04-07,1,2,242.51
2023-04-08,1,2,444.03
2023-04-09,1,2,363.19
2023-04-10,1,2,258.2
2023-04-11,1,2,285.65
2023-04-12,1,2,303.19
2023-04-13,1,2,289.25
2023-04-14,1,2,334.83
2023-04-15,1,2,390.08
2023-04-16,1,2,353.37
2023-04-17,1,2,301.21
2023-04-18,1,2,305.61
2023-04-19,1,2,229.17
2023-04-20,1,2,333.77
2023-04-21,1,2,272.02
2023-04-22,1,2,355.29
2023-04-23,1,2,412.65
2023-04-24,1,2,317.46
2023-04-25,1,2,255.63
2023-04-26,1,2,320.27
2023-04-27,1,2,261.99
2023-04-28,1,2,364.36
2023-04-29,1,2,326.1
2023-04-30,1,2,385.99
2023-05-01,1,2,237.37
2023-05-02,1,2,358.82
2023-05-03,1,2,219.28
2023-05-04,1,2,290.66
2023-05-05,1,2,239.92
2023-05-06,1,2,332.14
2023-05-07,1,2,374.88
2023-05-08,1,2,319.82
2023-05-09,1,2,336.2
2023-05-10,1,2,208.17
2023-05-11,1,2,281.6
2023-05-12,1,2,330.22
2023-05-13,1,2,263.33
2023-05-14,1,2,369.28
2023-05-15,1,2,271.37
2023-05-16,1,2,288.52
2023-05-17,1,2,240.33
2023-05-18,1,2,213.42
2023-05-19,1,2,194.07
2023-05-20,1,2,405.92
2023-05-21,1,2,412.98
2023-05-22,1,2,285.1
2023-05-23,1,2,251.04
2023-05-24,1,2,206.6
2023-05-25,1,2,296.36
2023-05-26,1,2,228.29
2023-05-27,1,2,317.76
2023-05-28,1,2,324.63
2023-05-29,1,2,265.87
2023-05-30,1,2,242.95
2023-05-31,1,2,275.73
2023-06-01,1,2,226.3
2023-06-02,1,2,276.01
2023-06-03,1,2,375.12
2023-06-04,1,2,330.38
2023-06-05,1,2,267.6
2023-06-06,1,2,329.94
2023-06-07,1,2,206.49
2023-06-08,1,2,204.34
2023-06-09,1,2,277.05
2023-06-10,1,2,421.67
2023-06-11,1,2,313.83
2023-06-12,1,2,316.5
2023-06-13,1,2,255.19
2023-06-14,1,2,226.01
2023-06-15,1,2,214.45
2023-06-16,1,2,275.84
2023-06-17,1,2,282.87
2023-06-18,1,2,332.08
2023-06-19,1,2,312.52
2023-06-20,1,2,241.07
2023-06-21,1,2,302.71
2023-06-22,1,2,206.93
2023-06-23,1,2,232.92
2023-06-24,1,2,259.85
2023-06-25,1,2,333.19
2023-06-26,1,2,283.37
2023-06-27,1,2,256.72
2023-06-28,1,2,300.77
2023-06-29,1,2,225.62
2023-06-30,1,2,262.95
2023-07-01,1,2,274.22
2023-07-02,1,2,314.14
2023-07-03,1,2,246.69
2023-07-04,1,2,249.56
2023-07-05,1,2,192.77
2023-07-06,1,2,199.13
2023-07-07,1,2,205.66
2023-07-08,1,2,288.41
2023-07-09,1,2,303.24
2023-07-10,1,2,254.87
2023-07-11,1,2,201.21
2023-07-12,1,2,175.29
2023-07-13,1,2,305.48
2023-07-14,1,2,191.78
2023-07-15,1,2,338.17
2023-07-16,1,2,302.08
2023-07-17,1,2,240.16
2023-07-18,1,2,231.53
2023-07-19,1,2,218.35
2023-07-20,1,2,248.01
2023-07-21,1,2,216.76
2023-07-22,1,2,354.63
2023-07-23,1,2,327.77
2023-07-24,1,2,253.38
2023-07-25,1,2,214.92
2023-07-26,1,2,224.51
2023-07-27,1,2,191.41
2023-07-28,1,2,220.72
2023-07-29,1,2,256.03
2023-07-30,1,2,363.12
2023-07-31,1,2,235.28
2023-08-01,1,2,220.14
2023-08-02,1,2,207.53
2023-08-03,1,2,221.29
2023-08-04,1,2,294.57
2023-08-05,1,2,267.16
2023-08-06,1,2,252.62
2023-08-07,1,2,232.59
2023-08-08,1,2,133.92
2023-08-09,1,2,217.81
2023-08-10,1,2,203.84
2023-08-11,1,2,183.86
2023-08-12,1,2,302.39
2023-08-13,1,2,283.44
2023-08-14,1,2,157.91
2023-08-15,1,2,195.55
2023-08-16,1,2,122.81
2023-08-17,1,2,226.37
2023-08-18,1,2,226.18
2023-08-19,1,2,248.65
2023-08-20,1,2,305.29
2023-08-21,1,2,175.55
2023-08-22,1,2,185.97
2023-08-23,1,2,231.26
2023-08-24,1,2,195.28
2023-08-25,1,2,215.87
2023-08-26,1,2,259.5
2023-08-27,1,2,266.16
2023-08-28,1,2,206.3
2023-08-29,1,2,195.3
2023-08-30,1,2,228.51
2023-08-31,1,2,198.13
2023-09-01,1,2,212.27
2023-09-02,1,2,245.37
2023-09-03,1,2,212.21
2023-09-04,1,2,241.21
2023-09-05,1,2,228.21
2023-09-06,1,2,285.36
2023-09-07,1,2,179.28
2023-09-08,1,2,206.03
2023-09-09,1,2,271.34
2023-09-10,1,2,317.94
2023-09-11,1,2,196.88
2023-09-12,1,2,175.77
2023-09-13,1,2,252.01
2023-09-14,1,2,203.35
2023-09-15,1,2,241.77
2023-09-16,1,2,309.65
2023-09-17,1,2,276.8
2023-09-18,1,2,208.42
2023-09-19,1,2,201.57
2023-09-20,1,2,213.79
2023-09-21,1,2,242.17
2023-09-22,1,2,188.91
2023-09-23,1,2,283.63
2023-09-24,1,2,232.39
2023-09-25,1,2,182.89
2023-09-26,1,2,214.07
2023-09-27,1,2,151.93
2023-09-28,1,2,281.89
2023-09-29,1,2,176.9
2023-09-30,1,2,278.59
2023-10-01,1,2,340.63
2023-10-02,1,2,194.21
2023-10-03,1,2,146.12
2023-10-04,1,2,208.45
2023-10-05,1,2,194.17
2023-10-06,1,2,147.27
2023-10-07,1,2,303.33
2023-10-08,1,2,300.12
2023-10-09,1,2,262.43
2023-10-10,1,2,186.49
2023-10-11,1,2,170.51
2023-10-12,1,2,210.76
2023-10-13,1,2,221.61
2023-10-14,1,2,332.51
2023-10-15,1,2,354.16
2023-10-16,1,2,265.98
2023-10-17,1,2,234.47
2023-10-18,1,2,252.28
2023-10-19,1,2,203.75
2023-10-20,1,2,231.24
2023-10-21,1,2,240.95
2023-10-22,1,2,296.31
2023-10-23,1,2,228.95
2023-10-24,1,2,284.48
2023-10-25,1,2,218.45
2023-10-26,1,2,229.41
2023-10-27,1,2,234.54
2023-10-28,1,2,274.52
2023-10-29,1,2,259.31
2023-10-30,1,2,271.1
2023-10-31,1,2,193.63
2023-11-01,1,2,198.03
2023-11-02,1,2,272.68
2023-11-03,1,2,290.58
2023-11-04,1,2,300.24
2023-11-05,1,2,301.16
2023-11-06,1,2,258.54
2023-11-07,1,2,221.82
2023-11-08,1,2,219.21
2023-11-09,1,2,281.25
2023-11-10,1,2,271.26
2023-11-11,1,2,387.0
2023-11-12,1,2,262.79
2023-11-13,1,2,230.29
2023-11-14,1,2,259.72
2023-11-15,1,2,214.74
2023-11-16,1,2,273.52
2023-11-17,1,2,295.52
2023-11-18,1,2,296.33
2023-11-19,1,2,326.82
2023-11-20,1,2,304.71
2023-11-21,1,2,317.79
2023-11-22,1,2,278.41
2023-11-23,1,2,272.85
2023-11-24,1,2,218.59
2023-11-25,1,2,343.66
2023-11-26,1,2,353.54
2023-11-27,1,2,243.21
2023-11-28,1,2,228.87
2023-11-29,1,2,203.11
2023-11-30,1,2,186.01
2023-12-01,1,2,197.98
2023-12-02,1,2,395.45
2023-12-03,1,2,372.1
2023-12-04,1,2,259.86
2023-12-05,1,2,266.42
2023-12-06,1,2,289.38
2023-12-07,1,2,273.76
2023-12-08,1,2,224.38
2023-12-09,1,2,415.35
2023-12-10,1,2,382.21
2023-12-11,1,2,292.57
2023-12-12,1,2,316.88
2023-12-13,1,2,247.3
2023-12-14,1,2,333.15
2023-12-15,1,2,276.08
2023-12-16,1,2,415.71
2023-12-17,1,2,407.47
2023-12-18,1,2,238.48
2023-12-19,1,2,303.99
2023-12-20,1,2,296.67
2023-12-21,1,2,284.28
2023-12-22,1,2,279.15
2023-12-23,1,2,363.57
2023-12-24,1,2,413.46
2023-12-25,1,2,308.24
2023-12-26,1,2,285.11
2023-12-27,1,2,220.43
2023-12-28,1,2,305.22
2023-12-29,1,2,315.17
2023-12-30,1,2,497.43
2023-12-31,1,2,429.72
2022-01-01,1,3,410.74
2022-01-02,1,3,278.9
2022-01-03,1,3,324.81
2022-01-04,1,3,308.83
2022-01-05,1,3,348.99
2022-01-06,1,3,322.26
2022-01-07,1,3,286.91
2022-01-08,1,3,311.26
2022-01-09,1,3,369.69
2022-01-10,1,3,256.38
2022-01-11,1,3,268.55
2022-01-12,1,3,320.45
2022-01-13,1,3,368.57
2022-01-14,1,3,312.5
2022-01-15,1,3,315.06
2022-01-16,1,3,409.93
2022-01-17,1,3,349.02
2022-01-18,1,3,269.11
2022-01-19,1,3,290.53
2022-01-20,1,3,297.44
2022-01-21,1,3,262.1
2022-01-22,1,3,424.17
2022-01-23,1,3,379.93
2022-01-24,1,3,316.7
2022-01-25,1,3,258.54
2022-01-26,1,3,278.94
2022-01-27,1,3,331.2
2022-01-28,1,3,282.39
2022-01-29,1,3,490.05
2022-01-30,1,3,366.25
2022-01-31,1,3,310.1
2022-02-01,1,3,365.06
2022-02-02,1,3,252.37
2022-02-03,1,3,236.13
2022-02-04,1,3,247.69
2022-02-05,1,3,497.11
2022-02-06,1,3,383.73
2022-02-07,1,3,445.74
2022-02-08,1,3,295.15
2022-02-09,1,3,331.68
2022-02-10,1,3,397.79
2022-02-11,1,3,420.67
2022-02-12,1,3,550.9
2022-02-13,1,3,497.53
2022-02-14,1,3,374.12
2022-02-15,1,3,353.46
2022-02-16,1,3,362.86
2022-02-17,1,3,298.34
2022-02-18,1,3,285.59
2022-02-19,1,3,423.4
2022-02-20,1,3,413.19
2022-02-21,1,3,304.28
2022-02-22,1,3,360.92
2022-02-23,1,3,373.97
2022-02-24,1,3,331.75
2022-02-25,1,3,400.35
2022-02-26,1,3,353.41
2022-02-27,1,3,414.44
2022-02-28,1,3,293.31
2022-03-01,1,3,242.27
2022-03-02,1,3,332.61
2022-03-03,1,3,330.95
2022-03-04,1,3,414.03
2022-03-05,1,3,480.61
2022-03-06,1,3,371.96
2022-03-07,1,3,432.49
2022-03-08,1,3,400.73
2022-03-09,1,3,368.62
2022-03-10,1,3,327.8
2022-03-11,1,3,290.77
2022-03-12,1,3,417.28
2022-03-13,1,3,514.62
2022-03-14,1,3,436.89
2022-03-15,1,3,419.84
2022-03-16,1,3,316.22
2022-03-17,1,3,284.2
2022-03-18,1,3,349.1
2022-03-19,1,3,326.85
2022-03-20,1,3,466.85
2022-03-21,1,3,335.24
2022-03-22,1,3,319.16
2022-03-23,1,3,261.31
2022-03-24,1,3,370.27
2022-03-25,1,3,316.6
2022-03-26,1,3,369.17
2022-03-27,1,3,255.07
2022-03-28,1,3,343.63
2022-03-29,1,3,437.18
2022-03-30,1,3,431.83
2022-03-31,1,3,322.28
2022-04-01,1,3,308.0
2022-04-02,1,3,471.55
2022-04-03,1,3,374.94
2022-04-04,1,3,354.89
2022-04-05,1,3,378.88
2022-04-06,1,3,402.74
2022-04-07,1,3,335.34
2022-04-08,1,3,330.35
2022-04-09,1,3,385.0
2022-04-10,1,3,388.76
2022-04-11,1,3,330.09
2022-04-12,1,3,360.85
2022-04-13,1,3,389.23
2022-04-14,1,3,301.35
2022-04-15,1,3,419.72
2022-04-16,1,3,428.08
2022-04-17,1,3,445.2
2022-04-18,1,3,305.33
2022-04-19,1,3,219.02
2022-04-20,1,3,390.17
2022-04-21,1,3,382.91
2022-04-22,1,3,330.55
2022-04-23,1,3,453.56
2022-04-24,1,3,484.24
2022-04-25,1,3,264.94
2022-04-26,1,3,318.87
2022-04-27,1,3,387.97
2022-04-28,1,3,281.7
2022-04-29,1,3,362.58
2022-04-30,1,3,359.93
2022-05-01,1,3,453.73
2022-05-02,1,3,324.75
2022-05-03,1,3,247.61
2022-05-04,1,3,384.22
2022-05-05,1,3,291.29
2022-05-06,1,3,287.83
2022-05-07,1,3,439.16
2022-05-08,1,3,500.23
2022-05-09,1,3,278.47
2022-05-10,1,3,331.86
2022-05-11,1,3,350.28
2022-05-12,1,3,363.65
2022-05-13,1,3,338.42
2022-05-14,1,3,405.37
2022-05-15,1,3,376.06
2022-05-16,1,3,334.84
2022-05-17,1,3,277.65
2022-05-18,1,3,186.04
2022-05-19,1,3,353.15
2022-05-20,1,3,376.71
2022-05-21,1,3,278.64
2022-05-22,1,3,366.58
2022-05-23,1,3,363.5
2022-05-24,1,3,435.64
2022-05-25,1,3,334.23
2022-05-26,1,3,297.07
2022-05-27,1,3,324.62
2022-05-28,1,3,523.85
2022-05-29,1,3,392.55
2022-05-30,1,3,294.53
2022-05-31,1,3,310.68
2022-06-01,1,3,261.17
2022-06-02,1,3,310.63
2022-06-03,1,3,379.68
2022-06-04,1,3,416.46
2022-06-05,1,3,382.51
2022-06-06,1,3,292.68
2022-06-07,1,3,234.51
2022-06-08,1,3,347.22
2022-06-09,1,3,303.29
2022-06-10,1,3,298.82
2022-06-11,1,3,591.03
2022-06-12,1,3,417.89
2022-06-13,1,3,273.21
2022-06-14,1,3,288.49
2022-06-15,1,3,361.6
2022-06-16,1,3,313.97
2022-06-17,1,3,242.33
2022-06-18,1,3,457.46
2022-06-19,1,3,362.05
2022-06-20,1,3,396.83
2022-06-21,1,3,360.28
2022-06-22,1,3,289.49
2022-06-23,1,3,370.26
2022-06-24,1,3,314.01
2022-06-25,1,3,456.17
2022-06-26,1,3,434.22
2022-06-27,1,3,272.07
2022-06-28,1,3,281.79
2022-06-29,1,3,360.4
2022-06-30,1,3,296.74
2022-07-01,1,3,264.39
2022-07-02,1,3,313.71
2022-07-03,1,3,389.76
2022-07-04,1,3,369.43
2022-07-05,1,3,237.16
2022-07-06,1,3,283.65
2022-07-07,1,3,342.78
2022-07-08,1,3,279.71
2022-07-09,1,3,393.33
2022-07-10,1,3,309.9
2022-07-11,1,3,302.04
2022-07-12,1,3,276.07
2022-07-13,1,3,326.32
2022-07-14,1,3,335.2
2022-07-15,1,3,395.38
2022-07-16,1,3,402.72
2022-07-17,1,3,388.93
2022-07-18,1,3,293.8
2022-07-19,1,3,270.58
2022-07-20,1,3,300.47
2022-07-21,1,3,273.51
2022-07-22,1,3,293.67
2022-07-23,1,3,446.32
2022-07-24,1,3,316.67
2022-07-25,1,3,336.24
2022-07-26,1,3,344.16
2022-07-27,1,3,282.53
2022-07-28,1,3,196.24
2022-07-29,1,3,261.83
2022-07-30,1,3,447.76
2022-07-31,1,3,373.86
2022-08-01,1,3,225.55
2022-08-02,1,3,245.44
2022-08-03,1,3,299.27
2022-08-04,1,3,287.79
2022-08-05,1,3,256.66
2022-08-06,1,3,327.29
2022-08-07,1,3,326.26
2022-08-08,1,3,229.93
2022-08-09,1,3,331.79
2022-08-10,1,3,254.37
2022-08-11,1,3,316.35
2022-08-12,1,3,328.83
2022-08-13,1,3,400.5
2022-08-14,1,3,326.05
2022-08-15,1,3,284.64
2022-08-16,1,3,267.63
2022-08-17,1,3,232.38
2022-08-18,1,3,282.13
2022-08-19,1,3,221.64
2022-08-20,1,3,412.74
2022-08-21,1,3,326.18
2022-08-22,1,3,278.06
2022-08-23,1,3,281.62
2022-08-24,1,3,259.86
2022-08-25,1,3,294.39
2022-08-26,1,3,251.5
2022-08-27,1,3,398.36
2022-08-28,1,3,281.41
2022-08-29,1,3,276.6
2022-08-30,1,3,350.68
2022-08-31,1,3,231.09
2022-09-01,1,3,236.52
2022-09-02,1,3,283.81
2022-09-03,1,3,352.06
2022-09-04,1,3,361.15
2022-09-05,1,3,283.52
2022-09-06,1,3,289.52
2022-09-07,1,3,308.6
2022-09-08,1,3,281.05
2022-09-09,1,3,255.4
2022-09-10,1,3,379.54
2022-09-11,1,3,443.36
2022-09-12,1,3,260.34
2022-09-13,1,3,226.97
2022-09-14,1,3,310.22
2022-09-15,1,3,261.45
2022-09-16,1,3,179.63
2022-09-17,1,3,390.75
2022-09-18,1,3,319.1
2022-09-19,1,3,263.48
2022-09-20,1,3,280.63
2022-09-21,1,3,275.17
2022-09-22,1,3,296.23
2022-09-23,1,3,250.45
2022-09-24,1,3,375.44
2022-09-25,1,3,335.3
2022-09-26,1,3,298.35
2022-09-27,1,3,293.61
2022-09-28,1,3,231.26
2022-09-29,1,3,313.08
2022-09-30,1,3,247.77
2022-10-01,1,3,406.19
2022-10-02,1,3,382.54
2022-10-03,1,3,356.07
2022-10-04,1,3,269.97
2022-10-05,1,3,264.9
2022-10-06,1,3,278.96
2022-10-07,1,3,267.26
2022-10-08,1,3,407.98
2022-10-09,1,3,276.17
2022-10-10,1,3,236.29
2022-10-11,1,3,235.88
2022-10-12,1,3,321.15
2022-10-13,1,3,353.48
2022-10-14,1,3,277.11
2022-10-15,1,3,356.99
2022-10-16,1,3,370.4
2022-10-17,1,3,331.36
2022-10-18,1,3,243.12
2022-10-19,1,3,292.72
2022-10-20,1,3,324.21
2022-10-21,1,3,304.33
2022-10-22,1,3,378.73
2022-10-23,1,3,423.88
2022-10-24,1,3,168.67
2022-10-25,1,3,312.8
2022-10-26,1,3,256.27
2022-10-27,1,3,206.28
2022-10-28,1,3,306.41
2022-10-29,1,3,446.54
2022-10-30,1,3,362.89
2022-10-31,1,3,326.01
2022-11-01,1,3,385.89
2022-11-02,1,3,372.31
2022-11-03,1,3,387.77
2022-11-04,1,3,346.12
2022-11-05,1,3,409.78
2022-11-06,1,3,308.07
2022-11-07,1,3,300.65
2022-11-08,1,3,272.89
2022-11-09,1,3,414.45
2022-11-10,1,3,304.63
2022-11-11,1,3,318.91
2022-11-12,1,3,441.06
2022-11-13,1,3,410.34
2022-11-14,1,3,393.63
2022-11-15,1,3,284.74
2022-11-16,1,3,323.49
2022-11-17,1,3,279.52
2022-11-18,1,3,252.46
2022-11-19,1,3,371.95
2022-11-20,1,3,407.57
2022-11-21,1,3,295.19
2022-11-22,1,3,282.95
2022-11-23,1,3,249.32
2022-11-24,1,3,312.28
2022-11-25,1,3,245.03
2022-11-26,1,3,458.64
2022-11-27,1,3,417.11
2022-11-28,1,3,247.83
2022-11-29,1,3,302.69
2022-11-30,1,3,281.81
2022-12-01,1,3,370.12
2022-12-02,1,3,424.54
2022-12-03,1,3,330.51
2022-12-04,1,3,468.14
2022-12-05,1,3,345.76
2022-12-06,1,3,390.23
2022-12-07,1,3,366.14
2022-12-08,1,3,315.01
2022-12-09,1,3,338.32
2022-12-10,1,3,407.07
2022-12-11,1,3,537.28
2022-12-12,1,3,357.26
2022-12-13,1,3,458.02
2022-12-14,1,3,353.4
2022-12-15,1,3,318.99
2022-12-16,1,3,276.08
2022-12-17,1,3,338.99
2022-12-18,1,3,354.52
2022-12-19,1,3,372.32
2022-12-20,1,3,385.57
2022-12-21,1,3,273.47
2022-12-22,1,3,406.93
2022-12-23,1,3,333.02
2022-12-24,1,3,477.37
2022-12-25,1,3,580.47
2022-12-26,1,3,408.23
2022-12-27,1,3,345.59
2022-12-28,1,3,312.18
2022-12-29,1,3,244.22
2022-12-30,1,3,321.96
2022-12-31,1,3,454.63
2023-01-01,1,3,440.29
2023-01-02,1,3,390.01
2023-01-03,1,3,402.73
2023-01-04,1,3,384.99
2023-01-05,1,3,359.85
2023-01-06,1,3,409.11
2023-01-07,1,3,553.51
2023-01-08,1,3,434.51
2023-01-09,1,3,484.52
2023-01-10,1,3,394.26
2023-01-11,1,3,401.6
2023-01-12,1,3,443.33
2023-01-13,1,3,415.08
2023-01-14,1,3,596.34
2023-01-15,1,3,544.61
2023-01-16,1,3,365.0
2023-01-17,1,3,424.03
2023-01-18,1,3,333.45
2023-01-19,1,3,409.36
2023-01-20,1,3,401.08
2023-01-21,1,3,508.03
2023-01-22,1,3,514.66
2023-01-23,1,3,289.93
2023-01-24,1,3,370.98
2023-01-25,1,3,410.18
2023-01-26,1,3,414.55
2023-01-27,1,3,342.68
2023-01-28,1,3,627.11
2023-01-29,1,3,458.9
2023-01-30,1,3,465.04
2023-01-31,1,3,432.33
2023-02-01,1,3,391.61
2023-02-02,1,3,549.51
2023-02-03,1,3,356.51
2023-02-04,1,3,642.84
2023-02-05,1,3,650.2
2023-02-06,1,3,391.42
2023-02-07,1,3,526.47
2023-02-08,1,3,419.47
2023-02-09,1,3,455.01
2023-02-10,1,3,453.48
2023-02-11,1,3,556.34
2023-02-12,1,3,637.28
2023-02-13,1,3,489.43
2023-02-14,1,3,322.89
2023-02-15,1,3,523.69
2023-02-16,1,3,329.0
2023-02-17,1,3,506.55
2023-02-18,1,3,667.04
2023-02-19,1,3,477.56
2023-02-20,1,3,412.46
2023-02-21,1,3,366.9
2023-02-22,1,3,425.98
2023-02-23,1,3,420.13
2023-02-24,1,3,492.34
2023-02-25,1,3,686.13
2023-02-26,1,3,693.97
2023-02-27,1,3,404.47
2023-02-28,1,3,428.16
2023-03-01,1,3,338.19
2023-03-02,1,3,398.03
2023-03-03,1,3,518.65
2023-03-04,1,3,732.25
2023-03-05,1,3,480.62
2023-03-06,1,3,413.68
2023-03-07,1,3,452.55
2023-03-08,1,3,473.77
2023-03-09,1,3,399.73
2023-03-10,1,3,484.26
2023-03-11,1,3,550.21
2023-03-12,1,3,591.44
2023-03-13,1,3,493.64
2023-03-14,1,3,457.01
2023-03-15,1,3,426.98
2023-03-16,1,3,449.69
2023-03-17,1,3,451.46
2023-03-18,1,3,562.16
2023-03-19,1,3,572.49
2023-03-20,1,3,568.42
2023-03-21,1,3,497.4
2023-03-22,1,3,438.77
2023-03-23,1,3,507.46
2023-03-24,1,3,436.73
2023-03-25,1,3,703.34
2023-03-26,1,3,631.69
2023-03-27,1,3,453.29
2023-03-28,1,3,491.98
2023-03-29,1,3,352.63
2023-03-30,1,3,383.63
2023-03-31,1,3,379.24
2023-04-01,1,3,600.16
2023-04-02,1,3,740.76
2023-04-03,1,3,604.07
2023-04-04,1,3,496.25
2023-04-05,1,3,487.26
2023-04-06,1,3,331.0
2023-04-07,1,3,416.89
2023-04-08,1,3,520.62
2023-04-09,1,3,535.77
2023-04-10,1,3,443.3
2023-04-11,1,3,422.85
2023-04-12,1,3,320.19
2023-04-13,1,3,506.82
2023-04-14,1,3,382.63
2023-04-15,1,3,614.5
2023-04-16,1,3,778.3
2023-04-17,1,3,393.93
2023-04-18,1,3,283.7
2023-04-19,1,3,437.93
2023-04-20,1,3,533.49
2023-04-21,1,3,592.78
2023-04-22,1,3,486.11
2023-04-23,1,3,640.88
2023-04-24,1,3,427.07
2023-04-25,1,3,452.12
2023-04-26,1,3,642.09
2023-04-27,1,3,356.33
2023-04-28,1,3,477.88
2023-04-29,1,3,640.88
2023-04-30,1,3,696.88
2023-05-01,1,3,438.86
2023-05-02,1,3,452.8
2023-05-03,1,3,407.65
2023-05-04,1,3,450.88
2023-05-05,1,3,411.35
2023-05-06,1,3,616.75
2023-05-07,1,3,533.23
2023-05-08,1,3,459.13
2023-05-09,1,3,432.93
2023-05-10,1,3,508.62
2023-05-11,1,3,432.06
2023-05-12,1,3,319.83
2023-05-13,1,3,674.09
2023-05-14,1,3,490.12
2023-05-15,1,3,393.77
2023-05-16,1,3,397.84
2023-05-17,1,3,527.3
2023-05-18,1,3,297.32
2023-05-19,1,3,643.78
2023-05-20,1,3,659.66
2023-05-21,1,3,588.91
2023-05-22,1,3,435.01
2023-05-23,1,3,457.71
2023-05-24,1,3,473.54
2023-05-25,1,3,482.03
2023-05-26,1,3,476.44
2023-05-27,1,3,579.79
2023-05-28,1,3,555.54
2023-05-29,1,3,430.66
2023-05-30,1,3,428.06
2023-05-31,1,3,516.28
2023-06-01,1,3,437.13
2023-06-02,1,3,224.5
2023-06-03,1,3,573.91
2023-06-04,1,3,538.12
2023-06-05,1,3,401.33
2023-06-06,1,3,379.25
2023-06-07,1,3,470.93
2023-06-08,1,3,460.56
2023-06-09,1,3,356.73
2023-06-10,1,3,556.96
2023-06-11,1,3,448.7
2023-06-12,1,3,320.64
2023-06-13,1,3,366.54
2023-06-14,1,3,457.21
2023-06-15,1,3,463.02
2023-06-16,1,3,436.57
2023-06-17,1,3,584.68
2023-06-18,1,3,568.52
2023-06-19,1,3,367.08
2023-06-20,1,3,432.76
2023-06-21,1,3,455.52
2023-06-22,1,3,453.0
2023-06-23,1,3,479.84
2023-06-24,1,3,586.01
2023-06-25,1,3,558.02
2023-06-26,1,3,473.51
2023-06-27,1,3,406.66
2023-06-28,1,3,354.5
2023-06-29,1,3,398.81
2023-06-30,1,3,363.37
2023-07-01,1,3,430.42
2023-07-02,1,3,468.85
2023-07-03,1,3,325.04
2023-07-04,1,3,352.07
2023-07-05,1,3,264.44
2023-07-06,1,3,381.42
2023-07-07,1,3,369.9
2023-07-08,1,3,422.13
2023-07-09,1,3,529.01
2023-07-10,1,3,422.66
2023-07-11,1,3,281.38
2023-07-12,1,3,328.58
2023-07-13,1,3,328.43
2023-07-14,1,3,319.13
2023-07-15,1,3,543.39
2023-07-16,1,3,469.51
2023-07-17,1,3,357.45
2023-07-18,1,3,260.5
2023-07-19,1,3,408.22
2023-07-20,1,3,303.61
2023-07-21,1,3,376.53
2023-07-22,1,3,505.63
2023-07-23,1,3,584.88
2023-07-24,1,3,300.48
2023-07-25,1,3,204.67
2023-07-26,1,3,384.69
2023-07-27,1,3,475.77
2023-07-28,1,3,444.5
2023-07-29,1,3,502.93
2023-07-30,1,3,451.93
2023-07-31,1,3,421.02
2023-08-01,1,3,294.81
2023-08-02,1,3,370.13
2023-08-03,1,3,371.87
2023-08-04,1,3,400.89
2023-08-05,1,3,636.18
2023-08-06,1,3,476.72
2023-08-07,1,3,320.08
2023-08-08,1,3,345.43
2023-08-09,1,3,254.9
2023-08-10,1,3,311.02
2023-08-11,1,3,326.09
2023-08-12,1,3,416.4
2023-08-13,1,3,462.54
2023-08-14,1,3,305.13
2023-08-15,1,3,406.86
2023-08-16,1,3,348.52
2023-08-17,1,3,348.24
2023-08-18,1,3,331.78
2023-08-19,1,3,464.48
2023-08-20,1,3,510.41
2023-08-21,1,3,304.13
2023-08-22,1,3,315.29
2023-08-23,1,3,334.09
2023-08-24,1,3,279.55
2023-08-25,1,3,307.41
2023-08-26,1,3,423.34
2023-08-27,1,3,516.03
2023-08-28,1,3,364.97
2023-08-29,1,3,361.56
2023-08-30,1,3,396.45
2023-08-31,1,3,344.54
2023-09-01,1,3,360.55
2023-09-02,1,3,436.2
2023-09-03,1,3,460.98
2023-09-04,1,3,311.41
2023-09-05,1,3,216.54
2023-09-06,1,3,334.78
2023-09-07,1,3,414.83
2023-09-08,1,3,389.61
2023-09-09,1,3,509.43
2023-09-10,1,3,527.82
2023-09-11,1,3,347.28
2023-09-12,1,3,353.08
2023-09-13,1,3,311.35
2023-09-14,1,3,327.08
2023-09-15,1,3,375.3
2023-09-16,1,3,527.62
2023-09-17,1,3,437.84
2023-09-18,1,3,320.96
2023-09-19,1,3,344.44
2023-09-20,1,3,375.71
2023-09-21,1,3,270.16
2023-09-22,1,3,226.21
2023-09-23,1,3,411.78
2023-09-24,1,3,366.88
2023-09-25,1,3,319.34
2023-09-26,1,3,338.23
2023-09-27,1,3,322.58
2023-09-28,1,3,421.78
2023-09-29,1,3,363.52
2023-09-30,1,3,471.09
2023-10-01,1,3,509.66
2023-10-02,1,3,297.51
2023-10-03,1,3,414.98
2023-10-04,1,3,355.15
2023-10-05,1,3,395.61
2023-10-06,1,3,301.85
2023-10-07,1,3,358.82
2023-10-08,1,3,525.58
2023-10-09,1,3,380.68
2023-10-10,1,3,311.76
2023-10-11,1,3,313.71
2023-10-12,1,3,421.93
2023-10-13,1,3,296.76
2023-10-14,1,3,585.62
2023-10-15,1,3,406.62
2023-10-16,1,3,396.51
2023-10-17,1,3,344.23
2023-10-18,1,3,395.08
2023-10-19,1,3,332.93
2023-10-20,1,3,353.88
2023-10-21,1,3,474.74
2023-10-22,1,3,401.16
2023-10-23,1,3,403.78
2023-10-24,1,3,335.62
2023-10-25,1,3,351.36
2023-10-26,1,3,309.75
2023-10-27,1,3,224.26
2023-10-28,1,3,460.26
2023-10-29,1,3,645.7
2023-10-30,1,3,407.88
2023-10-31,1,3,364.09
2023-11-01,1,3,382.03
2023-11-02,1,3,399.29
2023-11-03,1,3,430.87
2023-11-04,1,3,426.22
2023-11-05,1,3,604.9
2023-11-06,1,3,441.71
2023-11-07,1,3,442.14
2023-11-08,1,3,425.65
2023-11-09,1,3,400.8
2023-11-10,1,3,440.22
2023-11-11,1,3,566.3
2023-11-12,1,3,492.8
2023-11-13,1,3,366.11
2023-11-14,1,3,406.94
2023-11-15,1,3,494.24
2023-11-16,1,3,326.7
2023-11-17,1,3,313.14
2023-11-18,1,3,535.2
2023-11-19,1,3,526.6
2023-11-20,1,3,412.7
2023-11-21,1,3,417.21
2023-11-22,1,3,389.24
2023-11-23,1,3,493.01
2023-11-24,1,3,306.37
2023-11-25,1,3,459.29
2023-11-26,1,3,516.65
2023-11-27,1,3,304.36
2023-11-28,1,3,393.49
2023-11-29,1,3,505.17
2023-11-30,1,3,405.89
2023-12-01,1,3,465.42
2023-12-02,1,3,474.54
2023-12-03,1,3,531.36
2023-12-04,1,3,425.28
2023-12-05,1,3,429.42
2023-12-06,1,3,537.91
2023-12-07,1,3,489.2
2023-12-08,1,3,376.4
2023-12-09,1,3,609.28
2023-12-10,1,3,631.84
2023-12-11,1,3,529.88
2023-12-12,1,3,560.1
2023-12-13,1,3,384.05
2023-12-14,1,3,398.16
2023-12-15,1,3,368.0
2023-12-16,1,3,569.26
2023-12-17,1,3,631.61
2023-12-18,1,3,521.64
2023-12-19,1,3,449.44
2023-12-20,1,3,433.06
2023-12-21,1,3,465.51
2023-12-22,1,3,398.36
2023-12-23,1,3,778.05
2023-12-24,1,3,449.79
2023-12-25,1,3,468.85
2023-12-26,1,3,595.03
2023-12-27,1,3,457.2
2023-12-28,1,3,443.97
2023-12-29,1,3,432.75
2023-12-30,1,3,578.69
2023-12-31,1,3,717.68
2022-01-01,1,4,367.99
2022-01-02,1,4,397.37
2022-01-03,1,4,300.51
2022-01-04,1,4,252.82
2022-01-05,1,4,331.31
2022-01-06,1,4,328.06
2022-01-07,1,4,313.31
2022-01-08,1,4,424.95
2022-01-09,1,4,379.44
2022-01-10,1,4,236.31
2022-01-11,1,4,278.74
2022-01-12,1,4,319.98
2022-01-13,1,4,320.57
2022-01-14,1,4,315.18
2022-01-15,1,4,441.16
2022-01-16,1,4,372.45
2022-01-17,1,4,315.42
2022-01-18,1,4,341.46
2022-01-19,1,4,310.78
2022-01-20,1,4,256.33
2022-01-21,1,4,269.91
2022-01-22,1,4,461.58
2022-01-23,1,4,496.64
2022-01-24,1,4,372.1
2022-01-25,1,4,327.67
2022-01-26,1,4,259.75
2022-01-27,1,4,316.96
2022-01-28,1,4,391.98
2022-01-29,1,4,451.58
2022-01-30,1,4,400.77
2022-01-31,1,4,348.53
2022-02-01,1,4,275.28
2022-02-02,1,4,304.83
2022-02-03,1,4,285.28
2022-02-04,1,4,365.03
2022-02-05,1,4,491.27
2022-02-06,1,4,433.92
2022-02-07,1,4,297.22
2022-02-08,1,4,341.31
2022-02-09,1,4,317.65
2022-02-10,1,4,302.03
2022-02-11,1,4,360.78
2022-02-12,1,4,395.95
2022-02-13,1,4,342.11
2022-02-14,1,4,274.89
2022-02-15,1,4,261.76
2022-02-16,1,4,357.77
2022-02-17,1,4,353.09
2022-02-18,1,4,350.84
2022-02-19,1,4,489.39
2022-02-20,1,4,530.66
2022-02-21,1,4,315.82
2022-02-22,1,4,368.1
2022-02-23,1,4,264.99
2022-02-24,1,4,419.49
2022-02-25,1,4,282.97
2022-02-26,1,4,404.52
2022-02-27,1,4,412.54
2022-02-28,1,4,269.04
2022-03-01,1,4,358.98
2022-03-02,1,4,369.04
2022-03-03,1,4,347.74
2022-03-04,1,4,275.48
2022-03-05,1,4,604.84
2022-03-06,1,4,505.03
2022-03-07,1,4,501.21
2022-03-08,1,4,316.17
2022-03-09,1,4,411.65
2022-03-10,1,4,402.38
2022-03-11,1,4,344.89
2022-03-12,1,4,568.54
2022-03-13,1,4,441.1
2022-03-14,1,4,342.04
2022-03-15,1,4,173.48
2022-03-16,1,4,384.52
2022-03-17,1,4,290.53
2022-03-18,1,4,332.98
2022-03-19,1,4,399.59
2022-03-20,1,4,446.76
2022-03-21,1,4,388.21
2022-03-22,1,4,364.92
2022-03-23,1,4,403.47
2022-03-24,1,4,434.28
2022-03-25,1,4,345.12
2022-03-26,1,4,441.24
2022-03-27,1,4,544.16
2022-03-28,1,4,423.33
2022-03-29,1,4,407.41
2022-03-30,1,4,314.59
2022-03-31,1,4,390.64
2022-04-01,1,4,365.38
2022-04-02,1,4,541.6
2022-04-03,1,4,427.95
2022-04-04,1,4,270.35
2022-04-05,1,4,398.15
2022-04-06,1,4,222.54
2022-04-07,1,4,321.8
2022-04-08,1,4,306.26
2022-04-09,1,4,398.03
2022-04-10,1,4,418.24
2022-04-11,1,4,429.02
2022-04-12,1,4,407.8
2022-04-13,1,4,349.71
2022-04-14,1,4,425.62
2022-04-15,1,4,306.08
2022-04-16,1,4,388.6
2022-04-17,1,4,535.61
2022-04-18,1,4,396.83
2022-04-19,1,4,340.19
2022-04-20,1,4,303.45
2022-04-21,1,4,446.23
2022-04-22,1,4,271.87
2022-04-23,1,4,433.96
2022-04-24,1,4,493.54
2022-04-25,1,4,466.71
2022-04-26,1,4,388.85
2022-04-27,1,4,394.57
2022-04-28,1,4,336.92
2022-04-29,1,4,400.15
2022-04-30,1,4,487.33
2022-05-01,1,4,342.95
2022-05-02,1,4,387.86
2022-05-03,1,4,397.44
2022-05-04,1,4,389.1
2022-05-05,1,4,349.3
2022-05-06,1,4,297.98
2022-05-07,1,4,295.85
2022-05-08,1,4,463.71
2022-05-09,1,4,405.4
2022-05-10,1,4,401.24
2022-05-11,1,4,392.19
2022-05-12,1,4,345.83
2022-05-13,1,4,407.13
2022-05-14,1,4,518.58
2022-05-15,1,4,426.95
2022-05-16,1,4,386.58
2022-05-17,1,4,323.03
2022-05-18,1,4,380.06
2022-05-19,1,4,283.32
2022-05-20,1,4,287.63
2022-05-21,1,4,531.0
2022-05-22,1,4,523.17
2022-05-23,1,4,386.69
2022-05-24,1,4,358.1
2022-05-25,1,4,226.86
2022-05-26,1,4,350.08
2022-05-27,1,4,378.51
2022-05-28,1,4,424.09
2022-05-29,1,4,412.16
2022-05-30,1,4,432.27
2022-05-31,1,4,352.38
2022-06-01,1,4,345.63
2022-06-02,1,4,361.44
2022-06-03,1,4,275.43
2022-06-04,1,4,433.94
2022-06-05,1,4,505.63
2022-06-06,1,4,413.64
2022-06-07,1,4,327.19
2022-06-08,1,4,313.9
2022-06-09,1,4,338.95
2022-06-10,1,4,338.0
2022-06-11,1,4,512.53
2022-06-12,1,4,361.17
2022-06-13,1,4,313.2
2022-06-14,1,4,272.38
2022-06-15,1,4,277.77
2022-06-16,1,4,346.29
2022-06-17,1,4,367.9
2022-06-18,1,4,385.26
2022-06-19,1,4,476.67
2022-06-20,1,4,383.73
2022-06-21,1,4,424.71
2022-06-22,1,4,332.9
2022-06-23,1,4,298.1
2022-06-24,1,4,280.39
2022-06-25,1,4,358.43
2022-06-26,1,4,510.32
2022-06-27,1,4,255.67
2022-06-28,1,4,391.63
2022-06-29,1,4,288.25
2022-06-30,1,4,297.61
2022-07-01,1,4,292.0
2022-07-02,1,4,347.72
2022-07-03,1,4,443.48
2022-07-04,1,4,381.03
2022-07-05,1,4,270.24
2022-07-06,1,4,280.6
2022-07-07,1,4,292.95
2022-07-08,1,4,324.95
2022-07-09,1,4,382.05
2022-07-10,1,4,472.83
2022-07-11,1,4,353.14
2022-07-12,1,4,247.95
2022-07-13,1,4,325.41
2022-07-14,1,4,370.97
2022-07-15,1,4,279.89
2022-07-16,1,4,376.0
2022-07-17,1,4,362.51
2022-07-18,1,4,280.04
2022-07-19,1,4,227.43
2022-07-20,1,4,243.11
2022-07-21,1,4,307.38
2022-07-22,1,4,373.15
2022-07-23,1,4,359.26
2022-07-24,1,4,357.81
2022-07-25,1,4,382.67
2022-07-26,1,4,254.39
2022-07-27,1,4,229.27
2022-07-28,1,4,267.64
2022-07-29,1,4,275.46
2022-07-30,1,4,293.65
2022-07-31,1,4,390.64
2022-08-01,1,4,321.77
2022-08-02,1,4,227.54
2022-08-03,1,4,285.86
2022-08-04,1,4,299.16
2022-08-05,1,4,279.09
2022-08-06,1,4,377.95
2022-08-07,1,4,378.9
2022-08-08,1,4,248.78
2022-08-09,1,4,347.29
2022-08-10,1,4,336.9
2022-08-11,1,4,334.71
2022-08-12,1,4,327.47
2022-08-13,1,4,282.45
2022-08-14,1,4,421.54
2022-08-15,1,4,312.97
2022-08-16,1,4,219.45
2022-08-17,1,4,276.21
2022-08-18,1,4,297.5
2022-08-19,1,4,357.24
2022-08-20,1,4,412.37
2022-08-21,1,4,323.97
2022-08-22,1,4,359.45
2022-08-23,1,4,288.69
2022-08-24,1,4,276.02
2022-08-25,1,4,273.17
2022-08-26,1,4,217.49
2022-08-27,1,4,367.89
2022-08-28,1,4,402.29
2022-08-29,1,4,271.54
2022-08-30,1,4,306.62
2022-08-31,1,4,251.24
2022-09-01,1,4,273.62
2022-09-02,1,4,293.04
2022-09-03,1,4,374.33
2022-09-04,1,4,276.55
2022-09-05,1,4,261.97
2022-09-06,1,4,351.28
2022-09-07,1,4,260.13
2022-09-08,1,4,281.77
2022-09-09,1,4,277.67
2022-09-10,1,4,452.13
2022-09-11,1,4,437.22
2022-09-12,1,4,316.17
2022-09-13,1,4,241.03
2022-09-14,1,4,297.67
2022-09-15,1,4,306.76
2022-09-16,1,4,253.26
2022-09-17,1,4,320.01
2022-09-18,1,4,462.57
2022-09-19,1,4,270.79
2022-09-20,1,4,352.56
2022-09-21,1,4,326.51
2022-09-22,1,4,301.65
2022-09-23,1,4,303.79
2022-09-24,1,4,292.37
2022-09-25,1,4,381.9
2022-09-26,1,4,345.77
2022-09-27,1,4,314.55
2022-09-28,1,4,292.22
2022-09-29,1,4,359.23
2022-09-30,1,4,278.12
2022-10-01,1,4,348.88
2022-10-02,1,4,393.81
2022-10-03,1,4,330.4
2022-10-04,1,4,220.15
2022-10-05,1,4,309.48
2022-10-06,1,4,333.13
2022-10-07,1,4,285.24
2022-10-08,1,4,450.96
2022-10-09,1,4,424.27
2022-10-10,1,4,393.67
2022-10-11,1,4,264.62
2022-10-12,1,4,335.61
2022-10-13,1,4,253.08
2022-10-14,1,4,226.47
2022-10-15,1,4,270.13
2022-10-16,1,4,420.59
2022-10-17,1,4,307.87
2022-10-18,1,4,278.28
2022-10-19,1,4,220.23
2022-10-20,1,4,269.19
2022-10-21,1,4,300.7
2022-10-22,1,4,437.49
2022-10-23,1,4,390.31
2022-10-24,1,4,312.6
2022-10-25,1,4,284.44
2022-10-26,1,4,380.83
2022-10-27,1,4,255.8
2022-10-28,1,4,270.45
2022-10-29,1,4,364.06
2022-10-30,1,4,425.42
2022-10-31,1,4,255.65
2022-11-01,1,4,336.62
2022-11-02,1,4,338.33
2022-11-03,1,4,296.0
2022-11-04,1,4,347.03
2022-11-05,1,4,365.16
2022-11-06,1,4,358.39
2022-11-07,1,4,336.38
2022-11-08,1,4,249.1
2022-11-09,1,4,225.14
2022-11-10,1,4,358.73
2022-11-11,1,4,384.75
2022-11-12,1,4,402.21
2022-11-13,1,4,389.45
2022-11-14,1,4,383.45
2022-11-15,1,4,276.15
2022-11-16,1,4,265.46
2022-11-17,1,4,369.4
2022-11-18,1,4,334.66
2022-11-19,1,4,504.25
2022-11-20,1,4,295.44
2022-11-21,1,4,264.59
2022-11-22,1,4,335.94
2022-11-23,1,4,356.49
2022-11-24,1,4,378.38
2022-11-25,1,4,344.79
2022-11-26,1,4,447.9
2022-11-27,1,4,411.88
2022-11-28,1,4,417.1
2022-11-29,1,4,281.23
2022-11-30,1,4,355.41
2022-12-01,1,4,319.43
2022-12-02,1,4,405.38
2022-12-03,1,4,412.28
2022-12-04,1,4,543.11
2022-12-05,1,4,382.45
2022-12-06,1,4,474.91
2022-12-07,1,4,360.81
2022-12-08,1,4,400.99
2022-12-09,1,4,333.13
2022-12-10,1,4,469.59
2022-12-11,1,4,498.94
2022-12-12,1,4,291.48
2022-12-13,1,4,297.91
2022-12-14,1,4,412.72
2022-12-15,1,4,370.63
2022-12-16,1,4,345.49
2022-12-17,1,4,438.81
2022-12-18,1,4,441.98
2022-12-19,1,4,386.47
2022-12-20,1,4,405.73
2022-12-21,1,4,261.17
2022-12-22,1,4,461.62
2022-12-23,1,4,457.9
2022-12-24,1,4,322.54
2022-12-25,1,4,577.1
2022-12-26,1,4,442.49
2022-12-27,1,4,382.33
2022-12-28,1,4,308.15
2022-12-29,1,4,441.17
2022-12-30,1,4,369.29
2022-12-31,1,4,539.5
2023-01-01,1,4,731.36
2023-01-02,1,4,438.35
2023-01-03,1,4,364.57
2023-01-04,1,4,401.71
2023-01-05,1,4,373.19
2023-01-06,1,4,451.17
2023-01-07,1,4,484.48
2023-01-08,1,4,512.4
2023-01-09,1,4,342.76
2023-01-10,1,4,416.45
2023-01-11,1,4,436.45
2023-01-12,1,4,254.13
2023-01-13,1,4,442.37
2023-01-14,1,4,550.14
2023-01-15,1,4,490.73
2023-01-16,1,4,556.57
2023-01-17,1,4,488.42
2023-01-18,1,4,357.06
2023-01-19,1,4,481.42
2023-01-20,1,4,507.85
2023-01-21,1,4,567.77
2023-01-22,1,4,587.36
2023-01-23,1,4,450.65
2023-01-24,1,4,294.91
2023-01-25,1,4,417.46
2023-01-26,1,4,414.41
2023-01-27,1,4,522.39
2023-01-28,1,4,587.57
2023-01-29,1,4,534.97
2023-01-30,1,4,425.22
2023-01-31,1,4,497.58
2023-02-01,1,4,447.65
2023-02-02,1,4,412.47
2023-02-03,1,4,441.99
2023-02-04,1,4,684.44
2023-02-05,1,4,644.9
2023-02-06,1,4,465.11
2023-02-07,1,4,475.66
2023-02-08,1,4,423.86
2023-02-09,1,4,449.56
2023-02-10,1,4,417.26
2023-02-11,1,4,576.15
2023-02-12,1,4,725.04
2023-02-13,1,4,389.28
2023-02-14,1,4,416.68
2023-02-15,1,4,377.52
2023-02-16,1,4,362.67
2023-02-17,1,4,452.63
2023-02-18,1,4,549.68
2023-02-19,1,4,766.43
2023-02-20,1,4,446.86
2023-02-21,1,4,557.31
2023-02-22,1,4,535.18
2023-02-23,1,4,452.99
2023-02-24,1,4,616.11
2023-02-25,1,4,633.33
2023-02-26,1,4,747.5
2023-02-27,1,4,567.22
2023-02-28,1,4,498.49
2023-03-01,1,4,534.48
2023-03-02,1,4,525.69
2023-03-03,1,4,398.47
2023-03-04,1,4,631.16
2023-03-05,1,4,727.12
2023-03-06,1,4,592.4
2023-03-07,1,4,430.24
2023-03-08,1,4,521.01
2023-03-09,1,4,493.99
2023-03-10,1,4,474.85
2023-03-11,1,4,662.43
2023-03-12,1,4,649.86
2023-03-13,1,4,523.74
2023-03-14,1,4,589.57
2023-03-15,1,4,542.13
2023-03-16,1,4,508.03
2023-03-17,1,4,621.62
2023-03-18,1,4,737.13
2023-03-19,1,4,623.59
2023-03-20,1,4,397.9
2023-03-21,1,4,414.93
2023-03-22,1,4,555.67
2023-03-23,1,4,441.66
2023-03-24,1,4,414.31
2023-03-25,1,4,562.78
2023-03-26,1,4,569.91
2023-03-27,1,4,551.54
2023-03-28,1,4,477.96
2023-03-29,1,4,388.97
2023-03-30,1,4,492.42
2023-03-31,1,4,506.83
2023-04-01,1,4,578.96
2023-04-02,1,4,732.47
2023-04-03,1,4,450.17
2023-04-04,1,4,560.78
2023-04-05,1,4,524.25
2023-04-06,1,4,548.43
2023-04-07,1,4,402.44
2023-04-08,1,4,636.05
2023-04-09,1,4,622.27
2023-04-10,1,4,379.84
2023-04-11,1,4,563.24
2023-04-12,1,4,424.2
2023-04-13,1,4,439.57
2023-04-14,1,4,410.55
2023-04-15,1,4,696.05
2023-04-16,1,4,485.99
2023-04-17,1,4,530.09
2023-04-18,1,4,561.52
2023-04-19,1,4,524.93
2023-04-20,1,4,538.08
2023-04-21,1,4,541.87
2023-04-22,1,4,542.69
2023-04-23,1,4,769.52
2023-04-24,1,4,453.8
2023-04-25,1,4,482.91
2023-04-26,1,4,463.74
2023-04-27,1,4,524.44
2023-04-28,1,4,449.31
2023-04-29,1,4,642.2
2023-04-30,1,4,518.35
2023-05-01,1,4,539.41
2023-05-02,1,4,505.73
2023-05-03,1,4,439.65
2023-05-04,1,4,427.74
2023-05-05,1,4,504.95
2023-05-06,1,4,535.41
2023-05-07,1,4,610.63
2023-05-08,1,4,541.73
2023-05-09,1,4,405.48
2023-05-10,1,4,487.51
2023-05-11,1,4,484.17
2023-05-12,1,4,455.84
2023-05-13,1,4,556.29
2023-05-14,1,4,711.9
2023-05-15,1,4,421.97
2023-05-16,1,4,337.76
2023-05-17,1,4,508.73
2023-05-18,1,4,380.75
2023-05-19,1,4,512.99
2023-05-20,1,4,725.64
2023-05-21,1,4,662.13
2023-05-22,1,4,540.52
2023-05-23,1,4,607.19
2023-05-24,1,4,533.92
2023-05-25,1,4,489.75
2023-05-26,1,4,581.36
2023-05-27,1,4,767.27
2023-05-28,1,4,769.06
2023-05-29,1,4,433.31
2023-05-30,1,4,373.07
2023-05-31,1,4,429.59
2023-06-01,1,4,471.14
2023-06-02,1,4,436.62
2023-06-03,1,4,537.56
2023-06-04,1,4,601.77
2023-06-05,1,4,333.02
2023-06-06,1,4,436.62
2023-06-07,1,4,499.62
2023-06-08,1,4,463.4
2023-06-09,1,4,472.86
2023-06-10,1,4,690.83
2023-06-11,1,4,552.13
2023-06-12,1,4,387.2
2023-06-13,1,4,506.17
2023-06-14,1,4,505.32
2023-06-15,1,4,466.11
2023-06-16,1,4,420.02
2023-06-17,1,4,559.97
2023-06-18,1,4,452.93
2023-06-19,1,4,503.21
2023-06-20,1,4,501.25
2023-06-21,1,4,346.83
2023-06-22,1,4,488.29
2023-06-23,1,4,458.55
2023-06-24,1,4,476.2
2023-06-25,1,4,460.97
2023-06-26,1,4,457.46
2023-06-27,1,4,407.61
2023-06-28,1,4,552.16
2023-06-29,1,4,496.05
2023-06-30,1,4,465.17
2023-07-01,1,4,548.37
2023-07-02,1,4,610.37
2023-07-03,1,4,441.37
2023-07-04,1,4,421.27
2023-07-05,1,4,334.48
2023-07-06,1,4,572.62
2023-07-07,1,4,327.68
2023-07-08,1,4,486.83
2023-07-09,1,4,384.24
2023-07-10,1,4,425.2
2023-07-11,1,4,402.59
2023-07-12,1,4,439.13
2023-07-13,1,4,291.35
2023-07-14,1,4,460.26
2023-07-15,1,4,450.94
2023-07-16,1,4,501.93
2023-07-17,1,4,450.4
2023-07-18,1,4,410.93
2023-07-19,1,4,415.39
2023-07-20,1,4,443.4
2023-07-21,1,4,421.68
2023-07-22,1,4,489.01
2023-07-23,1,4,502.83
2023-07-24,1,4,409.57
2023-07-25,1,4,343.85
2023-07-26,1,4,456.84
2023-07-27,1,4,414.93
2023-07-28,1,4,402.43
2023-07-29,1,4,610.28
2023-07-30,1,4,508.68
2023-07-31,1,4,387.81
2023-08-01,1,4,339.88
2023-08-02,1,4,385.63
2023-08-03,1,4,383.97
2023-08-04,1,4,330.52
2023-08-05,1,4,464.96
2023-08-06,1,4,430.7
2023-08-07,1,4,329.02
2023-08-08,1,4,272.62
2023-08-09,1,4,355.62
2023-08-10,1,4,274.5
2023-08-11,1,4,343.24
2023-08-12,1,4,435.71
2023-08-13,1,4,555.86
2023-08-14,1,4,313.29
2023-08-15,1,4,327.56
2023-08-16,1,4,348.83
2023-08-17,1,4,338.02
2023-08-18,1,4,446.57
2023-08-19,1,4,399.61
2023-08-20,1,4,454.78
2023-08-21,1,4,389.66
2023-08-22,1,4,420.5
2023-08-23,1,4,350.44
2023-08-24,1,4,264.88
2023-08-25,1,4,363.72
2023-08-26,1,4,582.2
2023-08-27,1,4,504.84
2023-08-28,1,4,386.02
2023-08-29,1,4,313.55
2023-08-30,1,4,308.0
2023-08-31,1,4,374.51
2023-09-01,1,4,284.25
2023-09-02,1,4,525.53
2023-09-03,1,4,410.91
2023-09-04,1,4,360.95
2023-09-05,1,4,259.97
2023-09-06,1,4,341.31
2023-09-07,1,4,298.4
2023-09-08,1,4,236.69
2023-09-09,1,4,510.84
2023-09-10,1,4,589.11
2023-09-11,1,4,425.51
2023-09-12,1,4,401.32
2023-09-13,1,4,341.68
2023-09-14,1,4,408.61
2023-09-15,1,4,431.73
2023-09-16,1,4,484.22
2023-09-17,1,4,390.43
2023-09-18,1,4,338.07
2023-09-19,1,4,459.06
2023-09-20,1,4,361.79
2023-09-21,1,4,183.53
2023-09-22,1,4,285.62
2023-09-23,1,4,446.19
2023-09-24,1,4,550.91
2023-09-25,1,4,351.98
2023-09-26,1,4,425.32
2023-09-27,1,4,338.46
2023-09-28,1,4,259.35
2023-09-29,1,4,340.79
2023-09-30,1,4,503.34
2023-10-01,1,4,514.36
2023-10-02,1,4,309.22
2023-10-03,1,4,361.09
2023-10-04,1,4,534.99
2023-10-05,1,4,311.03
2023-10-06,1,4,419.71
2023-10-07,1,4,340.5
2023-10-08,1,4,561.43
2023-10-09,1,4,331.35
2023-10-10,1,4,405.88
2023-10-11,1,4,308.82
2023-10-12,1,4,399.98
2023-10-13,1,4,331.22
2023-10-14,1,4,445.33
2023-10-15,1,4,532.23
2023-10-16,1,4,359.38
2023-10-17,1,4,406.35
2023-10-18,1,4,373.64
2023-10-19,1,4,388.78
2023-10-20,1,4,410.83
2023-10-21,1,4,474.65
2023-10-22,1,4,426.36
2023-10-23,1,4,355.01
2023-10-24,1,4,455.25
2023-10-25,1,4,393.01
2023-10-26,1,4,337.53
2023-10-27,1,4,410.04
2023-10-28,1,4,538.41
2023-10-29,1,4,542.63
2023-10-30,1,4,330.61
2023-10-31,1,4,347.99
2023-11-01,1,4,379.38
2023-11-02,1,4,399.65
2023-11-03,1,4,456.93
2023-11-04,1,4,574.34
2023-11-05,1,4,581.21
2023-11-06,1,4,509.53
2023-11-07,1,4,467.56
2023-11-08,1,4,415.0
2023-11-09,1,4,348.93
2023-11-10,1,4,379.03
2023-11-11,1,4,530.54
2023-11-12,1,4,621.26
2023-11-13,1,4,423.54
2023-11-14,1,4,383.65
2023-11-15,1,4,378.98
2023-11-16,1,4,421.6
2023-11-17,1,4,483.21
2023-11-18,1,4,686.86
2023-11-19,1,4,537.72
2023-11-20,1,4,424.19
2023-11-21,1,4,349.5
2023-11-22,1,4,551.93
2023-11-23,1,4,337.91
2023-11-24,1,4,503.3
2023-11-25,1,4,526.31
2023-11-26,1,4,507.06
2023-11-27,1,4,357.43
2023-11-28,1,4,584.2
2023-11-29,1,4,443.6
2023-11-30,1,4,430.96
2023-12-01,1,4,541.13
2023-12-02,1,4,560.6
2023-12-03,1,4,621.78
2023-12-04,1,4,482.49
2023-12-05,1,4,441.95
2023-12-06,1,4,565.2
2023-12-07,1,4,463.57
2023-12-08,1,4,367.84
2023-12-09,1,4,595.59
2023-12-10,1,4,647.5
2023-12-11,1,4,416.03
2023-12-12,1,4,421.96
2023-12-13,1,4,441.56
2023-12-14,1,4,569.41
2023-12-15,1,4,446.35
2023-12-16,1,4,760.64
2023-12-17,1,4,568.92
2023-12-18,1,4,505.9
2023-12-19,1,4,450.35
2023-12-20,1,4,537.57
2023-12-21,1,4,402.17
2023-12-22,1,4,537.38
2023-12-23,1,4,639.66
2023-12-24,1,4,568.88
2023-12-25,1,4,472.27
2023-12-26,1,4,596.13
2023-12-27,1,4,494.94
2023-12-28,1,4,434.05
2023-12-29,1,4,397.75
2023-12-30,1,4,679.35
2023-12-31,1,4,650.41
2022-01-01,1,5,284.67
2022-01-02,1,5,264.47
2022-01-03,1,5,200.55
2022-01-04,1,5,165.46
2022-01-05,1,5,154.06
2022-01-06,1,5,203.45
2022-01-07,1,5,201.54
2022-01-08,1,5,283.0
2022-01-09,1,5,211.01
2022-01-10,1,5,172.51
2022-01-11,1,5,134.86
2022-01-12,1,5,168.47
2022-01-13,1,5,205.98
2022-01-14,1,5,166.82
2022-01-15,1,5,255.83
2022-01-16,1,5,226.96
2022-01-17,1,5,188.64
2022-01-18,1,5,149.07
2022-01-19,1,5,182.56
2022-01-20,1,5,99.48
2022-01-21,1,5,175.54
2022-01-22,1,5,177.54
2022-01-23,1,5,277.81
2022-01-24,1,5,202.26
2022-01-25,1,5,194.01
2022-01-26,1,5,222.9
2022-01-27,1,5,155.81
2022-01-28,1,5,229.51
2022-01-29,1,5,269.72
2022-01-30,1,5,228.46
2022-01-31,1,5,213.44
2022-02-01,1,5,162.39
2022-02-02,1,5,170.79
2022-02-03,1,5,177.27
2022-02-04,1,5,179.78
2022-02-05,1,5,213.83
2022-02-06,1,5,301.0
2022-02-07,1,5,188.23
2022-02-08,1,5,206.39
2022-02-09,1,5,179.43
2022-02-10,1,5,142.77
2022-02-11,1,5,204.56
2022-02-12,1,5,182.44
2022-02-13,1,5,253.42
2022-02-14,1,5,156.69
2022-02-15,1,5,256.17
2022-02-16,1,5,224.54
2022-02-17,1,5,200.86
2022-02-18,1,5,235.43
2022-02-19,1,5,224.84
2022-02-20,1,5,278.79
2022-02-21,1,5,204.43
2022-02-22,1,5,206.54
2022-02-23,1,5,236.81
2022-02-24,1,5,220.92
2022-02-25,1,5,207.86
2022-02-26,1,5,194.9
2022-02-27,1,5,222.13
2022-02-28,1,5,196.12
2022-03-01,1,5,207.42
2022-03-02,1,5,170.04
2022-03-03,1,5,279.08
2022-03-04,1,5,251.8
2022-03-05,1,5,291.04
2022-03-06,1,5,270.07
2022-03-07,1,5,199.17
2022-03-08,1,5,176.51
2022-03-09,1,5,208.5
2022-03-10,1,5,214.27
2022-03-11,1,5,168.03
2022-03-12,1,5,282.16
2022-03-13,1,5,262.68
2022-03-14,1,5,147.81
2022-03-15,1,5,180.51
2022-03-16,1,5,194.59
2022-03-17,1,5,266.45
2022-03-18,1,5,225.19
2022-03-19,1,5,216.27
2022-03-20,1,5,290.43
2022-03-21,1,5,160.05
2022-03-22,1,5,242.5
2022-03-23,1,5,194.05
2022-03-24,1,5,206.07
2022-03-25,1,5,250.8
2022-03-26,1,5,219.65
2022-03-27,1,5,215.36
2022-03-28,1,5,191.41
2022-03-29,1,5,242.67
2022-03-30,1,5,162.26
2022-03-31,1,5,120.99
2022-04-01,1,5,191.92
2022-04-02,1,5,290.01
2022-04-03,1,5,316.36
2022-04-04,1,5,192.07
2022-04-05,1,5,193.85
2022-04-06,1,5,242.58
2022-04-07,1,5,148.93
2022-04-08,1,5,195.09
2022-04-09,1,5,277.26
2022-04-10,1,5,287.99
2022-04-11,1,5,191.85
2022-04-12,1,5,209.0
2022-04-13,1,5,130.43
2022-04-14,1,5,187.73
2022-04-15,1,5,222.67
2022-04-16,1,5,231.31
2022-04-17,1,5,273.93
2022-04-18,1,5,223.07
2022-04-19,1,5,198.49
2022-04-20,1,5,214.79
2022-04-21,1,5,179.35
2022-04-22,1,5,203.31
2022-04-23,1,5,297.99
2022-04-24,1,5,279.68
2022-04-25,1,5,191.87
2022-04-26,1,5,217.65
2022-04-27,1,5,233.35
2022-04-28,1,5,146.08
2022-04-29,1,5,247.84
2022-04-30,1,5,260.86
2022-05-01,1,5,274.26
2022-05-02,1,5,234.14
2022-05-03,1,5,157.79
2022-05-04,1,5,177.68
2022-05-05,1,5,190.41
2022-05-06,1,5,175.78
2022-05-07,1,5,326.64
2022-05-08,1,5,226.08
2022-05-09,1,5,183.09
2022-05-10,1,5,206.04
2022-05-11,1,5,164.0
2022-05-12,1,5,188.38
2022-05-13,1,5,209.98
2022-05-14,1,5,247.78
2022-05-15,1,5,257.37
2022-05-16,1,5,185.01
2022-05-17,1,5,155.45
2022-05-18,1,5,211.03
2022-05-19,1,5,254.54
2022-05-20,1,5,202.23
2022-05-21,1,5,271.28
2022-05-22,1,5,289.93
2022-05-23,1,5,163.71
2022-05-24,1,5,254.07
2022-05-25,1,5,208.71
2022-05-26,1,5,252.37
2022-05-27,1,5,180.61
2022-05-28,1,5,336.02
2022-05-29,1,5,294.98
2022-05-30,1,5,220.33
2022-05-31,1,5,210.77
2022-06-01,1,5,178.37
2022-06-02,1,5,218.83
2022-06-03,1,5,189.5
2022-06-04,1,5,170.23
2022-06-05,1,5,201.19
2022-06-06,1,5,180.89
2022-06-07,1,5,194.9
2022-06-08,1,5,184.82
2022-06-09,1,5,220.67
2022-06-10,1,5,132.08
2022-06-11,1,5,248.18
2022-06-12,1,5,176.85
2022-06-13,1,5,208.54
2022-06-14,1,5,184.71
2022-06-15,1,5,199.33
2022-06-16,1,5,163.37
2022-06-17,1,5,223.9
2022-06-18,1,5,282.61
2022-06-19,1,5,266.04
2022-06-20,1,5,184.67
2022-06-21,1,5,204.89
2022-06-22,1,5,168.65
2022-06-23,1,5,213.05
2022-06-24,1,5,235.73
2022-06-25,1,5,285.37
2022-06-26,1,5,219.16
2022-06-27,1,5,199.73
2022-06-28,1,5,152.84
2022-06-29,1,5,206.08
2022-06-30,1,5,202.78
2022-07-01,1,5,123.11
2022-07-02,1,5,183.82
2022-07-03,1,5,213.34
2022-07-04,1,5,163.79
2022-07-05,1,5,140.53
2022-07-06,1,5,181.84
2022-07-07,1,5,178.45
2022-07-08,1,5,167.09
2022-07-09,1,5,198.54
2022-07-10,1,5,259.37
2022-07-11,1,5,215.39
2022-07-12,1,5,160.16
2022-07-13,1,5,156.96
2022-07-14,1,5,185.72
2022-07-15,1,5,163.82
2022-07-16,1,5,220.54
2022-07-17,1,5,250.45
2022-07-18,1,5,123.85
2022-07-19,1,5,208.05
2022-07-20,1,5,175.74
2022-07-21,1,5,163.25
2022-07-22,1,5,171.8
2022-07-23,1,5,225.29
2022-07-24,1,5,167.87
2022-07-25,1,5,213.72
2022-07-26,1,5,175.8
2022-07-27,1,5,186.48
2022-07-28,1,5,199.98
2022-07-29,1,5,148.32
2022-07-30,1,5,244.07
2022-07-31,1,5,218.92
2022-08-01,1,5,181.79
2022-08-02,1,5,109.92
2022-08-03,1,5,159.17
2022-08-04,1,5,147.08
2022-08-05,1,5,172.33
2022-08-06,1,5,225.4
2022-08-07,1,5,188.36
2022-08-08,1,5,144.9
2022-08-09,1,5,159.67
2022-08-10,1,5,140.64
2022-08-11,1,5,183.17
2022-08-12,1,5,153.75
2022-08-13,1,5,119.43
2022-08-14,1,5,200.03
2022-08-15,1,5,137.75
2022-08-16,1,5,123.34
2022-08-17,1,5,133.1
2022-08-18,1,5,166.25
2022-08-19,1,5,196.32
2022-08-20,1,5,222.99
2022-08-21,1,5,193.76
2022-08-22,1,5,175.32
2022-08-23,1,5,152.92
2022-08-24,1,5,147.24
2022-08-25,1,5,136.01
2022-08-26,1,5,121.37
2022-08-27,1,5,201.66
2022-08-28,1,5,219.45
2022-08-29,1,5,162.64
2022-08-30,1,5,154.86
2022-08-31,1,5,141.85
2022-09-01,1,5,174.67
2022-09-02,1,5,128.55
2022-09-03,1,5,232.68
2022-09-04,1,5,177.23
2022-09-05,1,5,142.46
2022-09-06,1,5,125.35
2022-09-07,1,5,148.74
2022-09-08,1,5,184.52
2022-09-09,1,5,173.56
2022-09-10,1,5,240.35
2022-09-11,1,5,226.19
2022-09-12,1,5,134.75
2022-09-13,1,5,153.59
2022-09-14,1,5,142.81
2022-09-15,1,5,194.18
2022-09-16,1,5,132.92
2022-09-17,1,5,239.02
2022-09-18,1,5,239.19
2022-09-19,1,5,206.95
2022-09-20,1,5,152.53
2022-09-21,1,5,180.02
2022-09-22,1,5,218.48
2022-09-23,1,5,147.81
2022-09-24,1,5,163.14
2022-09-25,1,5,152.29
2022-09-26,1,5,180.74
2022-09-27,1,5,117.25
2022-09-28,1,5,154.41
2022-09-29,1,5,174.41
2022-09-30,1,5,168.35
2022-10-01,1,5,234.3
2022-10-02,1,5,227.77
2022-10-03,1,5,202.24
2022-10-04,1,5,145.56
2022-10-05,1,5,152.69
2022-10-06,1,5,150.37
2022-10-07,1,5,191.42
2022-10-08,1,5,251.37
2022-10-09,1,5,236.63
2022-10-10,1,5,200.91
2022-10-11,1,5,140.58
2022-10-12,1,5,213.62
2022-10-13,1,5,210.09
2022-10-14,1,5,190.04
2022-10-15,1,5,282.18
2022-10-16,1,5,167.47
2022-10-17,1,5,158.06
2022-10-18,1,5,152.75
2022-10-19,1,5,190.41
2022-10-20,1,5,144.86
2022-10-21,1,5,191.64
2022-10-22,1,5,269.91
2022-10-23,1,5,247.42
2022-10-24,1,5,179.82
2022-10-25,1,5,147.04
2022-10-26,1,5,150.8
2022-10-27,1,5,205.29
2022-10-28,1,5,193.24
2022-10-29,1,5,223.77
2022-10-30,1,5,211.14
2022-10-31,1,5,120.72
2022-11-01,1,5,158.57
2022-11-02,1,5,243.26
2022-11-03,1,5,152.86
2022-11-04,1,5,194.73
2022-11-05,1,5,283.57
2022-11-06,1,5,200.12
2022-11-07,1,5,195.04
2022-11-08,1,5,216.65
2022-11-09,1,5,190.43
2022-11-10,1,5,272.06
2022-11-11,1,5,142.72
2022-11-12,1,5,286.99
2022-11-13,1,5,241.42
2022-11-14,1,5,212.89
2022-11-15,1,5,203.58
2022-11-16,1,5,170.07
2022-11-17,1,5,197.8
2022-11-18,1,5,138.04
2022-11-19,1,5,271.51
2022-11-20,1,5,260.31
2022-11-21,1,5,210.19
2022-11-22,1,5,222.42
2022-11-23,1,5,202.69
2022-11-24,1,5,196.52
2022-11-25,1,5,166.96
2022-11-26,1,5,223.56
2022-11-27,1,5,295.07
2022-11-28,1,5,234.37
2022-11-29,1,5,186.08
2022-11-30,1,5,194.45
2022-12-01,1,5,185.59
2022-12-02,1,5,252.7
2022-12-03,1,5,307.47
2022-12-04,1,5,361.25
2022-12-05,1,5,187.0
2022-12-06,1,5,203.32
2022-12-07,1,5,223.19
2022-12-08,1,5,236.79
2022-12-09,1,5,209.03
2022-12-10,1,5,244.24
2022-12-11,1,5,318.43
2022-12-12,1,5,239.92
2022-12-13,1,5,186.89
2022-12-14,1,5,260.91
2022-12-15,1,5,255.07
2022-12-16,1,5,221.52
2022-12-17,1,5,285.87
2022-12-18,1,5,306.2
2022-12-19,1,5,189.5
2022-12-20,1,5,218.77
2022-12-21,1,5,147.58
2022-12-22,1,5,246.79
2022-12-23,1,5,167.15
2022-12-24,1,5,348.0
2022-12-25,1,5,270.1
2022-12-26,1,5,211.81
2022-12-27,1,5,198.3
2022-12-28,1,5,209.61
2022-12-29,1,5,265.89
2022-12-30,1,5,137.53
2022-12-31,1,5,340.1
2023-01-01,1,5,330.13
2023-01-02,1,5,198.08
2023-01-03,1,5,203.01
2023-01-04,1,5,303.14
2023-01-05,1,5,208.02
2023-01-06,1,5,200.61
2023-01-07,1,5,369.42
2023-01-08,1,5,331.85
2023-01-09,1,5,208.91
2023-01-10,1,5,251.19
2023-01-11,1,5,206.0
2023-01-12,1,5,283.87
2023-01-13,1,5,282.64
2023-01-14,1,5,342.51
2023-01-15,1,5,334.65
2023-01-16,1,5,308.9
2023-01-17,1,5,244.52
2023-01-18,1,5,201.32
2023-01-19,1,5,261.39
2023-01-20,1,5,321.74
2023-01-21,1,5,270.28
2023-01-22,1,5,301.74
2023-01-23,1,5,260.93
2023-01-24,1,5,243.78
2023-01-25,1,5,209.71
2023-01-26,1,5,287.54
2023-01-27,1,5,332.01
2023-01-28,1,5,329.84
2023-01-29,1,5,277.16
2023-01-30,1,5,189.48
2023-01-31,1,5,256.56
2023-02-01,1,5,307.29
2023-02-02,1,5,282.63
2023-02-03,1,5,263.92
2023-02-04,1,5,313.1
2023-02-05,1,5,287.4
2023-02-06,1,5,297.71
2023-02-07,1,5,301.06
2023-02-08,1,5,203.52
2023-02-09,1,5,328.37
2023-02-10,1,5,288.18
2023-02-11,1,5,417.64
2023-02-12,1,5,275.88
2023-02-13,1,5,211.42
2023-02-14,1,5,260.14
2023-02-15,1,5,286.36
2023-02-16,1,5,338.27
2023-02-17,1,5,294.9
2023-02-18,1,5,334.27
2023-02-19,1,5,293.7
2023-02-20,1,5,316.52
2023-02-21,1,5,228.71
2023-02-22,1,5,332.97
2023-02-23,1,5,256.36
2023-02-24,1,5,331.91
2023-02-25,1,5,384.12
2023-02-26,1,5,341.69
2023-02-27,1,5,247.62
2023-02-28,1,5,254.99
2023-03-01,1,5,292.74
2023-03-02,1,5,278.44
2023-03-03,1,5,250.91
2023-03-04,1,5,349.43
2023-03-05,1,5,362.81
2023-03-06,1,5,187.89
2023-03-07,1,5,295.21
2023-03-08,1,5,235.79
2023-03-09,1,5,228.76
2023-03-10,1,5,206.74
2023-03-11,1,5,263.2
2023-03-12,1,5,287.08
2023-03-13,1,5,247.88
2023-03-14,1,5,358.9
2023-03-15,1,5,255.86
2023-03-16,1,5,285.37
2023-03-17,1,5,294.86
2023-03-18,1,5,368.96
2023-03-19,1,5,357.9
2023-03-20,1,5,228.76
2023-03-21,1,5,339.63
2023-03-22,1,5,354.78
2023-03-23,1,5,208.81
2023-03-24,1,5,236.57
2023-03-25,1,5,348.35
2023-03-26,1,5,311.22
2023-03-27,1,5,301.34
2023-03-28,1,5,249.66
2023-03-29,1,5,371.56
2023-03-30,1,5,330.79
2023-03-31,1,5,289.81
2023-04-01,1,5,412.24
2023-04-02,1,5,416.75
2023-04-03,1,5,251.88
2023-04-04,1,5,241.63
2023-04-05,1,5,278.76
2023-04-06,1,5,311.36
2023-04-07,1,5,281.66
2023-04-08,1,5,274.02
2023-04-09,1,5,315.92
2023-04-10,1,5,273.41
2023-04-11,1,5,273.52
2023-04-12,1,5,358.77
2023-04-13,1,5,219.45
2023-04-14,1,5,298.26
2023-04-15,1,5,441.2
2023-04-16,1,5,483.85
2023-04-17,1,5,260.95
2023-04-18,1,5,298.48
2023-04-19,1,5,301.95
2023-04-20,1,5,286.53
2023-04-21,1,5,274.42
2023-04-22,1,5,386.06
2023-04-23,1,5,224.88
2023-04-24,1,5,307.68
2023-04-25,1,5,284.59
2023-04-26,1,5,270.17
2023-04-27,1,5,365.56
2023-04-28,1,5,251.54
2023-04-29,1,5,342.07
2023-04-30,1,5,473.16
2023-05-01,1,5,230.12
2023-05-02,1,5,241.41
2023-05-03,1,5,257.49
2023-05-04,1,5,296.7
2023-05-05,1,5,271.87
2023-05-06,1,5,276.47
2023-05-07,1,5,315.81
2023-05-08,1,5,240.11
2023-05-09,1,5,261.3
2023-05-10,1,5,281.43
2023-05-11,1,5,281.32
2023-05-12,1,5,194.32
2023-05-13,1,5,399.58
2023-05-14,1,5,357.88
2023-05-15,1,5,320.54
2023-05-16,1,5,283.29
2023-05-17,1,5,309.68
2023-05-18,1,5,284.56
2023-05-19,1,5,319.87
2023-05-20,1,5,373.32
2023-05-21,1,5,341.34
2023-05-22,1,5,357.56
2023-05-23,1,5,302.42
2023-05-24,1,5,289.99
2023-05-25,1,5,216.04
2023-05-26,1,5,215.7
2023-05-27,1,5,363.08
2023-05-28,1,5,355.64
2023-05-29,1,5,243.22
2023-05-30,1,5,273.75
2023-05-31,1,5,332.18
2023-06-01,1,5,269.48
2023-06-02,1,5,202.4
2023-06-03,1,5,312.34
2023-06-04,1,5,279.48
2023-06-05,1,5,230.44
2023-06-06,1,5,229.64
2023-06-07,1,5,227.44
2023-06-08,1,5,199.0
2023-06-09,1,5,240.62
2023-06-10,1,5,292.28
2023-06-11,1,5,179.01
2023-06-12,1,5,321.49
2023-06-13,1,5,286.13
2023-06-14,1,5,232.23
2023-06-15,1,5,246.98
2023-06-16,1,5,203.13
2023-06-17,1,5,402.13
2023-06-18,1,5,412.09
2023-06-19,1,5,252.73
2023-06-20,1,5,285.02
2023-06-21,1,5,253.75
2023-06-22,1,5,197.8
2023-06-23,1,5,232.28
2023-06-24,1,5,328.42
2023-06-25,1,5,300.29
2023-06-26,1,5,239.92
2023-06-27,1,5,244.81
2023-06-28,1,5,245.36
2023-06-29,1,5,250.48
2023-06-30,1,5,209.13
2023-07-01,1,5,259.85
2023-07-02,1,5,235.21
2023-07-03,1,5,257.15
2023-07-04,1,5,153.53
2023-07-05,1,5,263.41
2023-07-06,1,5,271.42
2023-07-07,1,5,214.65
2023-07-08,1,5,178.28
2023-07-09,1,5,276.81
2023-07-10,1,5,223.11
2023-07-11,1,5,191.25
2023-07-12,1,5,208.13
2023-07-13,1,5,277.52
2023-07-14,1,5,248.38
2023-07-15,1,5,253.05
2023-07-16,1,5,223.54
2023-07-17,1,5,215.19
2023-07-18,1,5,219.18
2023-07-19,1,5,243.44
2023-07-20,1,5,208.52
2023-07-21,1,5,244.28
2023-07-22,1,5,380.78
2023-07-23,1,5,331.43
2023-07-24,1,5,225.66
2023-07-25,1,5,221.2
2023-07-26,1,5,215.42
2023-07-27,1,5,268.07
2023-07-28,1,5,206.44
2023-07-29,1,5,298.45
2023-07-30,1,5,298.9
2023-07-31,1,5,211.13
2023-08-01,1,5,166.67
2023-08-02,1,5,220.19
2023-08-03,1,5,208.22
2023-08-04,1,5,226.06
2023-08-05,1,5,251.64
2023-08-06,1,5,323.83
2023-08-07,1,5,182.97
2023-08-08,1,5,264.95
2023-08-09,1,5,155.65
2023-08-10,1,5,224.84
2023-08-11,1,5,226.27
2023-08-12,1,5,241.96
2023-08-13,1,5,292.42
2023-08-14,1,5,252.22
2023-08-15,1,5,141.33
2023-08-16,1,5,227.85
2023-08-17,1,5,132.72
2023-08-18,1,5,181.41
2023-08-19,1,5,343.4
2023-08-20,1,5,252.03
2023-08-21,1,5,175.12
2023-08-22,1,5,206.36
2023-08-23,1,5,278.82
2023-08-24,1,5,154.43
2023-08-25,1,5,179.47
2023-08-26,1,5,339.43
2023-08-27,1,5,354.62
2023-08-28,1,5,210.16
2023-08-29,1,5,173.91
2023-08-30,1,5,280.93
2023-08-31,1,5,265.02
2023-09-01,1,5,228.16
2023-09-02,1,5,236.53
2023-09-03,1,5,267.54
2023-09-04,1,5,202.47
2023-09-05,1,5,217.89
2023-09-06,1,5,252.92
2023-09-07,1,5,235.26
2023-09-08,1,5,174.36
2023-09-09,1,5,326.39
2023-09-10,1,5,283.41
2023-09-11,1,5,229.83
2023-09-12,1,5,254.35
2023-09-13,1,5,173.83
2023-09-14,1,5,207.62
2023-09-15,1,5,192.22
2023-09-16,1,5,207.8
2023-09-17,1,5,286.01
2023-09-18,1,5,288.09
2023-09-19,1,5,151.59
2023-09-20,1,5,208.5
2023-09-21,1,5,229.79
2023-09-22,1,5,213.65
2023-09-23,1,5,268.24
2023-09-24,1,5,219.83
2023-09-25,1,5,217.5
2023-09-26,1,5,186.42
2023-09-27,1,5,141.3
2023-09-28,1,5,248.27
2023-09-29,1,5,240.96
2023-09-30,1,5,276.17
2023-10-01,1,5,293.14
2023-10-02,1,5,253.28
2023-10-03,1,5,225.61
2023-10-04,1,5,248.01
2023-10-05,1,5,208.78
2023-10-06,1,5,261.7
2023-10-07,1,5,298.12
2023-10-08,1,5,292.89
2023-10-09,1,5,177.33
2023-10-10,1,5,228.63
2023-10-11,1,5,191.96
2023-10-12,1,5,198.45
2023-10-13,1,5,192.74
2023-10-14,1,5,239.96
2023-10-15,1,5,376.91
2023-10-16,1,5,263.93
2023-10-17,1,5,283.54
2023-10-18,1,5,179.86
2023-10-19,1,5,222.75
2023-10-20,1,5,177.74
2023-10-21,1,5,256.92
2023-10-22,1,5,247.5
2023-10-23,1,5,262.0
2023-10-24,1,5,207.92
2023-10-25,1,5,256.64
2023-10-26,1,5,241.38
2023-10-27,1,5,297.98
2023-10-28,1,5,224.14
2023-10-29,1,5,342.69
2023-10-30,1,5,260.01
2023-10-31,1,5,189.58
2023-11-01,1,5,278.32
2023-11-02,1,5,254.13
2023-11-03,1,5,233.82
2023-11-04,1,5,275.98
2023-11-05,1,5,281.09
2023-11-06,1,5,317.08
2023-11-07,1,5,242.68
2023-11-08,1,5,271.29
2023-11-09,1,5,214.13
2023-11-10,1,5,214.66
2023-11-11,1,5,367.53
2023-11-12,1,5,252.35
2023-11-13,1,5,228.36
2023-11-14,1,5,244.92
2023-11-15,1,5,247.89
2023-11-16,1,5,237.41
2023-11-17,1,5,258.6
2023-11-18,1,5,350.53
2023-11-19,1,5,352.73
2023-11-20,1,5,208.38
2023-11-21,1,5,234.26
2023-11-22,1,5,288.71
2023-11-23,1,5,277.85
2023-11-24,1,5,194.64
2023-11-25,1,5,335.66
2023-11-26,1,5,224.37
2023-11-27,1,5,247.29
2023-11-28,1,5,315.65
2023-11-29,1,5,210.89
2023-11-30,1,5,215.21
2023-12-01,1,5,304.83
2023-12-02,1,5,273.41
2023-12-03,1,5,322.17
2023-12-04,1,5,298.48
2023-12-05,1,5,248.05
2023-12-06,1,5,264.58
2023-12-07,1,5,305.09
2023-12-08,1,5,291.98
2023-12-09,1,5,371.5
2023-12-10,1,5,339.23
2023-12-11,1,5,290.37
2023-12-12,1,5,270.15
2023-12-13,1,5,294.33
2023-12-14,1,5,255.04
2023-12-15,1,5,268.19
2023-12-16,1,5,305.41
2023-12-17,1,5,356.99
2023-12-18,1,5,242.62
2023-12-19,1,5,230.2
2023-12-20,1,5,287.27
2023-12-21,1,5,285.53
2023-12-22,1,5,309.38
2023-12-23,1,5,336.85
2023-12-24,1,5,382.4
2023-12-25,1,5,300.26
2023-12-26,1,5,296.02
2023-12-27,1,5,243.28
2023-12-28,1,5,284.06
2023-12-29,1,5,293.18
2023-12-30,1,5,361.99
2023-12-31,1,5,248.57
2022-01-01,1,6,389.98
2022-01-02,1,6,465.07
2022-01-03,1,6,409.48
2022-01-04,1,6,323.97
2022-01-05,1,6,350.35
2022-01-06,1,6,375.89
2022-01-07,1,6,422.57
2022-01-08,1,6,520.0
2022-01-09,1,6,523.42
2022-01-10,1,6,336.08
2022-01-11,1,6,381.06
2022-01-12,1,6,320.79
2022-01-13,1,6,405.77
2022-01-14,1,6,422.7
2022-01-15,1,6,507.99
2022-01-16,1,6,443.65
2022-01-17,1,6,350.48
2022-01-18,1,6,459.94
2022-01-19,1,6,343.18
2022-01-20,1,6,419.7
2022-01-21,1,6,381.4
2022-01-22,1,6,448.63
2022-01-23,1,6,377.41
2022-01-24,1,6,375.57
2022-01-25,1,6,369.35
2022-01-26,1,6,463.56
2022-01-27,1,6,317.98
2022-01-28,1,6,491.23
2022-01-29,1,6,502.56
2022-01-30,1,6,502.98
2022-01-31,1,6,333.9
2022-02-01,1,6,409.75
2022-02-02,1,6,419.45
2022-02-03,1,6,447.16
2022-02-04,1,6,334.83
2022-02-05,1,6,618.39
2022-02-06,1,6,538.84
2022-02-07,1,6,429.46
2022-02-08,1,6,380.88
2022-02-09,1,6,339.42
2022-02-10,1,6,399.0
2022-02-11,1,6,406.17
2022-02-12,1,6,407.25
2022-02-13,1,6,575.81
2022-02-14,1,6,455.44
2022-02-15,1,6,353.19
2022-02-16,1,6,336.08
2022-02-17,1,6,379.29
2022-02-18,1,6,399.16
2022-02-19,1,6,497.04
2022-02-20,1,6,513.3
2022-02-21,1,6,412.12
2022-02-22,1,6,317.31
2022-02-23,1,6,324.5
2022-02-24,1,6,236.67
2022-02-25,1,6,456.99
2022-02-26,1,6,522.19
2022-02-27,1,6,603.46
2022-02-28,1,6,333.0
2022-03-01,1,6,412.59
2022-03-02,1,6,424.73
2022-03-03,1,6,377.15
2022-03-04,1,6,316.19
2022-03-05,1,6,676.91
2022-03-06,1,6,649.63
2022-03-07,1,6,389.73
2022-03-08,1,6,445.47
2022-03-09,1,6,384.07
2022-03-10,1,6,352.68
2022-03-11,1,6,528.7
2022-03-12,1,6,405.89
2022-03-13,1,6,517.32
2022-03-14,1,6,421.39
2022-03-15,1,6,519.68
2022-03-16,1,6,472.98
2022-03-17,1,6,312.62
2022-03-18,1,6,417.51
2022-03-19,1,6,545.21
2022-03-20,1,6,525.37
2022-03-21,1,6,457.79
2022-03-22,1,6,330.62
2022-03-23,1,6,393.9
2022-03-24,1,6,450.18
2022-03-25,1,6,463.25
2022-03-26,1,6,559.29
2022-03-27,1,6,523.84
2022-03-28,1,6,413.98
2022-03-29,1,6,468.82
2022-03-30,1,6,424.49
2022-03-31,1,6,356.67
2022-04-01,1,6,337.13
2022-04-02,1,6,417.99
2022-04-03,1,6,656.39
2022-04-04,1,6,465.05
2022-04-05,1,6,408.56
2022-04-06,1,6,387.28
2022-04-07,1,6,380.14
2022-04-08,1,6,484.6
2022-04-09,1,6,696.47
2022-04-10,1,6,492.97
2022-04-11,1,6,488.75
2022-04-12,1,6,419.6
2022-04-13,1,6,404.9
2022-04-14,1,6,513.05
2022-04-15,1,6,418.34
2022-04-16,1,6,569.41
2022-04-17,1,6,565.99
2022-04-18,1,6,317.68
2022-04-19,1,6,438.69
2022-04-20,1,6,385.36
2022-04-21,1,6,331.46
2022-04-22,1,6,388.93
2022-04-23,1,6,505.39
2022-04-24,1,6,633.95
2022-04-25,1,6,355.32
2022-04-26,1,6,373.02
2022-04-27,1,6,438.49
2022-04-28,1,6,339.61
2022-04-29,1,6,382.35
2022-04-30,1,6,414.24
2022-05-01,1,6,589.59
2022-05-02,1,6,380.86
2022-05-03,1,6,398.29
2022-05-04,1,6,454.51
2022-05-05,1,6,356.63
2022-05-06,1,6,381.58
2022-05-07,1,6,438.34
2022-05-08,1,6,438.56
2022-05-09,1,6,345.95
2022-05-10,1,6,372.06
2022-05-11,1,6,378.88
2022-05-12,1,6,419.87
2022-05-13,1,6,348.96
2022-05-14,1,6,549.24
2022-05-15,1,6,562.73
2022-05-16,1,6,375.53
2022-05-17,1,6,355.43
2022-05-18,1,6,409.75
2022-05-19,1,6,392.61
2022-05-20,1,6,418.69
2022-05-21,1,6,651.52
2022-05-22,1,6,533.24
2022-05-23,1,6,367.4
2022-05-24,1,6,352.37
2022-05-25,1,6,355.04
2022-05-26,1,6,318.03
2022-05-27,1,6,464.84
2022-05-28,1,6,352.84
2022-05-29,1,6,569.93
2022-05-30,1,6,355.62
2022-05-31,1,6,377.76
2022-06-01,1,6,322.18
2022-06-02,1,6,453.48
2022-06-03,1,6,373.89
2022-06-04,1,6,542.83
2022-06-05,1,6,580.46
2022-06-06,1,6,383.11
2022-06-07,1,6,307.15
2022-06-08,1,6,362.2
2022-06-09,1,6,333.18
2022-06-10,1,6,346.9
2022-06-11,1,6,481.31
2022-06-12,1,6,478.82
2022-06-13,1,6,399.47
2022-06-14,1,6,408.01
2022-06-15,1,6,369.28
2022-06-16,1,6,400.01
2022-06-17,1,6,346.4
2022-06-18,1,6,588.05
2022-06-19,1,6,449.9
2022-06-20,1,6,446.44
2022-06-21,1,6,294.93
2022-06-22,1,6,357.49
2022-06-23,1,6,360.61
2022-06-24,1,6,395.66
2022-06-25,1,6,558.0
2022-06-26,1,6,401.86
2022-06-27,1,6,317.46
2022-06-28,1,6,300.93
2022-06-29,1,6,456.91
2022-06-30,1,6,398.75
2022-07-01,1,6,287.91
2022-07-02,1,6,417.63
2022-07-03,1,6,527.11
2022-07-04,1,6,330.33
2022-07-05,1,6,327.55
2022-07-06,1,6,304.82
2022-07-07,1,6,292.45
2022-07-08,1,6,407.26
2022-07-09,1,6,563.0
2022-07-10,1,6,383.83
2022-07-11,1,6,419.82
2022-07-12,1,6,321.66
2022-07-13,1,6,375.13
2022-07-14,1,6,421.15
2022-07-15,1,6,340.34
2022-07-16,1,6,430.39
2022-07-17,1,6,507.48
2022-07-18,1,6,290.71
2022-07-19,1,6,409.13
2022-07-20,1,6,356.85
2022-07-21,1,6,319.35
2022-07-22,1,6,318.23
2022-07-23,1,6,360.82
2022-07-24,1,6,419.04
2022-07-25,1,6,336.92
2022-07-26,1,6,295.22
2022-07-27,1,6,349.01
2022-07-28,1,6,376.64
2022-07-29,1,6,340.71
2022-07-30,1,6,503.48
2022-07-31,1,6,402.84
2022-08-01,1,6,372.94
2022-08-02,1,6,330.35
2022-08-03,1,6,399.95
2022-08-04,1,6,442.64
2022-08-05,1,6,302.29
2022-08-06,1,6,395.91
2022-08-07,1,6,407.85
2022-08-08,1,6,355.16
2022-08-09,1,6,391.19
2022-08-10,1,6,294.59
2022-08-11,1,6,345.52
2022-08-12,1,6,320.43
2022-08-13,1,6,465.03
2022-08-14,1,6,522.36
2022-08-15,1,6,316.08
2022-08-16,1,6,245.97
2022-08-17,1,6,365.08
2022-08-18,1,6,287.65
2022-08-19,1,6,321.91
2022-08-20,1,6,478.54
2022-08-21,1,6,447.47
2022-08-22,1,6,324.74
2022-08-23,1,6,301.53
2022-08-24,1,6,186.63
2022-08-25,1,6,365.2
2022-08-26,1,6,318.29
2022-08-27,1,6,528.15
2022-08-28,1,6,456.51
2022-08-29,1,6,304.73
2022-08-30,1,6,385.03
2022-08-31,1,6,389.54
2022-09-01,1,6,311.1
2022-09-02,1,6,379.57
2022-09-03,1,6,383.96
2022-09-04,1,6,429.22
2022-09-05,1,6,350.37
2022-09-06,1,6,360.99
2022-09-07,1,6,353.36
2022-09-08,1,6,307.34
2022-09-09,1,6,376.86
2022-09-10,1,6,413.34
2022-09-11,1,6,385.56
2022-09-12,1,6,297.54
2022-09-13,1,6,419.29
2022-09-14,1,6,288.86
2022-09-15,1,6,388.32
2022-09-16,1,6,270.11
2022-09-17,1,6,454.56
2022-09-18,1,6,442.78
2022-09-19,1,6,405.69
2022-09-20,1,6,294.53
2022-09-21,1,6,281.22
2022-09-22,1,6,321.39
2022-09-23,1,6,409.12
2022-09-24,1,6,369.43
2022-09-25,1,6,260.75
2022-09-26,1,6,331.08
2022-09-27,1,6,375.18
2022-09-28,1,6,278.68
2022-09-29,1,6,370.75
2022-09-30,1,6,278.03
2022-10-01,1,6,432.88
2022-10-02,1,6,492.97
2022-10-03,1,6,280.27
2022-10-04,1,6,350.57
2022-10-05,1,6,403.79
2022-10-06,1,6,366.11
2022-10-07,1,6,305.1
2022-10-08,1,6,546.43
2022-10-09,1,6,489.38
2022-10-10,1,6,247.19
2022-10-11,1,6,387.63
2022-10-12,1,6,313.98
2022-10-13,1,6,353.81
2022-10-14,1,6,395.95
2022-10-15,1,6,410.59
2022-10-16,1,6,337.29
2022-10-17,1,6,422.61
2022-10-18,1,6,405.29
2022-10-19,1,6,340.77
2022-10-20,1,6,389.79
2022-10-21,1,6,326.66
2022-10-22,1,6,456.46
2022-10-23,1,6,440.52
2022-10-24,1,6,329.52
2022-10-25,1,6,365.59
2022-10-26,1,6,284.24
2022-10-27,1,6,334.31
2022-10-28,1,6,364.09
2022-10-29,1,6,577.07
2022-10-30,1,6,373.41
2022-10-31,1,6,375.71
2022-11-01,1,6,415.53
2022-11-02,1,6,272.98
2022-11-03,1,6,403.64
2022-11-04,1,6,430.76
2022-11-05,1,6,538.76
2022-11-06,1,6,489.19
2022-11-07,1,6,400.45
2022-11-08,1,6,391.4
2022-11-09,1,6,285.17
2022-11-10,1,6,393.35
2022-11-11,1,6,361.49
2022-11-12,1,6,445.08
2022-11-13,1,6,683.73
2022-11-14,1,6,455.47
2022-11-15,1,6,317.52
2022-11-16,1,6,403.98
2022-11-17,1,6,468.35
2022-11-18,1,6,298.28
2022-11-19,1,6,506.12
2022-11-20,1,6,510.04
2022-11-21,1,6,311.77
2022-11-22,1,6,407.72
2022-11-23,1,6,450.69
2022-11-24,1,6,473.73
2022-11-25,1,6,372.17
2022-11-26,1,6,691.74
2022-11-27,1,6,347.99
2022-11-28,1,6,408.21
2022-11-29,1,6,305.64
2022-11-30,1,6,393.33
2022-12-01,1,6,397.75
2022-12-02,1,6,464.69
2022-12-03,1,6,551.14
2022-12-04,1,6,492.59
2022-12-05,1,6,383.46
2022-12-06,1,6,558.7
2022-12-07,1,6,462.31
2022-12-08,1,6,323.04
2022-12-09,1,6,469.98
2022-12-10,1,6,548.28
2022-12-11,1,6,565.58
2022-12-12,1,6,488.6
2022-12-13,1,6,512.69
2022-12-14,1,6,379.6
2022-12-15,1,6,434.11
2022-12-16,1,6,400.63
2022-12-17,1,6,618.54
2022-12-18,1,6,548.34
2022-12-19,1,6,439.27
2022-12-20,1,6,419.93
2022-12-21,1,6,431.03
2022-12-22,1,6,550.4
2022-12-23,1,6,595.95
2022-12-24,1,6,602.94
2022-12-25,1,6,562.52
2022-12-26,1,6,334.4
2022-12-27,1,6,389.76
2022-12-28,1,6,431.89
2022-12-29,1,6,393.33
2022-12-30,1,6,400.57
2022-12-31,1,6,709.15
2023-01-01,1,6,634.15
2023-01-02,1,6,494.69
2023-01-03,1,6,437.23
2023-01-04,1,6,572.76
2023-01-05,1,6,471.6
2023-01-06,1,6,449.4
2023-01-07,1,6,483.82
2023-01-08,1,6,628.85
2023-01-09,1,6,448.1
2023-01-10,1,6,612.46
2023-01-11,1,6,624.6
2023-01-12,1,6,398.9
2023-01-13,1,6,407.51
2023-01-14,1,6,611.02
2023-01-15,1,6,559.82
2023-01-16,1,6,507.06
2023-01-17,1,6,467.33
2023-01-18,1,6,512.45
2023-01-19,1,6,567.12
2023-01-20,1,6,413.86
2023-01-21,1,6,736.32
2023-01-22,1,6,571.07
2023-01-23,1,6,652.6
2023-01-24,1,6,613.99
2023-01-25,1,6,485.87
2023-01-26,1,6,423.12
2023-01-27,1,6,409.22
2023-01-28,1,6,728.3
2023-01-29,1,6,641.44
2023-01-30,1,6,564.99
2023-01-31,1,6,660.51
2023-02-01,1,6,468.58
2023-02-02,1,6,432.35
2023-02-03,1,6,545.89
2023-02-04,1,6,808.74
2023-02-05,1,6,593.28
2023-02-06,1,6,534.46
2023-02-07,1,6,641.42
2023-02-08,1,6,402.04
2023-02-09,1,6,551.65
2023-02-10,1,6,490.02
2023-02-11,1,6,706.59
2023-02-12,1,6,768.08
2023-02-13,1,6,552.05
2023-02-14,1,6,453.71
2023-02-15,1,6,494.88
2023-02-16,1,6,650.08
2023-02-17,1,6,562.31
2023-02-18,1,6,785.0
2023-02-19,1,6,723.81
2023-02-20,1,6,602.19
2023-02-21,1,6,505.46
2023-02-22,1,6,475.86
2023-02-23,1,6,599.8
2023-02-24,1,6,629.6
2023-02-25,1,6,604.5
2023-02-26,1,6,640.51
2023-02-27,1,6,526.46
2023-02-28,1,6,671.27
2023-03-01,1,6,599.46
2023-03-02,1,6,443.29
2023-03-03,1,6,545.83
2023-03-04,1,6,693.56
2023-03-05,1,6,593.8
2023-03-06,1,6,545.99
2023-03-07,1,6,530.95
2023-03-08,1,6,525.36
2023-03-09,1,6,521.91
2023-03-10,1,6,679.04
2023-03-11,1,6,684.17
2023-03-12,1,6,729.55
2023-03-13,1,6,552.52
2023-03-14,1,6,515.56
2023-03-15,1,6,564.86
2023-03-16,1,6,564.07
2023-03-17,1,6,565.67
2023-03-18,1,6,633.46
2023-03-19,1,6,705.19
2023-03-20,1,6,624.03
2023-03-21,1,6,545.42
2023-03-22,1,6,574.53
2023-03-23,1,6,575.37
2023-03-24,1,6,596.87
2023-03-25,1,6,791.95
2023-03-26,1,6,712.12
2023-03-27,1,6,485.92
2023-03-28,1,6,460.29
2023-03-29,1,6,649.68
2023-03-30,1,6,629.19
2023-03-31,1,6,619.39
2023-04-01,1,6,805.2
2023-04-02,1,6,700.94
2023-04-03,1,6,501.12
2023-04-04,1,6,471.96
2023-04-05,1,6,463.23
2023-04-06,1,6,654.84
2023-04-07,1,6,513.45
2023-04-08,1,6,835.44
2023-04-09,1,6,701.56
2023-04-10,1,6,499.25
2023-04-11,1,6,464.72
2023-04-12,1,6,507.28
2023-04-13,1,6,675.19
2023-04-14,1,6,466.52
2023-04-15,1,6,954.88
2023-04-16,1,6,633.8
2023-04-17,1,6,621.07
2023-04-18,1,6,546.47
2023-04-19,1,6,532.14
2023-04-20,1,6,452.72
2023-04-21,1,6,551.52
2023-04-22,1,6,601.69
2023-04-23,1,6,544.9
2023-04-24,1,6,570.98
2023-04-25,1,6,507.8
2023-04-26,1,6,703.59
2023-04-27,1,6,646.37
2023-04-28,1,6,705.65
2023-04-29,1,6,656.94
2023-04-30,1,6,747.11
2023-05-01,1,6,320.69
2023-05-02,1,6,506.42
2023-05-03,1,6,536.94
2023-05-04,1,6,541.71
2023-05-05,1,6,526.47
2023-05-06,1,6,696.13
2023-05-07,1,6,409.01
2023-05-08,1,6,551.31
2023-05-09,1,6,569.78
2023-05-10,1,6,638.31
2023-05-11,1,6,561.39
2023-05-12,1,6,521.89
2023-05-13,1,6,807.26
2023-05-14,1,6,447.92
2023-05-15,1,6,492.19
2023-05-16,1,6,472.44
2023-05-17,1,6,531.34
2023-05-18,1,6,358.19
2023-05-19,1,6,640.68
2023-05-20,1,6,669.66
2023-05-21,1,6,729.48
2023-05-22,1,6,553.82
2023-05-23,1,6,637.79
2023-05-24,1,6,386.73
2023-05-25,1,6,546.0
2023-05-26,1,6,629.69
2023-05-27,1,6,688.69
2023-05-28,1,6,599.62
2023-05-29,1,6,489.61
2023-05-30,1,6,506.98
2023-05-31,1,6,480.78
2023-06-01,1,6,479.16
2023-06-02,1,6,601.75
2023-06-03,1,6,581.16
2023-06-04,1,6,592.06
2023-06-05,1,6,525.61
2023-06-06,1,6,479.12
2023-06-07,1,6,394.18
2023-06-08,1,6,488.15
2023-06-09,1,6,485.68
2023-06-10,1,6,735.17
2023-06-11,1,6,548.15
2023-06-12,1,6,566.75
2023-06-13,1,6,487.03
2023-06-14,1,6,412.41
2023-06-15,1,6,397.77
2023-06-16,1,6,638.96
2023-06-17,1,6,628.8
2023-06-18,1,6,735.23
2023-06-19,1,6,369.08
2023-06-20,1,6,693.01
2023-06-21,1,6,563.45
2023-06-22,1,6,478.15
2023-06-23,1,6,474.67
2023-06-24,1,6,718.51
2023-06-25,1,6,713.4
2023-06-26,1,6,512.14
2023-06-27,1,6,499.63
2023-06-28,1,6,541.14
2023-06-29,1,6,368.97
2023-06-30,1,6,471.95
2023-07-01,1,6,440.58
2023-07-02,1,6,638.6
2023-07-03,1,6,404.99
2023-07-04,1,6,344.66
2023-07-05,1,6,397.53
2023-07-06,1,6,461.67
2023-07-07,1,6,437.93
2023-07-08,1,6,484.34
2023-07-09,1,6,437.74
2023-07-10,1,6,457.74
2023-07-11,1,6,413.54
2023-07-12,1,6,435.75
2023-07-13,1,6,442.73
2023-07-14,1,6,483.16
2023-07-15,1,6,665.43
2023-07-16,1,6,603.79
2023-07-17,1,6,432.9
2023-07-18,1,6,456.74
2023-07-19,1,6,432.17
2023-07-20,1,6,343.37
2023-07-21,1,6,530.6
2023-07-22,1,6,673.44
2023-07-23,1,6,770.45
2023-07-24,1,6,613.05
2023-07-25,1,6,376.45
2023-07-26,1,6,434.36
2023-07-27,1,6,630.08
2023-07-28,1,6,455.17
2023-07-29,1,6,617.55
2023-07-30,1,6,460.09
2023-07-31,1,6,469.17
2023-08-01,1,6,544.0
2023-08-02,1,6,503.5
2023-08-03,1,6,383.67
2023-08-04,1,6,397.46
2023-08-05,1,6,456.45
2023-08-06,1,6,479.82
2023-08-07,1,6,302.07
2023-08-08,1,6,418.26
2023-08-09,1,6,519.94
2023-08-10,1,6,446.8
2023-08-11,1,6,511.44
2023-08-12,1,6,641.02
2023-08-13,1,6,507.17
2023-08-14,1,6,376.81
2023-08-15,1,6,379.49
2023-08-16,1,6,316.12
2023-08-17,1,6,428.12
2023-08-18,1,6,240.59
2023-08-19,1,6,603.77
2023-08-20,1,6,560.9
2023-08-21,1,6,457.33
2023-08-22,1,6,495.16
2023-08-23,1,6,440.41
2023-08-24,1,6,532.66
2023-08-25,1,6,468.14
2023-08-26,1,6,493.74
2023-08-27,1,6,537.48
2023-08-28,1,6,283.49
2023-08-29,1,6,371.17
2023-08-30,1,6,404.99
2023-08-31,1,6,465.02
2023-09-01,1,6,369.29
2023-09-02,1,6,440.11
2023-09-03,1,6,388.29
2023-09-04,1,6,379.61
2023-09-05,1,6,539.24
2023-09-06,1,6,434.4
2023-09-07,1,6,476.55
2023-09-08,1,6,361.52
2023-09-09,1,6,415.35
2023-09-10,1,6,444.36
2023-09-11,1,6,412.62
2023-09-12,1,6,293.65
2023-09-13,1,6,355.94
2023-09-14,1,6,382.6
2023-09-15,1,6,336.58
2023-09-16,1,6,372.08
2023-09-17,1,6,570.09
2023-09-18,1,6,423.42
2023-09-19,1,6,469.96
2023-09-20,1,6,350.92
2023-09-21,1,6,469.33
2023-09-22,1,6,518.27
2023-09-23,1,6,569.94
2023-09-24,1,6,498.51
2023-09-25,1,6,431.53
2023-09-26,1,6,380.9
2023-09-27,1,6,370.58
2023-09-28,1,6,466.48
2023-09-29,1,6,414.55
2023-09-30,1,6,650.28
2023-10-01,1,6,531.72
2023-10-02,1,6,415.93
2023-10-03,1,6,401.35
2023-10-04,1,6,365.15
2023-10-05,1,6,492.81
2023-10-06,1,6,583.5
2023-10-07,1,6,538.83
2023-10-08,1,6,513.57
2023-10-09,1,6,391.01
2023-10-10,1,6,395.59
2023-10-11,1,6,549.84
2023-10-12,1,6,393.5
2023-10-13,1,6,402.56
2023-10-14,1,6,467.24
2023-10-15,1,6,599.69
2023-10-16,1,6,437.65
2023-10-17,1,6,366.91
2023-10-18,1,6,383.36
2023-10-19,1,6,544.75
2023-10-20,1,6,445.35
2023-10-21,1,6,585.27
2023-10-22,1,6,585.96
2023-10-23,1,6,536.85
2023-10-24,1,6,374.59
2023-10-25,1,6,418.08
2023-10-26,1,6,433.51
2023-10-27,1,6,330.15
2023-10-28,1,6,499.35
2023-10-29,1,6,670.2
2023-10-30,1,6,496.69
2023-10-31,1,6,508.82
2023-11-01,1,6,442.97
2023-11-02,1,6,452.23
2023-11-03,1,6,356.01
2023-11-04,1,6,721.28
2023-11-05,1,6,737.35
2023-11-06,1,6,566.6
2023-11-07,1,6,604.99
2023-11-08,1,6,518.84
2023-11-09,1,6,602.25
2023-11-10,1,6,473.84
2023-11-11,1,6,467.03
2023-11-12,1,6,717.93
2023-11-13,1,6,356.98
2023-11-14,1,6,502.19
2023-11-15,1,6,560.2
2023-11-16,1,6,514.12
2023-11-17,1,6,658.21
2023-11-18,1,6,449.94
2023-11-19,1,6,630.56
2023-11-20,1,6,492.72
2023-11-21,1,6,392.59
2023-11-22,1,6,406.87
2023-11-23,1,6,429.9
2023-11-24,1,6,411.35
2023-11-25,1,6,630.38
2023-11-26,1,6,583.15
2023-11-27,1,6,517.01
2023-11-28,1,6,541.87
2023-11-29,1,6,537.17
2023-11-30,1,6,463.94
2023-12-01,1,6,573.05
2023-12-02,1,6,825.9
2023-12-03,1,6,763.13
2023-12-04,1,6,704.1
2023-12-05,1,6,632.06
2023-12-06,1,6,693.3
2023-12-07,1,6,345.35
2023-12-08,1,6,559.87
2023-12-09,1,6,682.97
2023-12-10,1,6,704.8
2023-12-11,1,6,486.08
2023-12-12,1,6,586.03
2023-12-13,1,6,403.35
2023-12-14,1,6,587.32
2023-12-15,1,6,489.99
2023-12-16,1,6,666.69
2023-12-17,1,6,768.65
2023-12-18,1,6,561.66
2023-12-19,1,6,643.23
2023-12-20,1,6,474.93
2023-12-21,1,6,549.34
2023-12-22,1,6,630.57
2023-12-23,1,6,762.94
2023-12-24,1,6,770.38
2023-12-25,1,6,650.0
2023-12-26,1,6,523.7
2023-12-27,1,6,506.38
2023-12-28,1,6,606.57
2023-12-29,1,6,546.14
2023-12-30,1,6,849.0
2023-12-31,1,6,767.43
2022-01-01,1,7,526.51
2022-01-02,1,7,462.42
2022-01-03,1,7,435.73
2022-01-04,1,7,308.5
2022-01-05,1,7,335.38
2022-01-06,1,7,332.01
2022-01-07,1,7,451.48
2022-01-08,1,7,577.1
2022-01-09,1,7,543.09
2022-01-10,1,7,452.35
2022-01-11,1,7,338.63
2022-01-12,1,7,410.88
2022-01-13,1,7,383.51
2022-01-14,1,7,440.94
2022-01-15,1,7,500.31
2022-01-16,1,7,480.19
2022-01-17,1,7,424.24
2022-01-18,1,7,444.41
2022-01-19,1,7,353.75
2022-01-20,1,7,389.95
2022-01-21,1,7,331.4
2022-01-22,1,7,320.54
2022-01-23,1,7,528.56
2022-01-24,1,7,431.19
2022-01-25,1,7,411.03
2022-01-26,1,7,280.11
2022-01-27,1,7,375.41
2022-01-28,1,7,264.66
2022-01-29,1,7,622.19
2022-01-30,1,7,432.48
2022-01-31,1,7,472.72
2022-02-01,1,7,484.95
2022-02-02,1,7,367.68
2022-02-03,1,7,353.21
2022-02-04,1,7,448.31
2022-02-05,1,7,484.05
2022-02-06,1,7,563.3
2022-02-07,1,7,396.23
2022-02-08,1,7,313.34
2022-02-09,1,7,284.79
2022-02-10,1,7,442.96
2022-02-11,1,7,392.69
2022-02-12,1,7,511.7
2022-02-13,1,7,616.82
2022-02-14,1,7,505.74
2022-02-15,1,7,412.86
2022-02-16,1,7,408.86
2022-02-17,1,7,463.64
2022-02-18,1,7,343.83
2022-02-19,1,7,580.54
2022-02-20,1,7,608.82
2022-02-21,1,7,477.1
2022-02-22,1,7,307.45
2022-02-23,1,7,384.22
2022-02-24,1,7,376.97
2022-02-25,1,7,441.09
2022-02-26,1,7,606.26
2022-02-27,1,7,693.1
2022-02-28,1,7,403.46
2022-03-01,1,7,412.89
2022-03-02,1,7,523.63
2022-03-03,1,7,466.92
2022-03-04,1,7,532.53
2022-03-05,1,7,607.45
2022-03-06,1,7,481.63
2022-03-07,1,7,358.99
2022-03-08,1,7,344.61
2022-03-09,1,7,494.2
2022-03-10,1,7,530.21
2022-03-11,1,7,575.34
2022-03-12,1,7,660.19
2022-03-13,1,7,688.94
2022-03-14,1,7,412.37
2022-03-15,1,7,373.67
2022-03-16,1,7,510.21
2022-03-17,1,7,481.31
2022-03-18,1,7,460.66
2022-03-19,1,7,624.18
2022-03-20,1,7,619.07
2022-03-21,1,7,542.16
2022-03-22,1,7,543.42
2022-03-23,1,7,492.64
2022-03-24,1,7,513.72
2022-03-25,1,7,491.48
2022-03-26,1,7,552.66
2022-03-27,1,7,661.73
2022-03-28,1,7,361.85
2022-03-29,1,7,530.38
2022-03-30,1,7,376.27
2022-03-31,1,7,478.5
2022-04-01,1,7,392.07
2022-04-02,1,7,632.72
2022-04-03,1,7,581.79
2022-04-04,1,7,342.53
2022-04-05,1,7,479.08
2022-04-06,1,7,411.95
2022-04-07,1,7,511.14
2022-04-08,1,7,451.97
2022-04-09,1,7,622.85
2022-04-10,1,7,503.98
2022-04-11,1,7,413.06
2022-04-12,1,7,422.32
2022-04-13,1,7,512.27
2022-04-14,1,7,568.67
2022-04-15,1,7,399.84
2022-04-16,1,7,687.3
2022-04-17,1,7,399.51
2022-04-18,1,7,374.31
2022-04-19,1,7,390.77
2022-04-20,1,7,364.14
2022-04-21,1,7,348.62
2022-04-22,1,7,486.0
2022-04-23,1,7,576.35
2022-04-24,1,7,629.93
2022-04-25,1,7,506.41
2022-04-26,1,7,477.59
2022-04-27,1,7,505.06
2022-04-28,1,7,455.32
2022-04-29,1,7,378.53
2022-04-30,1,7,694.3
2022-05-01,1,7,512.64
2022-05-02,1,7,372.19
2022-05-03,1,7,421.77
2022-05-04,1,7,374.34
2022-05-05,1,7,406.93
2022-05-06,1,7,456.92
2022-05-07,1,7,594.89
2022-05-08,1,7,489.64
2022-05-09,1,7,403.78
2022-05-10,1,7,506.31
2022-05-11,1,7,468.92
2022-05-12,1,7,572.77
2022-05-13,1,7,514.59
2022-05-14,1,7,666.5
2022-05-15,1,7,450.83
2022-05-16,1,7,488.58
2022-05-17,1,7,435.25
2022-05-18,1,7,402.84
2022-05-19,1,7,450.59
2022-05-20,1,7,502.27
2022-05-21,1,7,615.37
2022-05-22,1,7,497.39
2022-05-23,1,7,490.18
2022-05-24,1,7,399.23
2022-05-25,1,7,456.19
2022-05-26,1,7,422.1
2022-05-27,1,7,428.08
2022-05-28,1,7,642.08
2022-05-29,1,7,486.46
2022-05-30,1,7,573.25
2022-05-31,1,7,322.83
2022-06-01,1,7,367.89
2022-06-02,1,7,426.94
2022-06-03,1,7,440.31
2022-06-04,1,7,518.79
2022-06-05,1,7,522.65
2022-06-06,1,7,430.88
2022-06-07,1,7,392.15
2022-06-08,1,7,491.55
2022-06-09,1,7,458.17
2022-06-10,1,7,460.61
2022-06-11,1,7,453.13
2022-06-12,1,7,524.07
2022-06-13,1,7,389.93
2022-06-14,1,7,347.04
2022-06-15,1,7,431.14
2022-06-16,1,7,376.37
2022-06-17,1,7,450.02
2022-06-18,1,7,447.54
2022-06-19,1,7,671.16
2022-06-20,1,7,355.56
2022-06-21,1,7,424.67
2022-06-22,1,7,460.37
2022-06-23,1,7,376.6
2022-06-24,1,7,464.91
2022-06-25,1,7,437.43
2022-06-26,1,7,653.69
2022-06-27,1,7,414.13
2022-06-28,1,7,376.6
2022-06-29,1,7,395.38
2022-06-30,1,7,464.58
2022-07-01,1,7,340.47
2022-07-02,1,7,430.98
2022-07-03,1,7,469.82
2022-07-04,1,7,308.09
2022-07-05,1,7,476.71
2022-07-06,1,7,342.93
2022-07-07,1,7,421.88
2022-07-08,1,7,387.2
2022-07-09,1,7,416.3
2022-07-10,1,7,488.41
2022-07-11,1,7,420.61
2022-07-12,1,7,366.03
2022-07-13,1,7,444.45
2022-07-14,1,7,435.11
2022-07-15,1,7,429.67
2022-07-16,1,7,457.44
2022-07-17,1,7,412.07
2022-07-18,1,7,343.72
2022-07-19,1,7,390.03
2022-07-20,1,7,410.24
2022-07-21,1,7,255.89
2022-07-22,1,7,379.37
2022-07-23,1,7,505.91
2022-07-24,1,7,474.01
2022-07-25,1,7,454.53
2022-07-26,1,7,405.2
2022-07-27,1,7,456.37
2022-07-28,1,7,369.36
2022-07-29,1,7,435.76
2022-07-30,1,7,618.97
2022-07-31,1,7,595.35
2022-08-01,1,7,294.2
2022-08-02,1,7,338.73
2022-08-03,1,7,334.17
2022-08-04,1,7,378.59
2022-08-05,1,7,389.34
2022-08-06,1,7,401.48
2022-08-07,1,7,464.33
2022-08-08,1,7,246.65
2022-08-09,1,7,430.76
2022-08-10,1,7,327.21
2022-08-11,1,7,357.71
2022-08-12,1,7,338.54
2022-08-13,1,7,541.32
2022-08-14,1,7,265.53
2022-08-15,1,7,355.01
2022-08-16,1,7,350.54
2022-08-17,1,7,332.22
2022-08-18,1,7,449.15
2022-08-19,1,7,309.54
2022-08-20,1,7,518.34
2022-08-21,1,7,489.78
2022-08-22,1,7,425.66
2022-08-23,1,7,322.37
2022-08-24,1,7,319.1
2022-08-25,1,7,417.79
2022-08-26,1,7,382.0
2022-08-27,1,7,358.93
2022-08-28,1,7,429.75
2022-08-29,1,7,380.83
2022-08-30,1,7,405.53
2022-08-31,1,7,323.81
2022-09-01,1,7,196.52
2022-09-02,1,7,376.85
2022-09-03,1,7,371.4
2022-09-04,1,7,317.3
2022-09-05,1,7,201.46
2022-09-06,1,7,393.35
2022-09-07,1,7,357.59
2022-09-08,1,7,339.22
2022-09-09,1,7,424.6
2022-09-10,1,7,500.87
2022-09-11,1,7,568.46
2022-09-12,1,7,278.65
2022-09-13,1,7,350.68
2022-09-14,1,7,267.24
2022-09-15,1,7,340.93
2022-09-16,1,7,340.18
2022-09-17,1,7,502.94
2022-09-18,1,7,463.24
2022-09-19,1,7,387.32
2022-09-20,1,7,391.88
2022-09-21,1,7,469.43
2022-09-22,1,7,338.25
2022-09-23,1,7,305.17
2022-09-24,1,7,479.35
2022-09-25,1,7,406.97
2022-09-26,1,7,435.34
2022-09-27,1,7,341.3
2022-09-28,1,7,326.46
2022-09-29,1,7,331.77
2022-09-30,1,7,395.79
2022-10-01,1,7,469.04
2022-10-02,1,7,434.51
2022-10-03,1,7,462.58
2022-10-04,1,7,322.84
2022-10-05,1,7,372.68
2022-10-06,1,7,407.3
2022-10-07,1,7,280.43
2022-10-08,1,7,517.85
2022-10-09,1,7,406.92
2022-10-10,1,7,418.09
2022-10-11,1,7,318.67
2022-10-12,1,7,411.47
2022-10-13,1,7,434.9
2022-10-14,1,7,421.56
2022-10-15,1,7,504.0
2022-10-16,1,7,469.2
2022-10-17,1,7,341.84
2022-10-18,1,7,457.11
2022-10-19,1,7,335.45
2022-10-20,1,7,316.72
2022-10-21,1,7,412.81
2022-10-22,1,7,430.02
2022-10-23,1,7,419.06
2022-10-24,1,7,294.75
2022-10-25,1,7,349.24
2022-10-26,1,7,372.13
2022-10-27,1,7,390.84
2022-10-28,1,7,431.23
2022-10-29,1,7,529.78
2022-10-30,1,7,477.28
2022-10-31,1,7,367.01
2022-11-01,1,7,443.59
2022-11-02,1,7,491.09
2022-11-03,1,7,420.51
2022-11-04,1,7,383.94
2022-11-05,1,7,457.3
2022-11-06,1,7,421.16
2022-11-07,1,7,455.33
2022-11-08,1,7,450.19
2022-11-09,1,7,450.49
2022-11-10,1,7,406.9
2022-11-11,1,7,502.85
2022-11-12,1,7,500.97
2022-11-13,1,7,618.07
2022-11-14,1,7,413.75
2022-11-15,1,7,378.48
2022-11-16,1,7,453.84
2022-11-17,1,7,442.75
2022-11-18,1,7,439.78
2022-11-19,1,7,549.69
2022-11-20,1,7,540.39
2022-11-21,1,7,568.27
2022-11-22,1,7,493.07
2022-11-23,1,7,464.44
2022-11-24,1,7,426.36
2022-11-25,1,7,483.04
2022-11-26,1,7,588.37
2022-11-27,1,7,548.51
2022-11-28,1,7,401.44
2022-11-29,1,7,415.8
2022-11-30,1,7,220.9
2022-12-01,1,7,483.17
2022-12-02,1,7,434.38
2022-12-03,1,7,755.49
2022-12-04,1,7,612.03
2022-12-05,1,7,386.0
2022-12-06,1,7,466.62
2022-12-07,1,7,396.66
2022-12-08,1,7,504.27
2022-12-09,1,7,491.75
2022-12-10,1,7,701.07
2022-12-11,1,7,540.68
2022-12-12,1,7,474.65
2022-12-13,1,7,375.83
2022-12-14,1,7,522.71
2022-12-15,1,7,510.13
2022-12-16,1,7,508.87
2022-12-17,1,7,616.34
2022-12-18,1,7,655.02
2022-12-19,1,7,588.93
2022-12-20,1,7,454.73
2022-12-21,1,7,485.29
2022-12-22,1,7,398.24
2022-12-23,1,7,414.09
2022-12-24,1,7,628.48
2022-12-25,1,7,722.48
2022-12-26,1,7,458.81
2022-12-27,1,7,460.61
2022-12-28,1,7,448.69
2022-12-29,1,7,439.85
2022-12-30,1,7,499.73
2022-12-31,1,7,482.76
2023-01-01,1,7,817.03
2023-01-02,1,7,474.91
2023-01-03,1,7,585.13
2023-01-04,1,7,427.7
2023-01-05,1,7,581.78
2023-01-06,1,7,582.45
2023-01-07,1,7,728.03
2023-01-08,1,7,586.11
2023-01-09,1,7,550.13
2023-01-10,1,7,436.49
2023-01-11,1,7,510.92
2023-01-12,1,7,613.5
2023-01-13,1,7,595.38
2023-01-14,1,7,693.45
2023-01-15,1,7,591.13
2023-01-16,1,7,584.59
2023-01-17,1,7,534.92
2023-01-18,1,7,347.98
2023-01-19,1,7,596.84
2023-01-20,1,7,532.58
2023-01-21,1,7,820.81
2023-01-22,1,7,581.56
2023-01-23,1,7,280.43
2023-01-24,1,7,558.51
2023-01-25,1,7,559.92
2023-01-26,1,7,400.7
2023-01-27,1,7,458.38
2023-01-28,1,7,987.74
2023-01-29,1,7,667.34
2023-01-30,1,7,597.42
2023-01-31,1,7,486.19
2023-02-01,1,7,394.74
2023-02-02,1,7,560.76
2023-02-03,1,7,552.92
2023-02-04,1,7,704.22
2023-02-05,1,7,736.8
2023-02-06,1,7,599.98
2023-02-07,1,7,564.51
2023-02-08,1,7,468.35
2023-02-09,1,7,620.51
2023-02-10,1,7,409.52
2023-02-11,1,7,521.35
2023-02-12,1,7,836.98
2023-02-13,1,7,624.09
2023-02-14,1,7,575.4
2023-02-15,1,7,459.24
2023-02-16,1,7,519.5
2023-02-17,1,7,558.71
2023-02-18,1,7,575.53
2023-02-19,1,7,673.25
2023-02-20,1,7,639.9
2023-02-21,1,7,708.16
2023-02-22,1,7,546.97
2023-02-23,1,7,650.38
2023-02-24,1,7,416.7
2023-02-25,1,7,835.62
2023-02-26,1,7,669.18
2023-02-27,1,7,612.76
2023-02-28,1,7,564.38
2023-03-01,1,7,718.8
2023-03-02,1,7,521.64
2023-03-03,1,7,657.38
2023-03-04,1,7,748.84
2023-03-05,1,7,763.58
2023-03-06,1,7,585.47
2023-03-07,1,7,526.07
2023-03-08,1,7,601.65
2023-03-09,1,7,597.67
2023-03-10,1,7,625.61
2023-03-11,1,7,795.4
2023-03-12,1,7,880.07
2023-03-13,1,7,688.84
2023-03-14,1,7,510.03
2023-03-15,1,7,684.83
2023-03-16,1,7,498.4
2023-03-17,1,7,660.21
2023-03-18,1,7,862.65
2023-03-19,1,7,563.38
2023-03-20,1,7,616.46
2023-03-21,1,7,565.64
2023-03-22,1,7,539.53
2023-03-23,1,7,732.69
2023-03-24,1,7,549.88
2023-03-25,1,7,697.18
2023-03-26,1,7,802.67
2023-03-27,1,7,673.75
2023-03-28,1,7,598.36
2023-03-29,1,7,718.8
2023-03-30,1,7,660.95
2023-03-31,1,7,412.45
2023-04-01,1,7,717.27
2023-04-02,1,7,713.97
2023-04-03,1,7,643.32
2023-04-04,1,7,364.12
2023-04-05,1,7,830.78
2023-04-06,1,7,649.31
2023-04-07,1,7,615.26
2023-04-08,1,7,921.65
2023-04-09,1,7,1058.85
2023-04-10,1,7,681.82
2023-04-11,1,7,689.35
2023-04-12,1,7,615.71
2023-04-13,1,7,591.46
2023-04-14,1,7,561.54
2023-04-15,1,7,689.17
2023-04-16,1,7,706.06
2023-04-17,1,7,483.18
2023-04-18,1,7,599.45
2023-04-19,1,7,453.43
2023-04-20,1,7,624.56
2023-04-21,1,7,604.27
2023-04-22,1,7,807.81
2023-04-23,1,7,728.98
2023-04-24,1,7,889.81
2023-04-25,1,7,733.52
2023-04-26,1,7,495.83
2023-04-27,1,7,631.36
2023-04-28,1,7,554.79
2023-04-29,1,7,673.3
2023-04-30,1,7,634.94
2023-05-01,1,7,610.72
2023-05-02,1,7,515.26
2023-05-03,1,7,657.68
2023-05-04,1,7,660.36
2023-05-05,1,7,693.59
2023-05-06,1,7,652.45
2023-05-07,1,7,801.99
2023-05-08,1,7,630.9
2023-05-09,1,7,535.61
2023-05-10,1,7,510.21
2023-05-11,1,7,716.8
2023-05-12,1,7,597.5
2023-05-13,1,7,823.32
2023-05-14,1,7,659.38
2023-05-15,1,7,473.06
2023-05-16,1,7,529.84
2023-05-17,1,7,568.93
2023-05-18,1,7,487.5
2023-05-19,1,7,579.63
2023-05-20,1,7,563.88
2023-05-21,1,7,628.68
2023-05-22,1,7,640.18
2023-05-23,1,7,634.74
2023-05-24,1,7,548.18
2023-05-25,1,7,493.83
2023-05-26,1,7,493.31
2023-05-27,1,7,716.17
2023-05-28,1,7,832.54
2023-05-29,1,7,665.71
2023-05-30,1,7,541.18
2023-05-31,1,7,483.88
2023-06-01,1,7,553.66
2023-06-02,1,7,466.83
2023-06-03,1,7,639.01
2023-06-04,1,7,831.16
2023-06-05,1,7,599.9
2023-06-06,1,7,546.69
2023-06-07,1,7,432.43
2023-06-08,1,7,551.69
2023-06-09,1,7,620.38
2023-06-10,1,7,656.85
2023-06-11,1,7,837.69
2023-06-12,1,7,640.1
2023-06-13,1,7,670.38
2023-06-14,1,7,561.42
2023-06-15,1,7,584.53
2023-06-16,1,7,651.57
2023-06-17,1,7,746.19
2023-06-18,1,7,647.11
2023-06-19,1,7,502.36
2023-06-20,1,7,558.24
2023-06-21,1,7,434.9
2023-06-22,1,7,528.06
2023-06-23,1,7,628.82
2023-06-24,1,7,471.57
2023-06-25,1,7,864.71
2023-06-26,1,7,632.15
2023-06-27,1,7,504.07
2023-06-28,1,7,585.92
2023-06-29,1,7,542.37
2023-06-30,1,7,642.54
2023-07-01,1,7,728.7
2023-07-02,1,7,502.04
2023-07-03,1,7,532.25
2023-07-04,1,7,474.38
2023-07-05,1,7,495.88
2023-07-06,1,7,436.58
2023-07-07,1,7,619.03
2023-07-08,1,7,737.49
2023-07-09,1,7,567.54
2023-07-10,1,7,393.01
2023-07-11,1,7,463.25
2023-07-12,1,7,524.07
2023-07-13,1,7,510.06
2023-07-14,1,7,585.24
2023-07-15,1,7,716.77
2023-07-16,1,7,734.51
2023-07-17,1,7,517.79
2023-07-18,1,7,390.98
2023-07-19,1,7,479.71
2023-07-20,1,7,573.17
2023-07-21,1,7,491.03
2023-07-22,1,7,692.29
2023-07-23,1,7,613.33
2023-07-24,1,7,419.21
2023-07-25,1,7,486.94
2023-07-26,1,7,519.44
2023-07-27,1,7,447.89
2023-07-28,1,7,479.49
2023-07-29,1,7,555.47
2023-07-30,1,7,755.63
2023-07-31,1,7,476.01
2023-08-01,1,7,557.55
2023-08-02,1,7,563.13
2023-08-03,1,7,452.8
2023-08-04,1,7,389.28
2023-08-05,1,7,409.96
2023-08-06,1,7,465.19
2023-08-07,1,7,364.84
2023-08-08,1,7,554.9
2023-08-09,1,7,468.11
2023-08-10,1,7,487.31
2023-08-11,1,7,307.26
2023-08-12,1,7,491.59
2023-08-13,1,7,679.45
2023-08-14,1,7,481.42
2023-08-15,1,7,451.66
2023-08-16,1,7,501.3
2023-08-17,1,7,575.91
2023-08-18,1,7,447.39
2023-08-19,1,7,608.19
2023-08-20,1,7,619.7
2023-08-21,1,7,629.95
2023-08-22,1,7,317.81
2023-08-23,1,7,511.75
2023-08-24,1,7,456.47
2023-08-25,1,7,504.27
2023-08-26,1,7,544.95
2023-08-27,1,7,600.5
2023-08-28,1,7,515.32
2023-08-29,1,7,683.48
2023-08-30,1,7,522.72
2023-08-31,1,7,407.16
2023-09-01,1,7,422.95
2023-09-02,1,7,547.57
2023-09-03,1,7,429.55
2023-09-04,1,7,430.1
2023-09-05,1,7,502.56
2023-09-06,1,7,366.47
2023-09-07,1,7,524.65
2023-09-08,1,7,486.82
2023-09-09,1,7,525.1
2023-09-10,1,7,577.92
2023-09-11,1,7,563.43
2023-09-12,1,7,504.79
2023-09-13,1,7,455.63
2023-09-14,1,7,439.08
2023-09-15,1,7,460.83
2023-09-16,1,7,547.15
2023-09-17,1,7,405.79
2023-09-18,1,7,596.26
2023-09-19,1,7,467.36
2023-09-20,1,7,484.29
2023-09-21,1,7,453.31
2023-09-22,1,7,407.11
2023-09-23,1,7,578.6
2023-09-24,1,7,452.68
2023-09-25,1,7,614.98
2023-09-26,1,7,373.75
2023-09-27,1,7,387.92
2023-09-28,1,7,428.92
2023-09-29,1,7,548.32
2023-09-30,1,7,599.05
2023-10-01,1,7,503.53
2023-10-02,1,7,565.31
2023-10-03,1,7,528.28
2023-10-04,1,7,514.85
2023-10-05,1,7,527.84
2023-10-06,1,7,648.25
2023-10-07,1,7,823.77
2023-10-08,1,7,556.85
2023-10-09,1,7,594.21
2023-10-10,1,7,505.59
2023-10-11,1,7,514.22
2023-10-12,1,7,357.18
2023-10-13,1,7,466.74
2023-10-14,1,7,547.09
2023-10-15,1,7,700.87
2023-10-16,1,7,556.95
2023-10-17,1,7,330.74
2023-10-18,1,7,478.85
2023-10-19,1,7,561.62
2023-10-20,1,7,467.55
2023-10-21,1,7,694.13
2023-10-22,1,7,659.05
2023-10-23,1,7,506.58
2023-10-24,1,7,462.55
2023-10-25,1,7,394.42
2023-10-26,1,7,401.54
2023-10-27,1,7,534.45
2023-10-28,1,7,630.17
2023-10-29,1,7,615.66
2023-10-30,1,7,453.15
2023-10-31,1,7,462.04
2023-11-01,1,7,610.22
2023-11-02,1,7,501.18
2023-11-03,1,7,421.81
2023-11-04,1,7,763.47
2023-11-05,1,7,666.14
2023-11-06,1,7,531.47
2023-11-07,1,7,656.93
2023-11-08,1,7,527.98
2023-11-09,1,7,552.91
2023-11-10,1,7,436.47
2023-11-11,1,7,667.0
2023-11-12,1,7,753.23
2023-11-13,1,7,407.26
2023-11-14,1,7,547.52
2023-11-15,1,7,539.86
2023-11-16,1,7,535.43
2023-11-17,1,7,615.29
2023-11-18,1,7,727.35
2023-11-19,1,7,846.66
2023-11-20,1,7,453.9
2023-11-21,1,7,544.6
2023-11-22,1,7,540.8
2023-11-23,1,7,448.65
2023-11-24,1,7,611.36
2023-11-25,1,7,937.99
2023-11-26,1,7,694.11
2023-11-27,1,7,576.19
2023-11-28,1,7,542.72
2023-11-29,1,7,478.85
2023-11-30,1,7,390.02
2023-12-01,1,7,533.38
2023-12-02,1,7,613.93
2023-12-03,1,7,974.86
2023-12-04,1,7,587.27
2023-12-05,1,7,566.91
2023-12-06,1,7,678.08
2023-12-07,1,7,497.91
2023-12-08,1,7,530.09
2023-12-09,1,7,787.1
2023-12-10,1,7,899.9
2023-12-11,1,7,645.2
2023-12-12,1,7,622.76
2023-12-13,1,7,607.78
2023-12-14,1,7,637.18
2023-12-15,1,7,619.64
2023-12-16,1,7,661.47
2023-12-17,1,7,788.2
2023-12-18,1,7,505.47
2023-12-19,1,7,610.18
2023-12-20,1,7,559.71
2023-12-21,1,7,833.45
2023-12-22,1,7,600.29
2023-12-23,1,7,620.07
2023-12-24,1,7,770.17
2023-12-25,1,7,652.09
2023-12-26,1,7,757.24
2023-12-27,1,7,552.11
2023-12-28,1,7,462.17
2023-12-29,1,7,680.66
2023-12-30,1,7,625.39
2023-12-31,1,7,737.55
2022-01-01,1,8,626.24
2022-01-02,1,8,566.37
2022-01-03,1,8,457.94
2022-01-04,1,8,554.45
2022-01-05,1,8,504.6
2022-01-06,1,8,445.63
2022-01-07,1,8,554.43
2022-01-08,1,8,729.28
2022-01-09,1,8,630.07
2022-01-10,1,8,521.55
2022-01-11,1,8,551.42
2022-01-12,1,8,544.72
2022-01-13,1,8,515.62
2022-01-14,1,8,623.25
2022-01-15,1,8,725.91
2022-01-16,1,8,623.05
2022-01-17,1,8,480.21
2022-01-18,1,8,471.92
2022-01-19,1,8,564.42
2022-01-20,1,8,467.84
2022-01-21,1,8,483.63
2022-01-22,1,8,778.85
2022-01-23,1,8,692.17
2022-01-24,1,8,611.21
2022-01-25,1,8,580.66
2022-01-26,1,8,427.47
2022-01-27,1,8,511.63
2022-01-28,1,8,597.33
2022-01-29,1,8,552.71
2022-01-30,1,8,720.09
2022-01-31,1,8,518.55
2022-02-01,1,8,410.29
2022-02-02,1,8,567.41
2022-02-03,1,8,487.86
2022-02-04,1,8,460.67
2022-02-05,1,8,727.74
2022-02-06,1,8,516.75
2022-02-07,1,8,503.46
2022-02-08,1,8,775.2
2022-02-09,1,8,615.93
2022-02-10,1,8,487.46
2022-02-11,1,8,680.7
2022-02-12,1,8,622.78
2022-02-13,1,8,671.53
2022-02-14,1,8,466.72
2022-02-15,1,8,586.11
2022-02-16,1,8,680.96
2022-02-17,1,8,480.77
2022-02-18,1,8,391.1
2022-02-19,1,8,857.11
2022-02-20,1,8,909.11
2022-02-21,1,8,397.79
2022-02-22,1,8,607.42
2022-02-23,1,8,588.08
2022-02-24,1,8,502.05
2022-02-25,1,8,450.65
2022-02-26,1,8,851.79
2022-02-27,1,8,762.12
2022-02-28,1,8,593.26
2022-03-01,1,8,530.49
2022-03-02,1,8,515.17
2022-03-03,1,8,370.31
2022-03-04,1,8,566.65
2022-03-05,1,8,928.22
2022-03-06,1,8,662.12
2022-03-07,1,8,454.01
2022-03-08,1,8,627.41
2022-03-09,1,8,644.31
2022-03-10,1,8,538.17
2022-03-11,1,8,559.69
2022-03-12,1,8,798.9
2022-03-13,1,8,751.25
2022-03-14,1,8,681.09
2022-03-15,1,8,809.51
2022-03-16,1,8,441.23
2022-03-17,1,8,703.45
2022-03-18,1,8,603.83
2022-03-19,1,8,934.57
2022-03-20,1,8,858.34
2022-03-21,1,8,601.57
2022-03-22,1,8,664.68
2022-03-23,1,8,561.9
2022-03-24,1,8,528.34
2022-03-25,1,8,671.09
2022-03-26,1,8,679.93
2022-03-27,1,8,854.33
2022-03-28,1,8,602.74
2022-03-29,1,8,390.69
2022-03-30,1,8,549.29
2022-03-31,1,8,631.85
2022-04-01,1,8,552.88
2022-04-02,1,8,473.42
2022-04-03,1,8,918.67
2022-04-04,1,8,605.36
2022-04-05,1,8,630.23
2022-04-06,1,8,549.45
2022-04-07,1,8,639.17
2022-04-08,1,8,755.59
2022-04-09,1,8,685.97
2022-04-10,1,8,964.64
2022-04-11,1,8,629.66
2022-04-12,1,8,517.12
2022-04-13,1,8,792.75
2022-04-14,1,8,630.76
2022-04-15,1,8,656.81
2022-04-16,1,8,744.54
2022-04-17,1,8,683.83
2022-04-18,1,8,612.97
2022-04-19,1,8,740.43
2022-04-20,1,8,571.18
2022-04-21,1,8,597.13
2022-04-22,1,8,731.17
2022-04-23,1,8,745.63
2022-04-24,1,8,841.33
2022-04-25,1,8,680.89
2022-04-26,1,8,584.46
2022-04-27,1,8,630.8
2022-04-28,1,8,663.15
2022-04-29,1,8,567.55
2022-04-30,1,8,881.87
2022-05-01,1,8,676.85
2022-05-02,1,8,510.21
2022-05-03,1,8,438.06
2022-05-04,1,8,525.76
2022-05-05,1,8,499.59
2022-05-06,1,8,535.47
2022-05-07,1,8,809.35
2022-05-08,1,8,549.9
2022-05-09,1,8,402.04
2022-05-10,1,8,507.51
2022-05-11,1,8,611.85
2022-05-12,1,8,597.58
2022-05-13,1,8,507.48
2022-05-14,1,8,876.75
2022-05-15,1,8,672.84
2022-05-16,1,8,614.66
2022-05-17,1,8,543.99
2022-05-18,1,8,500.77
2022-05-19,1,8,524.0
2022-05-20,1,8,640.32
2022-05-21,1,8,791.16
2022-05-22,1,8,860.26
2022-05-23,1,8,609.65
2022-05-24,1,8,438.95
2022-05-25,1,8,763.1
2022-05-26,1,8,612.49
2022-05-27,1,8,625.17
2022-05-28,1,8,712.44
2022-05-29,1,8,881.99
2022-05-30,1,8,486.47
2022-05-31,1,8,635.66
2022-06-01,1,8,364.6
2022-06-02,1,8,584.24
2022-06-03,1,8,444.87
2022-06-04,1,8,719.37
2022-06-05,1,8,832.01
2022-06-06,1,8,597.88
2022-06-07,1,8,630.49
2022-06-08,1,8,622.76
2022-06-09,1,8,491.62
2022-06-10,1,8,581.98
2022-06-11,1,8,515.07
2022-06-12,1,8,623.8
2022-06-13,1,8,647.28
2022-06-14,1,8,504.94
2022-06-15,1,8,386.06
2022-06-16,1,8,698.95
2022-06-17,1,8,582.58
2022-06-18,1,8,779.21
2022-06-19,1,8,596.75
2022-06-20,1,8,561.6
2022-06-21,1,8,559.94
2022-06-22,1,8,473.08
2022-06-23,1,8,526.28
2022-06-24,1,8,418.84
2022-06-25,1,8,666.67
2022-06-26,1,8,806.65
2022-06-27,1,8,481.17
2022-06-28,1,8,697.49
2022-06-29,1,8,425.87
2022-06-30,1,8,522.05
2022-07-01,1,8,441.16
2022-07-02,1,8,619.48
2022-07-03,1,8,768.31
2022-07-04,1,8,418.14
2022-07-05,1,8,457.76
2022-07-06,1,8,539.66
2022-07-07,1,8,498.7
2022-07-08,1,8,505.18
2022-07-09,1,8,547.72
2022-07-10,1,8,634.11
2022-07-11,1,8,577.25
2022-07-12,1,8,374.66
2022-07-13,1,8,442.61
2022-07-14,1,8,360.0
2022-07-15,1,8,535.03
2022-07-16,1,8,762.65
2022-07-17,1,8,627.03
2022-07-18,1,8,421.52
2022-07-19,1,8,424.05
2022-07-20,1,8,475.06
2022-07-21,1,8,475.17
2022-07-22,1,8,566.16
2022-07-23,1,8,582.98
2022-07-24,1,8,690.86
2022-07-25,1,8,476.41
2022-07-26,1,8,443.88
2022-07-27,1,8,475.33
2022-07-28,1,8,525.8
2022-07-29,1,8,569.69
2022-07-30,1,8,627.13
2022-07-31,1,8,534.51
2022-08-01,1,8,530.52
2022-08-02,1,8,399.52
2022-08-03,1,8,480.18
2022-08-04,1,8,460.76
2022-08-05,1,8,451.85
2022-08-06,1,8,558.23
2022-08-07,1,8,658.78
2022-08-08,1,8,214.69
2022-08-09,1,8,543.55
2022-08-10,1,8,401.15
2022-08-11,1,8,493.61
2022-08-12,1,8,490.32
2022-08-13,1,8,721.52
2022-08-14,1,8,624.16
2022-08-15,1,8,408.63
2022-08-16,1,8,354.63
2022-08-17,1,8,442.97
2022-08-18,1,8,330.4
2022-08-19,1,8,424.05
2022-08-20,1,8,582.41
2022-08-21,1,8,546.55
2022-08-22,1,8,472.27
2022-08-23,1,8,453.08
2022-08-24,1,8,446.99
2022-08-25,1,8,299.4
2022-08-26,1,8,379.41
2022-08-27,1,8,671.66
2022-08-28,1,8,687.07
2022-08-29,1,8,341.81
2022-08-30,1,8,414.65
2022-08-31,1,8,548.78
2022-09-01,1,8,408.5
2022-09-02,1,8,450.51
2022-09-03,1,8,725.03
2022-09-04,1,8,564.23
2022-09-05,1,8,424.51
2022-09-06,1,8,448.82
2022-09-07,1,8,587.91
2022-09-08,1,8,491.2
2022-09-09,1,8,462.07
2022-09-10,1,8,552.31
2022-09-11,1,8,648.43
2022-09-12,1,8,507.56
2022-09-13,1,8,387.82
2022-09-14,1,8,510.24
2022-09-15,1,8,452.47
2022-09-16,1,8,465.05
2022-09-17,1,8,522.85
2022-09-18,1,8,567.09
2022-09-19,1,8,392.67
2022-09-20,1,8,389.63
2022-09-21,1,8,491.48
2022-09-22,1,8,440.74
2022-09-23,1,8,375.08
2022-09-24,1,8,804.11
2022-09-25,1,8,504.3
2022-09-26,1,8,543.52
2022-09-27,1,8,363.87
2022-09-28,1,8,499.78
2022-09-29,1,8,450.53
2022-09-30,1,8,424.28
2022-10-01,1,8,648.52
2022-10-02,1,8,636.31
2022-10-03,1,8,426.18
2022-10-04,1,8,423.21
2022-10-05,1,8,371.32
2022-10-06,1,8,508.76
2022-10-07,1,8,395.28
2022-10-08,1,8,633.77
2022-10-09,1,8,690.22
2022-10-10,1,8,503.21
2022-10-11,1,8,435.39
2022-10-12,1,8,555.37
2022-10-13,1,8,459.2
2022-10-14,1,8,391.55
2022-10-15,1,8,609.75
2022-10-16,1,8,693.45
2022-10-17,1,8,441.01
2022-10-18,1,8,555.71
2022-10-19,1,8,434.63
2022-10-20,1,8,445.01
2022-10-21,1,8,414.94
2022-10-22,1,8,705.99
2022-10-23,1,8,635.7
2022-10-24,1,8,420.81
2022-10-25,1,8,464.35
2022-10-26,1,8,266.47
2022-10-27,1,8,552.16
2022-10-28,1,8,482.16
2022-10-29,1,8,411.42
2022-10-30,1,8,503.5
2022-10-31,1,8,464.61
2022-11-01,1,8,433.8
2022-11-02,1,8,605.07
2022-11-03,1,8,575.11
2022-11-04,1,8,570.76
2022-11-05,1,8,429.32
2022-11-06,1,8,649.52
2022-11-07,1,8,485.99
2022-11-08,1,8,465.47
2022-11-09,1,8,509.77
2022-11-10,1,8,452.13
2022-11-11,1,8,562.03
2022-11-12,1,8,789.77
2022-11-13,1,8,781.21
2022-11-14,1,8,534.41
2022-11-15,1,8,709.88
2022-11-16,1,8,639.98
2022-11-17,1,8,538.61
2022-11-18,1,8,507.76
2022-11-19,1,8,855.02
2022-11-20,1,8,820.34
2022-11-21,1,8,432.53
2022-11-22,1,8,638.43
2022-11-23,1,8,536.7
2022-11-24,1,8,478.83
2022-11-25,1,8,386.89
2022-11-26,1,8,686.99
2022-11-27,1,8,715.09
2022-11-28,1,8,682.81
2022-11-29,1,8,631.16
2022-11-30,1,8,504.03
2022-12-01,1,8,650.02
2022-12-02,1,8,690.79
2022-12-03,1,8,809.91
2022-12-04,1,8,729.72
2022-12-05,1,8,566.82
2022-12-06,1,8,652.1
2022-12-07,1,8,655.13
2022-12-08,1,8,590.25
2022-12-09,1,8,375.11
2022-12-10,1,8,648.19
2022-12-11,1,8,879.15
2022-12-12,1,8,421.3
2022-12-13,1,8,729.75
2022-12-14,1,8,716.52
2022-12-15,1,8,624.42
2022-12-16,1,8,676.76
2022-12-17,1,8,872.06
2022-12-18,1,8,794.4
2022-12-19,1,8,494.17
2022-12-20,1,8,713.28
2022-12-21,1,8,754.94
2022-12-22,1,8,510.73
2022-12-23,1,8,492.13
2022-12-24,1,8,795.5
2022-12-25,1,8,736.42
2022-12-26,1,8,639.27
2022-12-27,1,8,739.58
2022-12-28,1,8,415.52
2022-12-29,1,8,775.77
2022-12-30,1,8,589.23
2022-12-31,1,8,879.02
2023-01-01,1,8,982.05
2023-01-02,1,8,768.08
2023-01-03,1,8,698.71
2023-01-04,1,8,723.5
2023-01-05,1,8,723.35
2023-01-06,1,8,628.21
2023-01-07,1,8,664.58
2023-01-08,1,8,738.07
2023-01-09,1,8,684.45
2023-01-10,1,8,613.7
2023-01-11,1,8,614.39
2023-01-12,1,8,884.91
2023-01-13,1,8,787.19
2023-01-14,1,8,872.9
2023-01-15,1,8,999.38
2023-01-16,1,8,654.81
2023-01-17,1,8,710.99
2023-01-18,1,8,746.24
2023-01-19,1,8,656.51
2023-01-20,1,8,628.85
2023-01-21,1,8,1079.22
2023-01-22,1,8,996.53
2023-01-23,1,8,464.86
2023-01-24,1,8,632.47
2023-01-25,1,8,620.99
2023-01-26,1,8,638.34
2023-01-27,1,8,795.56
2023-01-28,1,8,919.06
2023-01-29,1,8,725.92
2023-01-30,1,8,665.37
2023-01-31,1,8,763.87
2023-02-01,1,8,729.17
2023-02-02,1,8,681.59
2023-02-03,1,8,792.61
2023-02-04,1,8,1220.77
2023-02-05,1,8,1051.07
2023-02-06,1,8,904.38
2023-02-07,1,8,691.65
2023-02-08,1,8,756.85
2023-02-09,1,8,755.09
2023-02-10,1,8,772.39
2023-02-11,1,8,1052.48
2023-02-12,1,8,851.76
2023-02-13,1,8,834.34
2023-02-14,1,8,575.21
2023-02-15,1,8,608.99
2023-02-16,1,8,1006.26
2023-02-17,1,8,704.3
2023-02-18,1,8,1100.73
2023-02-19,1,8,1245.78
2023-02-20,1,8,498.95
2023-02-21,1,8,894.02
2023-02-22,1,8,839.86
2023-02-23,1,8,954.36
2023-02-24,1,8,630.6
2023-02-25,1,8,1214.12
2023-02-26,1,8,887.11
2023-02-27,1,8,889.58
2023-02-28,1,8,764.45
2023-03-01,1,8,877.66
2023-03-02,1,8,793.03
2023-03-03,1,8,570.45
2023-03-04,1,8,545.15
2023-03-05,1,8,1057.88
2023-03-06,1,8,758.24
2023-03-07,1,8,837.21
2023-03-08,1,8,760.67
2023-03-09,1,8,1030.61
2023-03-10,1,8,819.05
2023-03-11,1,8,960.85
2023-03-12,1,8,1082.77
2023-03-13,1,8,742.32
2023-03-14,1,8,804.95
2023-03-15,1,8,649.36
2023-03-16,1,8,793.97
2023-03-17,1,8,738.52
2023-03-18,1,8,860.63
2023-03-19,1,8,1342.57
2023-03-20,1,8,667.61
2023-03-21,1,8,798.59
2023-03-22,1,8,702.17
2023-03-23,1,8,834.45
2023-03-24,1,8,646.6
2023-03-25,1,8,1171.04
2023-03-26,1,8,1358.52
2023-03-27,1,8,700.19
2023-03-28,1,8,947.95
2023-03-29,1,8,756.22
2023-03-30,1,8,984.04
2023-03-31,1,8,1066.98
2023-04-01,1,8,985.83
2023-04-02,1,8,789.21
2023-04-03,1,8,898.88
2023-04-04,1,8,814.01
2023-04-05,1,8,847.36
2023-04-06,1,8,748.38
2023-04-07,1,8,684.43
2023-04-08,1,8,1205.24
2023-04-09,1,8,1076.54
2023-04-10,1,8,619.52
2023-04-11,1,8,872.81
2023-04-12,1,8,849.57
2023-04-13,1,8,753.7
2023-04-14,1,8,985.56
2023-04-15,1,8,935.83
2023-04-16,1,8,1006.02
2023-04-17,1,8,886.13
2023-04-18,1,8,804.22
2023-04-19,1,8,630.39
2023-04-20,1,8,818.1
2023-04-21,1,8,747.17
2023-04-22,1,8,1169.62
2023-04-23,1,8,1060.62
2023-04-24,1,8,809.62
2023-04-25,1,8,673.24
2023-04-26,1,8,771.8
2023-04-27,1,8,916.33
2023-04-28,1,8,707.23
2023-04-29,1,8,1036.22
2023-04-30,1,8,895.64
2023-05-01,1,8,618.49
2023-05-02,1,8,742.97
2023-05-03,1,8,772.68
2023-05-04,1,8,978.93
2023-05-05,1,8,702.55
2023-05-06,1,8,973.56
2023-05-07,1,8,797.54
2023-05-08,1,8,824.97
2023-05-09,1,8,801.24
2023-05-10,1,8,925.51
2023-05-11,1,8,883.35
2023-05-12,1,8,797.54
2023-05-13,1,8,916.06
2023-05-14,1,8,1016.49
2023-05-15,1,8,746.49
2023-05-16,1,8,868.27
2023-05-17,1,8,854.35
2023-05-18,1,8,726.83
2023-05-19,1,8,594.23
2023-05-20,1,8,1188.2
2023-05-21,1,8,1077.3
2023-05-22,1,8,726.12
2023-05-23,1,8,825.33
2023-05-24,1,8,772.26
2023-05-25,1,8,915.34
2023-05-26,1,8,543.34
2023-05-27,1,8,935.5
2023-05-28,1,8,1234.19
2023-05-29,1,8,830.95
2023-05-30,1,8,970.59
2023-05-31,1,8,626.62
2023-06-01,1,8,810.19
2023-06-02,1,8,804.45
2023-06-03,1,8,679.34
2023-06-04,1,8,868.83
2023-06-05,1,8,688.6
2023-06-06,1,8,530.13
2023-06-07,1,8,671.84
2023-06-08,1,8,793.0
2023-06-09,1,8,660.48
2023-06-10,1,8,945.86
2023-06-11,1,8,947.47
2023-06-12,1,8,701.73
2023-06-13,1,8,629.06
2023-06-14,1,8,773.49
2023-06-15,1,8,536.71
2023-06-16,1,8,705.76
2023-06-17,1,8,1107.46
2023-06-18,1,8,855.93
2023-06-19,1,8,629.18
2023-06-20,1,8,783.6
2023-06-21,1,8,724.49
2023-06-22,1,8,786.73
2023-06-23,1,8,712.16
2023-06-24,1,8,591.12
2023-06-25,1,8,1084.82
2023-06-26,1,8,929.74
2023-06-27,1,8,846.65
2023-06-28,1,8,333.29
2023-06-29,1,8,758.93
2023-06-30,1,8,661.5
2023-07-01,1,8,697.32
2023-07-02,1,8,848.63
2023-07-03,1,8,627.08
2023-07-04,1,8,690.79
2023-07-05,1,8,647.69
2023-07-06,1,8,534.61
2023-07-07,1,8,587.45
2023-07-08,1,8,743.93
2023-07-09,1,8,621.54
2023-07-10,1,8,511.74
2023-07-11,1,8,624.31
2023-07-12,1,8,782.92
2023-07-13,1,8,593.69
2023-07-14,1,8,572.58
2023-07-15,1,8,691.4
2023-07-16,1,8,844.68
2023-07-17,1,8,761.69
2023-07-18,1,8,842.17
2023-07-19,1,8,675.78
2023-07-20,1,8,662.07
2023-07-21,1,8,595.97
2023-07-22,1,8,796.39
2023-07-23,1,8,924.31
2023-07-24,1,8,619.4
2023-07-25,1,8,634.69
2023-07-26,1,8,648.46
2023-07-27,1,8,593.63
2023-07-28,1,8,644.44
2023-07-29,1,8,591.02
2023-07-30,1,8,918.22
2023-07-31,1,8,883.37
2023-08-01,1,8,550.57
2023-08-02,1,8,634.34
2023-08-03,1,8,677.81
2023-08-04,1,8,716.91
2023-08-05,1,8,751.32
2023-08-06,1,8,571.08
2023-08-07,1,8,626.71
2023-08-08,1,8,614.57
2023-08-09,1,8,572.04
2023-08-10,1,8,591.61
2023-08-11,1,8,617.1
2023-08-12,1,8,828.44
2023-08-13,1,8,824.02
2023-08-14,1,8,585.46
2023-08-15,1,8,640.51
2023-08-16,1,8,580.08
2023-08-17,1,8,664.76
2023-08-18,1,8,549.64
2023-08-19,1,8,797.91
2023-08-20,1,8,597.41
2023-08-21,1,8,574.16
2023-08-22,1,8,660.05
2023-08-23,1,8,514.27
2023-08-24,1,8,579.79
2023-08-25,1,8,389.56
2023-08-26,1,8,630.05
2023-08-27,1,8,661.57
2023-08-28,1,8,619.87
2023-08-29,1,8,641.49
2023-08-30,1,8,606.17
2023-08-31,1,8,576.59
2023-09-01,1,8,558.56
2023-09-02,1,8,853.14
2023-09-03,1,8,795.48
2023-09-04,1,8,563.62
2023-09-05,1,8,708.89
2023-09-06,1,8,767.85
2023-09-07,1,8,483.37
2023-09-08,1,8,641.44
2023-09-09,1,8,1132.36
2023-09-10,1,8,806.76
2023-09-11,1,8,606.24
2023-09-12,1,8,591.31
2023-09-13,1,8,640.53
2023-09-14,1,8,664.63
2023-09-15,1,8,485.85
2023-09-16,1,8,774.01
2023-09-17,1,8,512.87
2023-09-18,1,8,579.71
2023-09-19,1,8,517.78
2023-09-20,1,8,629.72
2023-09-21,1,8,450.63
2023-09-22,1,8,553.87
2023-09-23,1,8,893.59
2023-09-24,1,8,701.7
2023-09-25,1,8,429.33
2023-09-26,1,8,624.68
2023-09-27,1,8,548.87
2023-09-28,1,8,585.39
2023-09-29,1,8,536.58
2023-09-30,1,8,1015.92
2023-10-01,1,8,621.11
2023-10-02,1,8,889.04
2023-10-03,1,8,587.68
2023-10-04,1,8,641.82
2023-10-05,1,8,571.13
2023-10-06,1,8,567.55
2023-10-07,1,8,717.74
2023-10-08,1,8,887.42
2023-10-09,1,8,493.95
2023-10-10,1,8,661.16
2023-10-11,1,8,421.75
2023-10-12,1,8,653.44
2023-10-13,1,8,708.06
2023-10-14,1,8,660.79
2023-10-15,1,8,900.7
2023-10-16,1,8,634.05
2023-10-17,1,8,780.54
2023-10-18,1,8,549.15
2023-10-19,1,8,896.6
2023-10-20,1,8,404.54
2023-10-21,1,8,779.89
2023-10-22,1,8,611.77
2023-10-23,1,8,807.31
2023-10-24,1,8,607.43
2023-10-25,1,8,616.34
2023-10-26,1,8,675.1
2023-10-27,1,8,632.94
2023-10-28,1,8,750.52
2023-10-29,1,8,669.0
2023-10-30,1,8,650.57
2023-10-31,1,8,670.99
2023-11-01,1,8,763.68
2023-11-02,1,8,890.49
2023-11-03,1,8,466.61
2023-11-04,1,8,891.48
2023-11-05,1,8,1062.25
2023-11-06,1,8,680.66
2023-11-07,1,8,450.62
2023-11-08,1,8,559.96
2023-11-09,1,8,729.11
2023-11-10,1,8,725.75
2023-11-11,1,8,995.63
2023-11-12,1,8,798.92
2023-11-13,1,8,723.67
2023-11-14,1,8,598.05
2023-11-15,1,8,724.54
2023-11-16,1,8,703.33
2023-11-17,1,8,612.21
2023-11-18,1,8,1120.43
2023-11-19,1,8,676.22
2023-11-20,1,8,684.56
2023-11-21,1,8,611.35
2023-11-22,1,8,892.9
2023-11-23,1,8,763.55
2023-11-24,1,8,632.79
2023-11-25,1,8,873.67
2023-11-26,1,8,1167.23
2023-11-27,1,8,602.63
2023-11-28,1,8,516.74
2023-11-29,1,8,733.84
2023-11-30,1,8,736.66
2023-12-01,1,8,860.34
2023-12-02,1,8,1120.11
2023-12-03,1,8,1288.45
2023-12-04,1,8,581.63
2023-12-05,1,8,642.58
2023-12-06,1,8,862.42
2023-12-07,1,8,654.78
2023-12-08,1,8,613.81
2023-12-09,1,8,1307.57
2023-12-10,1,8,773.84
2023-12-11,1,8,745.34
2023-12-12,1,8,780.25
2023-12-13,1,8,942.4
2023-12-14,1,8,567.24
2023-12-15,1,8,837.79
2023-12-16,1,8,888.82
2023-12-17,1,8,1123.06
2023-12-18,1,8,682.56
2023-12-19,1,8,976.91
2023-12-20,1,8,684.05
2023-12-21,1,8,499.14
2023-12-22,1,8,698.16
2023-12-23,1,8,989.65
2023-12-24,1,8,1197.94
2023-12-25,1,8,643.51
2023-12-26,1,8,646.24
2023-12-27,1,8,908.59
2023-12-28,1,8,630.71
2023-12-29,1,8,773.74
2023-12-30,1,8,1009.6
2023-12-31,1,8,1068.58
2022-01-01,1,9,186.69
2022-01-02,1,9,195.18
2022-01-03,1,9,144.33
2022-01-04,1,9,164.68
2022-01-05,1,9,168.49
2022-01-06,1,9,138.16
2022-01-07,1,9,190.71
2022-01-08,1,9,177.79
2022-01-09,1,9,158.01
2022-01-10,1,9,169.83
2022-01-11,1,9,141.09
2022-01-12,1,9,168.73
2022-01-13,1,9,103.03
2022-01-14,1,9,194.97
2022-01-15,1,9,231.04
2022-01-16,1,9,162.8
2022-01-17,1,9,125.88
2022-01-18,1,9,202.54
2022-01-19,1,9,144.16
2022-01-20,1,9,141.94
2022-01-21,1,9,107.2
2022-01-22,1,9,200.21
2022-01-23,1,9,204.31
2022-01-24,1,9,180.36
2022-01-25,1,9,128.82
2022-01-26,1,9,125.98
2022-01-27,1,9,174.41
2022-01-28,1,9,188.21
2022-01-29,1,9,162.63
2022-01-30,1,9,247.54
2022-01-31,1,9,164.92
2022-02-01,1,9,203.75
2022-02-02,1,9,173.4
2022-02-03,1,9,109.05
2022-02-04,1,9,171.58
2022-02-05,1,9,264.82
2022-02-06,1,9,198.04
2022-02-07,1,9,165.85
2022-02-08,1,9,171.61
2022-02-09,1,9,99.7
2022-02-10,1,9,220.88
2022-02-11,1,9,152.87
2022-02-12,1,9,247.48
2022-02-13,1,9,227.25
2022-02-14,1,9,210.73
2022-02-15,1,9,188.26
2022-02-16,1,9,171.37
2022-02-17,1,9,153.96
2022-02-18,1,9,199.26
2022-02-19,1,9,166.5
2022-02-20,1,9,254.25
2022-02-21,1,9,149.05
2022-02-22,1,9,212.2
2022-02-23,1,9,183.14
2022-02-24,1,9,196.28
2022-02-25,1,9,181.36
2022-02-26,1,9,171.84
2022-02-27,1,9,203.21
2022-02-28,1,9,197.78
2022-03-01,1,9,188.54
2022-03-02,1,9,216.73
2022-03-03,1,9,195.43
2022-03-04,1,9,157.71
2022-03-05,1,9,211.36
2022-03-06,1,9,243.96
2022-03-07,1,9,120.77
2022-03-08,1,9,231.63
2022-03-09,1,9,197.61
2022-03-10,1,9,219.64
2022-03-11,1,9,141.65
2022-03-12,1,9,286.71
2022-03-13,1,9,322.78
2022-03-14,1,9,149.31
2022-03-15,1,9,207.94
2022-03-16,1,9,186.58
2022-03-17,1,9,143.46
2022-03-18,1,9,200.71
2022-03-19,1,9,273.59
2022-03-20,1,9,221.46
2022-03-21,1,9,220.19
2022-03-22,1,9,140.69
2022-03-23,1,9,145.66
2022-03-24,1,9,191.78
2022-03-25,1,9,188.82
2022-03-26,1,9,218.46
2022-03-27,1,9,274.74
2022-03-28,1,9,203.65
2022-03-29,1,9,213.11
2022-03-30,1,9,185.49
2022-03-31,1,9,206.25
2022-04-01,1,9,172.72
2022-04-02,1,9,315.04
2022-04-03,1,9,211.68
2022-04-04,1,9,244.22
2022-04-05,1,9,186.75
2022-04-06,1,9,147.58
2022-04-07,1,9,224.31
2022-04-08,1,9,189.8
2022-04-09,1,9,273.34
2022-04-10,1,9,287.15
2022-04-11,1,9,196.26
2022-04-12,1,9,170.35
2022-04-13,1,9,214.52
2022-04-14,1,9,187.32
2022-04-15,1,9,206.76
2022-04-16,1,9,165.13
2022-04-17,1,9,260.53
2022-04-18,1,9,169.98
2022-04-19,1,9,234.81
2022-04-20,1,9,205.92
2022-04-21,1,9,195.27
2022-04-22,1,9,202.42
2022-04-23,1,9,208.72
2022-04-24,1,9,305.53
2022-04-25,1,9,245.68
2022-04-26,1,9,200.5
2022-04-27,1,9,234.72
2022-04-28,1,9,173.49
2022-04-29,1,9,167.15
2022-04-30,1,9,248.54
2022-05-01,1,9,246.94
2022-05-02,1,9,167.93
2022-05-03,1,9,193.05
2022-05-04,1,9,187.02
2022-05-05,1,9,152.16
2022-05-06,1,9,193.06
2022-05-07,1,9,263.25
2022-05-08,1,9,239.27
2022-05-09,1,9,210.65
2022-05-10,1,9,146.93
2022-05-11,1,9,192.54
2022-05-12,1,9,148.46
2022-05-13,1,9,150.11
2022-05-14,1,9,212.32
2022-05-15,1,9,201.55
2022-05-16,1,9,165.86
2022-05-17,1,9,175.06
2022-05-18,1,9,203.76
2022-05-19,1,9,172.46
2022-05-20,1,9,138.22
2022-05-21,1,9,276.31
2022-05-22,1,9,206.51
2022-05-23,1,9,180.22
2022-05-24,1,9,194.17
2022-05-25,1,9,187.6
2022-05-26,1,9,212.22
2022-05-27,1,9,195.57
2022-05-28,1,9,206.74
2022-05-29,1,9,315.26
2022-05-30,1,9,188.27
2022-05-31,1,9,179.05
2022-06-01,1,9,190.69
2022-06-02,1,9,172.98
2022-06-03,1,9,176.88
2022-06-04,1,9,298.32
2022-06-05,1,9,208.36
2022-06-06,1,9,159.35
2022-06-07,1,9,170.4
2022-06-08,1,9,194.55
2022-06-09,1,9,129.85
2022-06-10,1,9,118.4
2022-06-11,1,9,199.22
2022-06-12,1,9,165.06
2022-06-13,1,9,157.61
2022-06-14,1,9,181.18
2022-06-15,1,9,146.09
2022-06-16,1,9,132.65
2022-06-17,1,9,170.67
2022-06-18,1,9,248.21
2022-06-19,1,9,164.04
2022-06-20,1,9,190.18
2022-06-21,1,9,190.27
2022-06-22,1,9,193.92
2022-06-23,1,9,200.81
2022-06-24,1,9,226.06
2022-06-25,1,9,209.28
2022-06-26,1,9,224.92
2022-06-27,1,9,159.72
2022-06-28,1,9,170.56
2022-06-29,1,9,209.89
2022-06-30,1,9,136.34
2022-07-01,1,9,133.98
2022-07-02,1,9,241.52
2022-07-03,1,9,230.99
2022-07-04,1,9,145.84
2022-07-05,1,9,174.15
2022-07-06,1,9,162.41
2022-07-07,1,9,189.43
2022-07-08,1,9,156.49
2022-07-09,1,9,232.33
2022-07-10,1,9,281.39
2022-07-11,1,9,169.07
2022-07-12,1,9,156.43
2022-07-13,1,9,172.25
2022-07-14,1,9,147.02
2022-07-15,1,9,211.43
2022-07-16,1,9,208.01
2022-07-17,1,9,194.41
2022-07-18,1,9,136.5
2022-07-19,1,9,181.9
2022-07-20,1,9,176.66
2022-07-21,1,9,144.78
2022-07-22,1,9,170.12
2022-07-23,1,9,157.63
2022-07-24,1,9,209.55
2022-07-25,1,9,167.63
2022-07-26,1,9,197.34
2022-07-27,1,9,139.05
2022-07-28,1,9,127.19
2022-07-29,1,9,136.34
2022-07-30,1,9,163.83
2022-07-31,1,9,246.2
2022-08-01,1,9,178.74
2022-08-02,1,9,152.14
2022-08-03,1,9,171.9
2022-08-04,1,9,148.32
2022-08-05,1,9,143.45
2022-08-06,1,9,179.88
2022-08-07,1,9,180.67
2022-08-08,1,9,112.01
2022-08-09,1,9,151.79
2022-08-10,1,9,145.24
2022-08-11,1,9,162.59
2022-08-12,1,9,148.41
2022-08-13,1,9,185.78
2022-08-14,1,9,165.67
2022-08-15,1,9,148.31
2022-08-16,1,9,163.1
2022-08-17,1,9,121.75
2022-08-18,1,9,149.01
2022-08-19,1,9,152.34
2022-08-20,1,9,170.88
2022-08-21,1,9,174.77
2022-08-22,1,9,152.66
2022-08-23,1,9,122.57
2022-08-24,1,9,155.55
2022-08-25,1,9,128.05
2022-08-26,1,9,171.64
2022-08-27,1,9,260.14
2022-08-28,1,9,167.87
2022-08-29,1,9,160.28
2022-08-30,1,9,132.32
2022-08-31,1,9,171.84
2022-09-01,1,9,116.62
2022-09-02,1,9,154.43
2022-09-03,1,9,162.87
2022-09-04,1,9,181.74
2022-09-05,1,9,122.06
2022-09-06,1,9,162.34
2022-09-07,1,9,126.47
2022-09-08,1,9,156.73
2022-09-09,1,9,137.38
2022-09-10,1,9,185.23
2022-09-11,1,9,192.8
2022-09-12,1,9,128.61
2022-09-13,1,9,149.91
2022-09-14,1,9,178.82
2022-09-15,1,9,128.57
2022-09-16,1,9,171.27
2022-09-17,1,9,232.11
2022-09-18,1,9,166.45
2022-09-19,1,9,114.15
2022-09-20,1,9,152.75
2022-09-21,1,9,134.24
2022-09-22,1,9,187.39
2022-09-23,1,9,147.24
2022-09-24,1,9,167.64
2022-09-25,1,9,157.91
2022-09-26,1,9,170.83
2022-09-27,1,9,134.35
2022-09-28,1,9,148.03
2022-09-29,1,9,168.27
2022-09-30,1,9,136.59
2022-10-01,1,9,196.68
2022-10-02,1,9,197.71
2022-10-03,1,9,168.22
2022-10-04,1,9,166.23
2022-10-05,1,9,147.78
2022-10-06,1,9,154.4
2022-10-07,1,9,144.53
2022-10-08,1,9,155.0
2022-10-09,1,9,206.99
2022-10-10,1,9,196.97
2022-10-11,1,9,133.19
2022-10-12,1,9,135.84
2022-10-13,1,9,133.69
2022-10-14,1,9,170.63
2022-10-15,1,9,213.69
2022-10-16,1,9,195.61
2022-10-17,1,9,133.02
2022-10-18,1,9,156.52
2022-10-19,1,9,118.24
2022-10-20,1,9,157.94
2022-10-21,1,9,174.97
2022-10-22,1,9,163.53
2022-10-23,1,9,155.16
2022-10-24,1,9,191.84
2022-10-25,1,9,140.97
2022-10-26,1,9,181.8
2022-10-27,1,9,151.86
2022-10-28,1,9,151.79
2022-10-29,1,9,215.71
2022-10-30,1,9,175.7
2022-10-31,1,9,159.03
2022-11-01,1,9,160.15
2022-11-02,1,9,136.33
2022-11-03,1,9,178.74
2022-11-04,1,9,163.54
2022-11-05,1,9,216.29
2022-11-06,1,9,181.44
2022-11-07,1,9,211.39
2022-11-08,1,9,193.24
2022-11-09,1,9,195.63
2022-11-10,1,9,163.21
2022-11-11,1,9,126.77
2022-11-12,1,9,287.93
2022-11-13,1,9,220.82
2022-11-14,1,9,152.29
2022-11-15,1,9,182.43
2022-11-16,1,9,201.9
2022-11-17,1,9,171.36
2022-11-18,1,9,205.09
2022-11-19,1,9,260.25
2022-11-20,1,9,187.87
2022-11-21,1,9,155.04
2022-11-22,1,9,197.4
2022-11-23,1,9,102.45
2022-11-24,1,9,168.99
2022-11-25,1,9,135.87
2022-11-26,1,9,208.98
2022-11-27,1,9,215.14
2022-11-28,1,9,164.07
2022-11-29,1,9,159.14
2022-11-30,1,9,145.07
2022-12-01,1,9,259.47
2022-12-02,1,9,247.36
2022-12-03,1,9,207.57
2022-12-04,1,9,311.28
2022-12-05,1,9,182.06
2022-12-06,1,9,197.57
2022-12-07,1,9,192.11
2022-12-08,1,9,174.89
2022-12-09,1,9,222.91
2022-12-10,1,9,257.48
2022-12-11,1,9,234.82
2022-12-12,1,9,156.58
2022-12-13,1,9,168.71
2022-12-14,1,9,146.97
2022-12-15,1,9,195.47
2022-12-16,1,9,160.21
2022-12-17,1,9,243.9
2022-12-18,1,9,306.46
2022-12-19,1,9,230.9
2022-12-20,1,9,194.89
2022-12-21,1,9,193.42
2022-12-22,1,9,251.43
2022-12-23,1,9,211.6
2022-12-24,1,9,242.79
2022-12-25,1,9,200.87
2022-12-26,1,9,208.33
2022-12-27,1,9,221.34
2022-12-28,1,9,178.33
2022-12-29,1,9,205.75
2022-12-30,1,9,186.53
2022-12-31,1,9,249.57
2023-01-01,1,9,177.1
2023-01-02,1,9,210.26
2023-01-03,1,9,249.3
2023-01-04,1,9,197.18
2023-01-05,1,9,219.69
2023-01-06,1,9,193.39
2023-01-07,1,9,299.11
2023-01-08,1,9,274.76
2023-01-09,1,9,187.81
2023-01-10,1,9,262.49
2023-01-11,1,9,249.43
2023-01-12,1,9,199.2
2023-01-13,1,9,235.61
2023-01-14,1,9,308.21
2023-01-15,1,9,312.93
2023-01-16,1,9,163.88
2023-01-17,1,9,253.08
2023-01-18,1,9,201.23
2023-01-19,1,9,208.38
2023-01-20,1,9,307.55
2023-01-21,1,9,299.65
2023-01-22,1,9,270.25
2023-01-23,1,9,147.78
2023-01-24,1,9,267.06
2023-01-25,1,9,176.53
2023-01-26,1,9,188.0
2023-01-27,1,9,210.46
2023-01-28,1,9,349.33
2023-01-29,1,9,321.77
2023-01-30,1,9,216.69
2023-01-31,1,9,232.38
2023-02-01,1,9,215.71
2023-02-02,1,9,242.2
2023-02-03,1,9,240.01
2023-02-04,1,9,353.72
2023-02-05,1,9,353.9
2023-02-06,1,9,255.54
2023-02-07,1,9,225.14
2023-02-08,1,9,264.76
2023-02-09,1,9,235.13
2023-02-10,1,9,199.87
2023-02-11,1,9,291.61
2023-02-12,1,9,314.54
2023-02-13,1,9,271.74
2023-02-14,1,9,232.68
2023-02-15,1,9,196.01
2023-02-16,1,9,241.65
2023-02-17,1,9,243.86
2023-02-18,1,9,320.62
2023-02-19,1,9,355.22
2023-02-20,1,9,277.01
2023-02-21,1,9,219.02
2023-02-22,1,9,218.39
2023-02-23,1,9,203.22
2023-02-24,1,9,266.22
2023-02-25,1,9,381.6
2023-02-26,1,9,298.87
2023-02-27,1,9,232.73
2023-02-28,1,9,294.81
2023-03-01,1,9,266.09
2023-03-02,1,9,263.71
2023-03-03,1,9,203.44
2023-03-04,1,9,355.02
2023-03-05,1,9,277.5
2023-03-06,1,9,205.98
2023-03-07,1,9,235.46
2023-03-08,1,9,226.71
2023-03-09,1,9,240.46
2023-03-10,1,9,195.1
2023-03-11,1,9,370.36
2023-03-12,1,9,378.83
2023-03-13,1,9,176.56
2023-03-14,1,9,286.23
2023-03-15,1,9,219.4
2023-03-16,1,9,282.07
2023-03-17,1,9,247.55
2023-03-18,1,9,326.78
2023-03-19,1,9,316.56
2023-03-20,1,9,296.21
2023-03-21,1,9,204.17
2023-03-22,1,9,273.87
2023-03-23,1,9,292.65
2023-03-24,1,9,278.34
2023-03-25,1,9,440.97
2023-03-26,1,9,301.22
2023-03-27,1,9,288.02
2023-03-28,1,9,248.02
2023-03-29,1,9,298.86
2023-03-30,1,9,252.08
2023-03-31,1,9,237.85
2023-04-01,1,9,384.13
2023-04-02,1,9,297.72
2023-04-03,1,9,194.99
2023-04-04,1,9,228.39
2023-04-05,1,9,270.76
2023-04-06,1,9,299.7
2023-04-07,1,9,252.23
2023-04-08,1,9,386.56
2023-04-09,1,9,257.17
2023-04-10,1,9,232.08
2023-04-11,1,9,238.01
2023-04-12,1,9,244.67
2023-04-13,1,9,252.26
2023-04-14,1,9,275.12
2023-04-15,1,9,302.65
2023-04-16,1,9,331.28
2023-04-17,1,9,248.1
2023-04-18,1,9,215.25
2023-04-19,1,9,245.87
2023-04-20,1,9,244.91
2023-04-21,1,9,244.27
2023-04-22,1,9,327.39
2023-04-23,1,9,329.76
2023-04-24,1,9,234.71
2023-04-25,1,9,299.1
2023-04-26,1,9,207.24
2023-04-27,1,9,224.3
2023-04-28,1,9,356.6
2023-04-29,1,9,276.41
2023-04-30,1,9,261.08
2023-05-01,1,9,262.49
2023-05-02,1,9,162.88
2023-05-03,1,9,228.4
2023-05-04,1,9,313.17
2023-05-05,1,9,182.13
2023-05-06,1,9,216.72
2023-05-07,1,9,239.21
2023-05-08,1,9,269.56
2023-05-09,1,9,277.82
2023-05-10,1,9,219.58
2023-05-11,1,9,262.42
2023-05-12,1,9,287.86
2023-05-13,1,9,392.92
2023-05-14,1,9,298.6
2023-05-15,1,9,156.27
2023-05-16,1,9,209.42
2023-05-17,1,9,223.68
2023-05-18,1,9,229.86
2023-05-19,1,9,232.56
2023-05-20,1,9,363.55
2023-05-21,1,9,371.06
2023-05-22,1,9,233.61
2023-05-23,1,9,279.48
2023-05-24,1,9,252.98
2023-05-25,1,9,242.58
2023-05-26,1,9,273.11
2023-05-27,1,9,316.14
2023-05-28,1,9,409.56
2023-05-29,1,9,188.92
2023-05-30,1,9,222.43
2023-05-31,1,9,236.64
2023-06-01,1,9,233.89
2023-06-02,1,9,261.34
2023-06-03,1,9,284.59
2023-06-04,1,9,224.85
2023-06-05,1,9,247.81
2023-06-06,1,9,245.08
2023-06-07,1,9,156.13
2023-06-08,1,9,220.32
2023-06-09,1,9,167.97
2023-06-10,1,9,258.34
2023-06-11,1,9,248.26
2023-06-12,1,9,247.85
2023-06-13,1,9,225.04
2023-06-14,1,9,178.63
2023-06-15,1,9,250.69
2023-06-16,1,9,173.94
2023-06-17,1,9,302.54
2023-06-18,1,9,253.24
2023-06-19,1,9,209.86
2023-06-20,1,9,238.99
2023-06-21,1,9,239.71
2023-06-22,1,9,267.08
2023-06-23,1,9,219.87
2023-06-24,1,9,302.9
2023-06-25,1,9,270.75
2023-06-26,1,9,229.14
2023-06-27,1,9,237.91
2023-06-28,1,9,220.04
2023-06-29,1,9,163.02
2023-06-30,1,9,234.75
2023-07-01,1,9,276.13
2023-07-02,1,9,235.25
2023-07-03,1,9,162.8
2023-07-04,1,9,246.46
2023-07-05,1,9,216.8
2023-07-06,1,9,195.1
2023-07-07,1,9,167.69
2023-07-08,1,9,230.58
2023-07-09,1,9,314.59
2023-07-10,1,9,206.75
2023-07-11,1,9,185.96
2023-07-12,1,9,218.33
2023-07-13,1,9,178.16
2023-07-14,1,9,248.81
2023-07-15,1,9,317.79
2023-07-16,1,9,245.85
2023-07-17,1,9,184.29
2023-07-18,1,9,123.65
2023-07-19,1,9,158.46
2023-07-20,1,9,162.91
2023-07-21,1,9,208.14
2023-07-22,1,9,252.38
2023-07-23,1,9,211.95
2023-07-24,1,9,195.77
2023-07-25,1,9,220.02
2023-07-26,1,9,220.86
2023-07-27,1,9,146.43
2023-07-28,1,9,200.97
2023-07-29,1,9,211.24
2023-07-30,1,9,302.8
2023-07-31,1,9,229.45
2023-08-01,1,9,163.3
2023-08-02,1,9,167.14
2023-08-03,1,9,175.89
2023-08-04,1,9,125.19
2023-08-05,1,9,258.36
2023-08-06,1,9,236.05
2023-08-07,1,9,217.01
2023-08-08,1,9,158.33
2023-08-09,1,9,172.07
2023-08-10,1,9,146.91
2023-08-11,1,9,161.31
2023-08-12,1,9,203.25
2023-08-13,1,9,284.14
2023-08-14,1,9,170.35
2023-08-15,1,9,193.95
2023-08-16,1,9,179.64
2023-08-17,1,9,154.34
2023-08-18,1,9,185.94
2023-08-19,1,9,270.44
2023-08-20,1,9,203.31
2023-08-21,1,9,214.31
2023-08-22,1,9,166.86
2023-08-23,1,9,177.49
2023-08-24,1,9,206.72
2023-08-25,1,9,172.53
2023-08-26,1,9,250.63
2023-08-27,1,9,237.61
2023-08-28,1,9,195.68
2023-08-29,1,9,123.48
2023-08-30,1,9,139.45
2023-08-31,1,9,210.08
2023-09-01,1,9,215.17
2023-09-02,1,9,209.13
2023-09-03,1,9,233.49
2023-09-04,1,9,194.79
2023-09-05,1,9,206.07
2023-09-06,1,9,129.97
2023-09-07,1,9,162.05
2023-09-08,1,9,177.68
2023-09-09,1,9,268.92
2023-09-10,1,9,334.63
2023-09-11,1,9,180.95
2023-09-12,1,9,147.91
2023-09-13,1,9,198.91
2023-09-14,1,9,224.9
2023-09-15,1,9,190.86
2023-09-16,1,9,211.09
2023-09-17,1,9,279.59
2023-09-18,1,9,206.89
2023-09-19,1,9,159.3
2023-09-20,1,9,199.18
2023-09-21,1,9,216.71
2023-09-22,1,9,222.07
2023-09-23,1,9,242.92
2023-09-24,1,9,232.33
2023-09-25,1,9,223.76
2023-09-26,1,9,154.77
2023-09-27,1,9,201.66
2023-09-28,1,9,150.42
2023-09-29,1,9,219.71
2023-09-30,1,9,236.88
2023-10-01,1,9,303.32
2023-10-02,1,9,210.6
2023-10-03,1,9,160.25
2023-10-04,1,9,238.35
2023-10-05,1,9,242.23
2023-10-06,1,9,222.64
2023-10-07,1,9,226.55
2023-10-08,1,9,244.17
2023-10-09,1,9,201.28
2023-10-10,1,9,176.3
2023-10-11,1,9,247.29
2023-10-12,1,9,201.61
2023-10-13,1,9,117.39
2023-10-14,1,9,269.93
2023-10-15,1,9,243.59
2023-10-16,1,9,195.6
2023-10-17,1,9,186.99
2023-10-18,1,9,222.03
2023-10-19,1,9,231.46
2023-10-20,1,9,206.72
2023-10-21,1,9,244.81
2023-10-22,1,9,256.5
2023-10-23,1,9,199.24
2023-10-24,1,9,174.85
2023-10-25,1,9,216.17
2023-10-26,1,9,212.75
2023-10-27,1,9,245.15
2023-10-28,1,9,307.81
2023-10-29,1,9,232.53
2023-10-30,1,9,224.04
2023-10-31,1,9,171.14
2023-11-01,1,9,240.11
2023-11-02,1,9,200.69
2023-11-03,1,9,184.27
2023-11-04,1,9,295.05
2023-11-05,1,9,169.66
2023-11-06,1,9,160.79
2023-11-07,1,9,212.39
2023-11-08,1,9,221.03
2023-11-09,1,9,206.36
2023-11-10,1,9,166.8
2023-11-11,1,9,249.45
2023-11-12,1,9,301.2
2023-11-13,1,9,238.09
2023-11-14,1,9,218.58
2023-11-15,1,9,257.29
2023-11-16,1,9,232.45
2023-11-17,1,9,194.89
2023-11-18,1,9,273.51
2023-11-19,1,9,225.57
2023-11-20,1,9,216.33
2023-11-21,1,9,256.73
2023-11-22,1,9,242.78
2023-11-23,1,9,266.61
2023-11-24,1,9,210.4
2023-11-25,1,9,344.6
2023-11-26,1,9,278.56
2023-11-27,1,9,269.54
2023-11-28,1,9,220.21
2023-11-29,1,9,244.52
2023-11-30,1,9,270.14
2023-12-01,1,9,238.78
2023-12-02,1,9,330.36
2023-12-03,1,9,381.95
2023-12-04,1,9,241.44
2023-12-05,1,9,197.66
2023-12-06,1,9,325.92
2023-12-07,1,9,229.4
2023-12-08,1,9,252.81
2023-12-09,1,9,376.89
2023-12-10,1,9,292.05
2023-12-11,1,9,209.97
2023-12-12,1,9,256.93
2023-12-13,1,9,181.05
2023-12-14,1,9,237.1
2023-12-15,1,9,257.06
2023-12-16,1,9,309.46
2023-12-17,1,9,247.99
2023-12-18,1,9,307.77
2023-12-19,1,9,252.38
2023-12-20,1,9,302.05
2023-12-21,1,9,239.11
2023-12-22,1,9,216.09
2023-12-23,1,9,336.91
2023-12-24,1,9,313.53
2023-12-25,1,9,205.33
2023-12-26,1,9,304.55
2023-12-27,1,9,226.38
2023-12-28,1,9,180.86
2023-12-29,1,9,299.77
2023-12-30,1,9,300.55
2023-12-31,1,9,295.68
2022-01-01,1,10,452.5
2022-01-02,1,10,251.48
2022-01-03,1,10,347.35
2022-01-04,1,10,275.46
2022-01-05,1,10,302.35
2022-01-06,1,10,356.15
2022-01-07,1,10,346.54
2022-01-08,1,10,422.09
2022-01-09,1,10,484.51
2022-01-10,1,10,242.65
2022-01-11,1,10,336.04
2022-01-12,1,10,287.68
2022-01-13,1,10,371.68
2022-01-14,1,10,360.72
2022-01-15,1,10,471.71
2022-01-16,1,10,531.09
2022-01-17,1,10,383.4
2022-01-18,1,10,320.55
2022-01-19,1,10,328.57
2022-01-20,1,10,358.6
2022-01-21,1,10,336.0
2022-01-22,1,10,473.8
2022-01-23,1,10,285.41
2022-01-24,1,10,423.41
2022-01-25,1,10,333.59
2022-01-26,1,10,250.36
2022-01-27,1,10,285.81
2022-01-28,1,10,225.64
2022-01-29,1,10,360.86
2022-01-30,1,10,422.62
2022-01-31,1,10,408.05
2022-02-01,1,10,376.84
2022-02-02,1,10,367.73
2022-02-03,1,10,295.11
2022-02-04,1,10,311.98
2022-02-05,1,10,411.35
2022-02-06,1,10,414.59
2022-02-07,1,10,338.21
2022-02-08,1,10,342.59
2022-02-09,1,10,339.53
2022-02-10,1,10,322.01
2022-02-11,1,10,365.68
2022-02-12,1,10,444.39
2022-02-13,1,10,355.11
2022-02-14,1,10,361.3
2022-02-15,1,10,353.49
2022-02-16,1,10,274.81
2022-02-17,1,10,328.51
2022-02-18,1,10,393.14
2022-02-19,1,10,389.48
2022-02-20,1,10,382.4
2022-02-21,1,10,344.23
2022-02-22,1,10,396.05
2022-02-23,1,10,461.0
2022-02-24,1,10,398.76
2022-02-25,1,10,422.34
2022-02-26,1,10,497.24
2022-02-27,1,10,424.48
2022-02-28,1,10,399.88
2022-03-01,1,10,368.15
2022-03-02,1,10,394.41
2022-03-03,1,10,320.62
2022-03-04,1,10,400.17
2022-03-05,1,10,477.86
2022-03-06,1,10,504.01
2022-03-07,1,10,370.27
2022-03-08,1,10,359.8
2022-03-09,1,10,403.08
2022-03-10,1,10,353.2
2022-03-11,1,10,286.75
2022-03-12,1,10,352.16
2022-03-13,1,10,503.88
2022-03-14,1,10,352.19
2022-03-15,1,10,279.87
2022-03-16,1,10,384.27
2022-03-17,1,10,373.25
2022-03-18,1,10,350.53
2022-03-19,1,10,511.32
2022-03-20,1,10,590.88
2022-03-21,1,10,453.2
2022-03-22,1,10,388.54
2022-03-23,1,10,375.85
2022-03-24,1,10,390.06
2022-03-25,1,10,399.07
2022-03-26,1,10,476.3
2022-03-27,1,10,509.73
2022-03-28,1,10,292.17
2022-03-29,1,10,387.47
2022-03-30,1,10,410.56
2022-03-31,1,10,355.33
2022-04-01,1,10,369.91
2022-04-02,1,10,406.91
2022-04-03,1,10,397.1
2022-04-04,1,10,388.22
2022-04-05,1,10,335.44
2022-04-06,1,10,276.53
2022-04-07,1,10,314.42
2022-04-08,1,10,322.95
2022-04-09,1,10,548.55
2022-04-10,1,10,505.12
2022-04-11,1,10,329.22
2022-04-12,1,10,345.65
2022-04-13,1,10,454.09
2022-04-14,1,10,433.09
2022-04-15,1,10,316.36
2022-04-16,1,10,580.91
2022-04-17,1,10,489.05
2022-04-18,1,10,426.86
2022-04-19,1,10,372.14
2022-04-20,1,10,449.75
2022-04-21,1,10,315.7
2022-04-22,1,10,367.86
2022-04-23,1,10,588.54
2022-04-24,1,10,319.38
2022-04-25,1,10,380.9
2022-04-26,1,10,361.23
2022-04-27,1,10,423.7
2022-04-28,1,10,446.3
2022-04-29,1,10,427.09
2022-04-30,1,10,518.96
2022-05-01,1,10,472.88
2022-05-02,1,10,343.27
2022-05-03,1,10,373.61
2022-05-04,1,10,441.9
2022-05-05,1,10,317.64
2022-05-06,1,10,341.27
2022-05-07,1,10,467.19
2022-05-08,1,10,543.97
2022-05-09,1,10,376.33
2022-05-10,1,10,418.23
2022-05-11,1,10,421.37
2022-05-12,1,10,397.53
2022-05-13,1,10,307.11
2022-05-14,1,10,593.95
2022-05-15,1,10,576.72
2022-05-16,1,10,369.89
2022-05-17,1,10,290.71
2022-05-18,1,10,281.13
2022-05-19,1,10,381.38
2022-05-20,1,10,328.98
2022-05-21,1,10,355.19
2022-05-22,1,10,365.4
2022-05-23,1,10,342.67
2022-05-24,1,10,379.77
2022-05-25,1,10,447.17
2022-05-26,1,10,396.47
2022-05-27,1,10,348.78
2022-05-28,1,10,508.79
2022-05-29,1,10,502.77
2022-05-30,1,10,412.06
2022-05-31,1,10,369.02
2022-06-01,1,10,390.29
2022-06-02,1,10,379.89
2022-06-03,1,10,342.57
2022-06-04,1,10,432.39
2022-06-05,1,10,501.44
2022-06-06,1,10,302.94
2022-06-07,1,10,262.81
2022-06-08,1,10,262.75
2022-06-09,1,10,299.5
2022-06-10,1,10,374.11
2022-06-11,1,10,414.84
2022-06-12,1,10,456.92
2022-06-13,1,10,315.95
2022-06-14,1,10,316.63
2022-06-15,1,10,289.3
2022-06-16,1,10,337.47
2022-06-17,1,10,333.48
2022-06-18,1,10,473.19
2022-06-19,1,10,465.23
2022-06-20,1,10,333.21
2022-06-21,1,10,266.02
2022-06-22,1,10,399.18
2022-06-23,1,10,339.85
2022-06-24,1,10,348.65
2022-06-25,1,10,555.89
2022-06-26,1,10,509.78
2022-06-27,1,10,368.55
2022-06-28,1,10,345.59
2022-06-29,1,10,345.4
2022-06-30,1,10,358.77
2022-07-01,1,10,330.97
2022-07-02,1,10,510.04
2022-07-03,1,10,556.89
2022-07-04,1,10,326.34
2022-07-05,1,10,211.89
2022-07-06,1,10,268.53
2022-07-07,1,10,398.7
2022-07-08,1,10,347.6
2022-07-09,1,10,434.35
2022-07-10,1,10,398.37
2022-07-11,1,10,258.47
2022-07-12,1,10,394.07
2022-07-13,1,10,276.19
2022-07-14,1,10,349.86
2022-07-15,1,10,254.05
2022-07-16,1,10,397.39
2022-07-17,1,10,472.22
2022-07-18,1,10,304.57
2022-07-19,1,10,299.18
2022-07-20,1,10,317.45
2022-07-21,1,10,253.64
2022-07-22,1,10,244.89
2022-07-23,1,10,457.32
2022-07-24,1,10,387.22
2022-07-25,1,10,352.0
2022-07-26,1,10,371.96
2022-07-27,1,10,376.11
2022-07-28,1,10,241.48
2022-07-29,1,10,285.9
2022-07-30,1,10,448.97
2022-07-31,1,10,450.3
2022-08-01,1,10,393.31
2022-08-02,1,10,254.25
2022-08-03,1,10,346.18
2022-08-04,1,10,311.27
2022-08-05,1,10,222.46
2022-08-06,1,10,352.34
2022-08-07,1,10,399.32
2022-08-08,1,10,220.16
2022-08-09,1,10,203.93
2022-08-10,1,10,217.99
2022-08-11,1,10,308.03
2022-08-12,1,10,275.17
2022-08-13,1,10,350.18
2022-08-14,1,10,352.46
2022-08-15,1,10,233.93
2022-08-16,1,10,277.34
2022-08-17,1,10,216.6
2022-08-18,1,10,351.33
2022-08-19,1,10,374.21
2022-08-20,1,10,252.82
2022-08-21,1,10,361.26
2022-08-22,1,10,281.04
2022-08-23,1,10,291.58
2022-08-24,1,10,344.68
2022-08-25,1,10,278.93
2022-08-26,1,10,296.17
2022-08-27,1,10,565.0
2022-08-28,1,10,384.29
2022-08-29,1,10,380.58
2022-08-30,1,10,323.79
2022-08-31,1,10,276.33
2022-09-01,1,10,260.28
2022-09-02,1,10,291.74
2022-09-03,1,10,315.78
2022-09-04,1,10,331.01
2022-09-05,1,10,274.19
2022-09-06,1,10,305.89
2022-09-07,1,10,373.55
2022-09-08,1,10,272.12
2022-09-09,1,10,314.04
2022-09-10,1,10,288.81
2022-09-11,1,10,443.25
2022-09-12,1,10,218.38
2022-09-13,1,10,329.93
2022-09-14,1,10,291.3
2022-09-15,1,10,289.77
2022-09-16,1,10,282.05
2022-09-17,1,10,309.26
2022-09-18,1,10,312.56
2022-09-19,1,10,333.2
2022-09-20,1,10,296.82
2022-09-21,1,10,282.84
2022-09-22,1,10,316.49
2022-09-23,1,10,301.5
2022-09-24,1,10,340.44
2022-09-25,1,10,529.45
2022-09-26,1,10,330.77
2022-09-27,1,10,303.61
2022-09-28,1,10,275.19
2022-09-29,1,10,341.05
2022-09-30,1,10,263.36
2022-10-01,1,10,349.04
2022-10-02,1,10,503.93
2022-10-03,1,10,310.79
2022-10-04,1,10,274.16
2022-10-05,1,10,310.11
2022-10-06,1,10,349.64
2022-10-07,1,10,339.26
2022-10-08,1,10,462.76
2022-10-09,1,10,328.33
2022-10-10,1,10,355.35
2022-10-11,1,10,302.95
2022-10-12,1,10,315.71
2022-10-13,1,10,368.36
2022-10-14,1,10,344.93
2022-10-15,1,10,427.34
2022-10-16,1,10,285.37
2022-10-17,1,10,310.63
2022-10-18,1,10,276.16
2022-10-19,1,10,346.66
2022-10-20,1,10,360.09
2022-10-21,1,10,299.52
2022-10-22,1,10,367.33
2022-10-23,1,10,503.84
2022-10-24,1,10,286.01
2022-10-25,1,10,258.31
2022-10-26,1,10,275.61
2022-10-27,1,10,288.95
2022-10-28,1,10,274.68
2022-10-29,1,10,462.42
2022-10-30,1,10,275.29
2022-10-31,1,10,274.3
2022-11-01,1,10,341.96
2022-11-02,1,10,355.55
2022-11-03,1,10,432.48
2022-11-04,1,10,425.22
2022-11-05,1,10,341.28
2022-11-06,1,10,320.82
2022-11-07,1,10,347.3
2022-11-08,1,10,311.3
2022-11-09,1,10,284.57
2022-11-10,1,10,347.63
2022-11-11,1,10,359.07
2022-11-12,1,10,394.7
2022-11-13,1,10,409.56
2022-11-14,1,10,308.09
2022-11-15,1,10,326.63
2022-11-16,1,10,376.67
2022-11-17,1,10,292.27
2022-11-18,1,10,315.38
2022-11-19,1,10,426.74
2022-11-20,1,10,453.8
2022-11-21,1,10,364.18
2022-11-22,1,10,457.17
2022-11-23,1,10,380.28
2022-11-24,1,10,381.82
2022-11-25,1,10,336.73
2022-11-26,1,10,389.25
2022-11-27,1,10,420.49
2022-11-28,1,10,314.09
2022-11-29,1,10,372.51
2022-11-30,1,10,264.87
2022-12-01,1,10,426.28
2022-12-02,1,10,384.89
2022-12-03,1,10,565.77
2022-12-04,1,10,454.69
2022-12-05,1,10,339.57
2022-12-06,1,10,368.99
2022-12-07,1,10,367.85
2022-12-08,1,10,441.14
2022-12-09,1,10,440.91
2022-12-10,1,10,658.78
2022-12-11,1,10,474.64
2022-12-12,1,10,196.52
2022-12-13,1,10,370.75
2022-12-14,1,10,408.98
2022-12-15,1,10,438.0
2022-12-16,1,10,413.92
2022-12-17,1,10,476.7
2022-12-18,1,10,647.95
2022-12-19,1,10,335.25
2022-12-20,1,10,380.71
2022-12-21,1,10,332.99
2022-12-22,1,10,398.82
2022-12-23,1,10,492.8
2022-12-24,1,10,506.77
2022-12-25,1,10,507.62
2022-12-26,1,10,297.37
2022-12-27,1,10,381.94
2022-12-28,1,10,468.34
2022-12-29,1,10,384.7
2022-12-30,1,10,380.93
2022-12-31,1,10,606.69
2023-01-01,1,10,545.9
2023-01-02,1,10,526.43
2023-01-03,1,10,356.26
2023-01-04,1,10,486.52
2023-01-05,1,10,551.07
2023-01-06,1,10,509.12
2023-01-07,1,10,414.2
2023-01-08,1,10,520.65
2023-01-09,1,10,427.14
2023-01-10,1,10,510.75
2023-01-11,1,10,355.21
2023-01-12,1,10,376.3
2023-01-13,1,10,337.49
2023-01-14,1,10,506.66
2023-01-15,1,10,470.07
2023-01-16,1,10,552.26
2023-01-17,1,10,402.52
2023-01-18,1,10,492.37
2023-01-19,1,10,447.66
2023-01-20,1,10,447.04
2023-01-21,1,10,529.67
2023-01-22,1,10,648.83
2023-01-23,1,10,458.11
2023-01-24,1,10,454.57
2023-01-25,1,10,408.48
2023-01-26,1,10,419.79
2023-01-27,1,10,488.7
2023-01-28,1,10,604.33
2023-01-29,1,10,595.42
2023-01-30,1,10,399.11
2023-01-31,1,10,581.65
2023-02-01,1,10,446.06
2023-02-02,1,10,478.8
2023-02-03,1,10,467.83
2023-02-04,1,10,809.78
2023-02-05,1,10,599.29
2023-02-06,1,10,454.7
2023-02-07,1,10,491.28
2023-02-08,1,10,432.8
2023-02-09,1,10,491.49
2023-02-10,1,10,655.83
2023-02-11,1,10,657.6
2023-02-12,1,10,654.63
2023-02-13,1,10,432.57
2023-02-14,1,10,609.49
2023-02-15,1,10,626.66
2023-02-16,1,10,547.94
2023-02-17,1,10,533.83
2023-02-18,1,10,610.17
2023-02-19,1,10,670.04
2023-02-20,1,10,426.15
2023-02-21,1,10,405.18
2023-02-22,1,10,379.03
2023-02-23,1,10,518.29
2023-02-24,1,10,387.55
2023-02-25,1,10,587.94
2023-02-26,1,10,630.18
2023-02-27,1,10,562.69
2023-02-28,1,10,447.45
2023-03-01,1,10,585.22
2023-03-02,1,10,572.53
2023-03-03,1,10,421.49
2023-03-04,1,10,763.33
2023-03-05,1,10,625.95
2023-03-06,1,10,465.58
2023-03-07,1,10,482.49
2023-03-08,1,10,503.68
2023-03-09,1,10,472.9
2023-03-10,1,10,441.09
2023-03-11,1,10,582.52
2023-03-12,1,10,670.65
2023-03-13,1,10,493.54
2023-03-14,1,10,546.09
2023-03-15,1,10,510.39
2023-03-16,1,10,512.62
2023-03-17,1,10,552.21
2023-03-18,1,10,800.12
2023-03-19,1,10,804.65
2023-03-20,1,10,610.35
2023-03-21,1,10,574.92
2023-03-22,1,10,668.06
2023-03-23,1,10,542.67
2023-03-24,1,10,534.46
2023-03-25,1,10,886.04
2023-03-26,1,10,392.12
2023-03-27,1,10,494.25
2023-03-28,1,10,606.99
2023-03-29,1,10,586.53
2023-03-30,1,10,708.62
2023-03-31,1,10,520.3
2023-04-01,1,10,609.16
2023-04-02,1,10,619.23
2023-04-03,1,10,525.58
2023-04-04,1,10,624.1
2023-04-05,1,10,625.47
2023-04-06,1,10,498.45
2023-04-07,1,10,522.11
2023-04-08,1,10,594.34
2023-04-09,1,10,605.0
2023-04-10,1,10,583.16
2023-04-11,1,10,625.62
2023-04-12,1,10,451.95
2023-04-13,1,10,523.5
2023-04-14,1,10,487.0
2023-04-15,1,10,742.71
2023-04-16,1,10,619.61
2023-04-17,1,10,360.11
2023-04-18,1,10,583.11
2023-04-19,1,10,484.07
2023-04-20,1,10,492.32
2023-04-21,1,10,541.02
2023-04-22,1,10,695.61
2023-04-23,1,10,706.32
2023-04-24,1,10,384.48
2023-04-25,1,10,551.71
2023-04-26,1,10,363.65
2023-04-27,1,10,568.77
2023-04-28,1,10,595.85
2023-04-29,1,10,527.52
2023-04-30,1,10,696.95
2023-05-01,1,10,555.4
2023-05-02,1,10,447.4
2023-05-03,1,10,528.53
2023-05-04,1,10,279.66
2023-05-05,1,10,559.86
2023-05-06,1,10,628.11
2023-05-07,1,10,601.52
2023-05-08,1,10,552.74
2023-05-09,1,10,606.98
2023-05-10,1,10,517.43
2023-05-11,1,10,599.07
2023-05-12,1,10,370.41
2023-05-13,1,10,690.99
2023-05-14,1,10,616.21
2023-05-15,1,10,426.69
2023-05-16,1,10,344.14
2023-05-17,1,10,529.01
2023-05-18,1,10,548.53
2023-05-19,1,10,582.86
2023-05-20,1,10,742.56
2023-05-21,1,10,558.48
2023-05-22,1,10,580.29
2023-05-23,1,10,588.38
2023-05-24,1,10,467.82
2023-05-25,1,10,489.21
2023-05-26,1,10,419.15
2023-05-27,1,10,774.97
2023-05-28,1,10,490.64
2023-05-29,1,10,527.62
2023-05-30,1,10,444.99
2023-05-31,1,10,407.8
2023-06-01,1,10,319.79
2023-06-02,1,10,430.81
2023-06-03,1,10,469.28
2023-06-04,1,10,584.42
2023-06-05,1,10,564.46
2023-06-06,1,10,459.73
2023-06-07,1,10,580.48
2023-06-08,1,10,381.1
2023-06-09,1,10,361.31
2023-06-10,1,10,492.18
2023-06-11,1,10,576.5
2023-06-12,1,10,631.16
2023-06-13,1,10,336.62
2023-06-14,1,10,490.42
2023-06-15,1,10,401.87
2023-06-16,1,10,434.22
2023-06-17,1,10,474.18
2023-06-18,1,10,661.98
2023-06-19,1,10,447.22
2023-06-20,1,10,523.96
2023-06-21,1,10,462.62
2023-06-22,1,10,320.37
2023-06-23,1,10,525.6
2023-06-24,1,10,409.86
2023-06-25,1,10,422.73
2023-06-26,1,10,390.02
2023-06-27,1,10,391.18
2023-06-28,1,10,547.65
2023-06-29,1,10,441.48
2023-06-30,1,10,538.25
2023-07-01,1,10,485.61
2023-07-02,1,10,556.49
2023-07-03,1,10,437.93
2023-07-04,1,10,451.84
2023-07-05,1,10,380.84
2023-07-06,1,10,386.44
2023-07-07,1,10,391.59
2023-07-08,1,10,401.07
2023-07-09,1,10,526.87
2023-07-10,1,10,387.07
2023-07-11,1,10,446.73
2023-07-12,1,10,416.87
2023-07-13,1,10,493.99
2023-07-14,1,10,416.1
2023-07-15,1,10,490.47
2023-07-16,1,10,540.62
2023-07-17,1,10,457.37
2023-07-18,1,10,303.02
2023-07-19,1,10,368.77
2023-07-20,1,10,370.31
2023-07-21,1,10,439.12
2023-07-22,1,10,580.6
2023-07-23,1,10,546.56
2023-07-24,1,10,260.33
2023-07-25,1,10,311.92
2023-07-26,1,10,400.07
2023-07-27,1,10,383.97
2023-07-28,1,10,415.8
2023-07-29,1,10,502.4
2023-07-30,1,10,665.04
2023-07-31,1,10,273.03
2023-08-01,1,10,400.01
2023-08-02,1,10,430.44
2023-08-03,1,10,423.44
2023-08-04,1,10,428.64
2023-08-05,1,10,568.35
2023-08-06,1,10,453.8
2023-08-07,1,10,320.64
2023-08-08,1,10,267.04
2023-08-09,1,10,363.67
2023-08-10,1,10,339.94
2023-08-11,1,10,452.16
2023-08-12,1,10,479.3
2023-08-13,1,10,423.75
2023-08-14,1,10,317.02
2023-08-15,1,10,501.2
2023-08-16,1,10,385.0
2023-08-17,1,10,341.21
2023-08-18,1,10,393.96
2023-08-19,1,10,646.27
2023-08-20,1,10,474.0
2023-08-21,1,10,427.43
2023-08-22,1,10,456.74
2023-08-23,1,10,277.91
2023-08-24,1,10,351.05
2023-08-25,1,10,450.3
2023-08-26,1,10,452.31
2023-08-27,1,10,537.08
2023-08-28,1,10,344.91
2023-08-29,1,10,363.41
2023-08-30,1,10,356.52
2023-08-31,1,10,427.16
2023-09-01,1,10,388.93
2023-09-02,1,10,498.36
2023-09-03,1,10,676.21
2023-09-04,1,10,476.92
2023-09-05,1,10,265.99
2023-09-06,1,10,353.51
2023-09-07,1,10,516.85
2023-09-08,1,10,346.48
2023-09-09,1,10,647.67
2023-09-10,1,10,461.96
2023-09-11,1,10,366.53
2023-09-12,1,10,429.34
2023-09-13,1,10,375.19
2023-09-14,1,10,408.81
2023-09-15,1,10,470.77
2023-09-16,1,10,551.73
2023-09-17,1,10,506.18
2023-09-18,1,10,477.28
2023-09-19,1,10,431.95
2023-09-20,1,10,339.95
2023-09-21,1,10,495.74
2023-09-22,1,10,419.3
2023-09-23,1,10,481.54
2023-09-24,1,10,346.9
2023-09-25,1,10,303.98
2023-09-26,1,10,481.16
2023-09-27,1,10,483.73
2023-09-28,1,10,388.77
2023-09-29,1,10,282.1
2023-09-30,1,10,418.16
2023-10-01,1,10,390.83
2023-10-02,1,10,298.66
2023-10-03,1,10,518.91
2023-10-04,1,10,521.2
2023-10-05,1,10,331.43
2023-10-06,1,10,398.13
2023-10-07,1,10,418.63
2023-10-08,1,10,517.7
2023-10-09,1,10,497.59
2023-10-10,1,10,464.29
2023-10-11,1,10,448.37
2023-10-12,1,10,388.46
2023-10-13,1,10,476.14
2023-10-14,1,10,571.29
2023-10-15,1,10,552.66
2023-10-16,1,10,394.14
2023-10-17,1,10,420.49
2023-10-18,1,10,418.93
2023-10-19,1,10,369.18
2023-10-20,1,10,355.32
2023-10-21,1,10,444.78
2023-10-22,1,10,450.08
2023-10-23,1,10,391.42
2023-10-24,1,10,381.7
2023-10-25,1,10,365.72
2023-10-26,1,10,361.46
2023-10-27,1,10,421.43
2023-10-28,1,10,633.72
2023-10-29,1,10,524.65
2023-10-30,1,10,399.85
2023-10-31,1,10,347.97
2023-11-01,1,10,426.07
2023-11-02,1,10,519.84
2023-11-03,1,10,510.03
2023-11-04,1,10,657.45
2023-11-05,1,10,655.08
2023-11-06,1,10,471.11
2023-11-07,1,10,469.03
2023-11-08,1,10,458.92
2023-11-09,1,10,415.24
2023-11-10,1,10,448.76
2023-11-11,1,10,595.14
2023-11-12,1,10,631.63
2023-11-13,1,10,450.67
2023-11-14,1,10,584.54
2023-11-15,1,10,363.85
2023-11-16,1,10,495.12
2023-11-17,1,10,442.29
2023-11-18,1,10,579.09
2023-11-19,1,10,508.65
2023-11-20,1,10,514.01
2023-11-21,1,10,489.79
2023-11-22,1,10,502.18
2023-11-23,1,10,457.97
2023-11-24,1,10,425.12
2023-11-25,1,10,575.5
2023-11-26,1,10,619.47
2023-11-27,1,10,313.01
2023-11-28,1,10,506.61
2023-11-29,1,10,611.34
2023-11-30,1,10,480.79
2023-12-01,1,10,477.59
2023-12-02,1,10,632.88
2023-12-03,1,10,717.82
2023-12-04,1,10,480.13
2023-12-05,1,10,564.9
2023-12-06,1,10,487.01
2023-12-07,1,10,629.02
2023-12-08,1,10,627.32
2023-12-09,1,10,618.99
2023-12-10,1,10,643.7
2023-12-11,1,10,499.86
2023-12-12,1,10,501.16
2023-12-13,1,10,430.77
2023-12-14,1,10,420.48
2023-12-15,1,10,596.95
2023-12-16,1,10,760.8
2023-12-17,1,10,759.55
2023-12-18,1,10,498.35
2023-12-19,1,10,646.89
2023-12-20,1,10,502.48
2023-12-21,1,10,569.77
2023-12-22,1,10,399.63
2023-12-23,1,10,633.95
2023-12-24,1,10,641.61
2023-12-25,1,10,500.68
2023-12-26,1,10,405.35
2023-12-27,1,10,559.68
2023-12-28,1,10,584.68
2023-12-29,1,10,450.27
2023-12-30,1,10,545.79
2023-12-31,1,10,583.55
2022-01-01,2,1,484.7
2022-01-02,2,1,415.42
2022-01-03,2,1,494.46
2022-01-04,2,1,385.83
2022-01-05,2,1,447.9
2022-01-06,2,1,410.69
2022-01-07,2,1,380.38
2022-01-08,2,1,491.11
2022-01-09,2,1,444.37
2022-01-10,2,1,357.98
2022-01-11,2,1,326.21
2022-01-12,2,1,320.24
2022-01-13,2,1,505.58
2022-01-14,2,1,401.57
2022-01-15,2,1,611.85
2022-01-16,2,1,442.27
2022-01-17,2,1,314.01
2022-01-18,2,1,330.21
2022-01-19,2,1,362.83
2022-01-20,2,1,389.85
2022-01-21,2,1,379.32
2022-01-22,2,1,446.46
2022-01-23,2,1,512.18
2022-01-24,2,1,399.49
2022-01-25,2,1,430.68
2022-01-26,2,1,476.04
2022-01-27,2,1,369.08
2022-01-28,2,1,462.02
2022-01-29,2,1,513.53
2022-01-30,2,1,392.39
2022-01-31,2,1,496.75
2022-02-01,2,1,561.03
2022-02-02,2,1,457.7
2022-02-03,2,1,424.86
2022-02-04,2,1,402.54
2022-02-05,2,1,508.03
2022-02-06,2,1,645.82
2022-02-07,2,1,419.75
2022-02-08,2,1,527.01
2022-02-09,2,1,423.85
2022-02-10,2,1,395.95
2022-02-11,2,1,384.36
2022-02-12,2,1,488.4
2022-02-13,2,1,592.69
2022-02-14,2,1,341.41
2022-02-15,2,1,372.03
2022-02-16,2,1,508.83
2022-02-17,2,1,364.06
2022-02-18,2,1,480.34
2022-02-19,2,1,382.16
2022-02-20,2,1,674.44
2022-02-21,2,1,345.25
2022-02-22,2,1,370.8
2022-02-23,2,1,470.94
2022-02-24,2,1,445.09
2022-02-25,2,1,485.62
2022-02-26,2,1,450.29
2022-02-27,2,1,533.65
2022-02-28,2,1,389.62
2022-03-01,2,1,366.38
2022-03-02,2,1,479.33
2022-03-03,2,1,502.71
2022-03-04,2,1,418.55
2022-03-05,2,1,704.63
2022-03-06,2,1,506.49
2022-03-07,2,1,541.44
2022-03-08,2,1,479.8
2022-03-09,2,1,361.61
2022-03-10,2,1,575.08
2022-03-11,2,1,414.15
2022-03-12,2,1,681.77
2022-03-13,2,1,590.56
2022-03-14,2,1,469.97
2022-03-15,2,1,505.6
2022-03-16,2,1,502.37
2022-03-17,2,1,423.32
2022-03-18,2,1,482.26
2022-03-19,2,1,620.97
2022-03-20,2,1,600.34
2022-03-21,2,1,434.22
2022-03-22,2,1,462.53
2022-03-23,2,1,581.14
2022-03-24,2,1,429.25
2022-03-25,2,1,530.91
2022-03-26,2,1,530.58
2022-03-27,2,1,508.09
2022-03-28,2,1,672.33
2022-03-29,2,1,487.75
2022-03-30,2,1,490.06
2022-03-31,2,1,492.39
2022-04-01,2,1,535.72
2022-04-02,2,1,610.79
2022-04-03,2,1,646.64
2022-04-04,2,1,373.13
2022-04-05,2,1,509.49
2022-04-06,2,1,428.59
2022-04-07,2,1,489.6
2022-04-08,2,1,330.66
2022-04-09,2,1,634.03
2022-04-10,2,1,384.82
2022-04-11,2,1,427.93
2022-04-12,2,1,332.5
2022-04-13,2,1,489.68
2022-04-14,2,1,452.27
2022-04-15,2,1,396.23
2022-04-16,2,1,708.4
2022-04-17,2,1,505.01
2022-04-18,2,1,244.98
2022-04-19,2,1,484.3
2022-04-20,2,1,330.8
2022-04-21,2,1,392.01
2022-04-22,2,1,415.88
2022-04-23,2,1,461.35
2022-04-24,2,1,543.7
2022-04-25,2,1,356.79
2022-04-26,2,1,463.51
2022-04-27,2,1,369.42
2022-04-28,2,1,455.35
2022-04-29,2,1,532.79
2022-04-30,2,1,659.63
2022-05-01,2,1,547.22
2022-05-02,2,1,363.28
2022-05-03,2,1,437.11
2022-05-04,2,1,382.71
2022-05-05,2,1,440.58
2022-05-06,2,1,317.93
2022-05-07,2,1,624.42
2022-05-08,2,1,560.25
2022-05-09,2,1,571.39
2022-05-10,2,1,513.74
2022-05-11,2,1,466.48
2022-05-12,2,1,422.34
2022-05-13,2,1,383.59
2022-05-14,2,1,639.66
2022-05-15,2,1,541.63
2022-05-16,2,1,507.55
2022-05-17,2,1,458.24
2022-05-18,2,1,459.11
2022-05-19,2,1,471.62
2022-05-20,2,1,373.61
2022-05-21,2,1,477.44
2022-05-22,2,1,474.94
2022-05-23,2,1,502.81
2022-05-24,2,1,373.22
2022-05-25,2,1,381.68
2022-05-26,2,1,470.8
2022-05-27,2,1,419.57
2022-05-28,2,1,535.04
2022-05-29,2,1,528.12
2022-05-30,2,1,284.68
2022-05-31,2,1,374.11
2022-06-01,2,1,468.71
2022-06-02,2,1,366.25
2022-06-03,2,1,285.14
2022-06-04,2,1,440.47
2022-06-05,2,1,547.42
2022-06-06,2,1,420.27
2022-06-07,2,1,382.55
2022-06-08,2,1,359.15
2022-06-09,2,1,316.59
2022-06-10,2,1,423.42
2022-06-11,2,1,587.7
2022-06-12,2,1,623.55
2022-06-13,2,1,335.28
2022-06-14,2,1,485.11
2022-06-15,2,1,399.56
2022-06-16,2,1,404.94
2022-06-17,2,1,457.78
2022-06-18,2,1,482.61
2022-06-19,2,1,355.06
2022-06-20,2,1,447.5
2022-06-21,2,1,426.24
2022-06-22,2,1,383.5
2022-06-23,2,1,443.64
2022-06-24,2,1,456.47
2022-06-25,2,1,408.54
2022-06-26,2,1,530.61
2022-06-27,2,1,268.04
2022-06-28,2,1,399.92
2022-06-29,2,1,385.03
2022-06-30,2,1,438.29
2022-07-01,2,1,308.49
2022-07-02,2,1,448.13
2022-07-03,2,1,247.81
2022-07-04,2,1,399.43
2022-07-05,2,1,364.02
2022-07-06,2,1,374.06
2022-07-07,2,1,286.75
2022-07-08,2,1,391.93
2022-07-09,2,1,600.5
2022-07-10,2,1,468.25
2022-07-11,2,1,406.94
2022-07-12,2,1,322.63
2022-07-13,2,1,367.12
2022-07-14,2,1,286.33
2022-07-15,2,1,416.01
2022-07-16,2,1,495.64
2022-07-17,2,1,395.84
2022-07-18,2,1,328.1
2022-07-19,2,1,376.69
2022-07-20,2,1,425.35
2022-07-21,2,1,456.87
2022-07-22,2,1,366.68
2022-07-23,2,1,387.21
2022-07-24,2,1,504.71
2022-07-25,2,1,475.58
2022-07-26,2,1,284.06
2022-07-27,2,1,321.96
2022-07-28,2,1,410.54
2022-07-29,2,1,385.06
2022-07-30,2,1,449.67
2022-07-31,2,1,506.29
2022-08-01,2,1,397.45
2022-08-02,2,1,341.8
2022-08-03,2,1,337.51
2022-08-04,2,1,378.19
2022-08-05,2,1,333.66
2022-08-06,2,1,530.02
2022-08-07,2,1,590.52
2022-08-08,2,1,301.93
2022-08-09,2,1,283.49
2022-08-10,2,1,368.67
2022-08-11,2,1,282.1
2022-08-12,2,1,281.43
2022-08-13,2,1,315.2
2022-08-14,2,1,429.33
2022-08-15,2,1,348.9
2022-08-16,2,1,323.68
2022-08-17,2,1,424.45
2022-08-18,2,1,420.87
2022-08-19,2,1,453.55
2022-08-20,2,1,460.87
2022-08-21,2,1,539.39
2022-08-22,2,1,368.97
2022-08-23,2,1,363.95
2022-08-24,2,1,328.44
2022-08-25,2,1,233.49
2022-08-26,2,1,387.6
2022-08-27,2,1,539.97
2022-08-28,2,1,355.24
2022-08-29,2,1,354.12
2022-08-30,2,1,407.71
2022-08-31,2,1,336.05
2022-09-01,2,1,405.53
2022-09-02,2,1,337.01
2022-09-03,2,1,412.6
2022-09-04,2,1,532.31
2022-09-05,2,1,296.75
2022-09-06,2,1,307.8
2022-09-07,2,1,299.2
2022-09-08,2,1,286.62
2022-09-09,2,1,354.13
2022-09-10,2,1,415.75
2022-09-11,2,1,483.8
2022-09-12,2,1,256.72
2022-09-13,2,1,288.82
2022-09-14,2,1,350.26
2022-09-15,2,1,424.53
2022-09-16,2,1,367.89
2022-09-17,2,1,412.88
2022-09-18,2,1,352.0
2022-09-19,2,1,315.04
2022-09-20,2,1,347.0
2022-09-21,2,1,225.9
2022-09-22,2,1,286.12
2022-09-23,2,1,311.33
2022-09-24,2,1,437.85
2022-09-25,2,1,452.08
2022-09-26,2,1,318.74
2022-09-27,2,1,377.81
2022-09-28,2,1,358.02
2022-09-29,2,1,332.2
2022-09-30,2,1,385.99
2022-10-01,2,1,513.19
2022-10-02,2,1,370.37
2022-10-03,2,1,362.89
2022-10-04,2,1,413.66
2022-10-05,2,1,423.15
2022-10-06,2,1,385.84
2022-10-07,2,1,352.99
2022-10-08,2,1,505.97
2022-10-09,2,1,533.98
2022-10-10,2,1,373.02
2022-10-11,2,1,379.52
2022-10-12,2,1,353.46
2022-10-13,2,1,293.81
2022-10-14,2,1,358.17
2022-10-15,2,1,429.9
2022-10-16,2,1,430.46
2022-10-17,2,1,447.94
2022-10-18,2,1,421.59
2022-10-19,2,1,275.43
2022-10-20,2,1,309.38
2022-10-21,2,1,349.63
2022-10-22,2,1,434.87
2022-10-23,2,1,504.4
2022-10-24,2,1,301.51
2022-10-25,2,1,424.27
2022-10-26,2,1,368.77
2022-10-27,2,1,352.53
2022-10-28,2,1,371.0
2022-10-29,2,1,453.41
2022-10-30,2,1,336.63
2022-10-31,2,1,373.32
2022-11-01,2,1,386.43
2022-11-02,2,1,348.11
2022-11-03,2,1,473.51
2022-11-04,2,1,447.75
2022-11-05,2,1,723.02
2022-11-06,2,1,596.11
2022-11-07,2,1,368.47
2022-11-08,2,1,352.69
2022-11-09,2,1,378.16
2022-11-10,2,1,367.89
2022-11-11,2,1,415.75
2022-11-12,2,1,409.36
2022-11-13,2,1,584.32
2022-11-14,2,1,415.62
2022-11-15,2,1,443.09
2022-11-16,2,1,340.16
2022-11-17,2,1,426.15
2022-11-18,2,1,491.4
2022-11-19,2,1,465.97
2022-11-20,2,1,464.13
2022-11-21,2,1,456.2
2022-11-22,2,1,352.54
2022-11-23,2,1,398.36
2022-11-24,2,1,504.57
2022-11-25,2,1,359.25
2022-11-26,2,1,662.47
2022-11-27,2,1,511.16
2022-11-28,2,1,344.68
2022-11-29,2,1,452.23
2022-11-30,2,1,421.69
2022-12-01,2,1,462.36
2022-12-02,2,1,408.54
2022-12-03,2,1,609.83
2022-12-04,2,1,414.76
2022-12-05,2,1,478.01
2022-12-06,2,1,553.3
2022-12-07,2,1,340.77
2022-12-08,2,1,435.56
2022-12-09,2,1,403.31
2022-12-10,2,1,467.04
2022-12-11,2,1,418.27
2022-12-12,2,1,382.84
2022-12-13,2,1,448.67
2022-12-14,2,1,546.25
2022-12-15,2,1,359.78
2022-12-16,2,1,487.24
2022-12-17,2,1,627.07
2022-12-18,2,1,759.88
2022-12-19,2,1,507.73
2022-12-20,2,1,512.14
2022-12-21,2,1,517.49
2022-12-22,2,1,403.73
2022-12-23,2,1,428.75
2022-12-24,2,1,712.45
2022-12-25,2,1,422.81
2022-12-26,2,1,421.98
2022-12-27,2,1,376.53
2022-12-28,2,1,487.32
2022-12-29,2,1,441.33
2022-12-30,2,1,515.74
2022-12-31,2,1,603.34
2023-01-01,2,1,518.61
2023-01-02,2,1,402.83
2023-01-03,2,1,519.67
2023-01-04,2,1,460.32
2023-01-05,2,1,479.29
2023-01-06,2,1,594.66
2023-01-07,2,1,755.38
2023-01-08,2,1,861.67
2023-01-09,2,1,497.64
2023-01-10,2,1,472.53
2023-01-11,2,1,556.01
2023-01-12,2,1,479.53
2023-01-13,2,1,482.45
2023-01-14,2,1,660.96
2023-01-15,2,1,851.23
2023-01-16,2,1,580.54
2023-01-17,2,1,589.22
2023-01-18,2,1,652.68
2023-01-19,2,1,597.47
2023-01-20,2,1,437.24
2023-01-21,2,1,776.28
2023-01-22,2,1,789.89
2023-01-23,2,1,579.36
2023-01-24,2,1,512.65
2023-01-25,2,1,571.83
2023-01-26,2,1,527.29
2023-01-27,2,1,451.62
2023-01-28,2,1,613.19
2023-01-29,2,1,761.78
2023-01-30,2,1,458.35
2023-01-31,2,1,466.18
2023-02-01,2,1,630.55
2023-02-02,2,1,578.31
2023-02-03,2,1,616.46
2023-02-04,2,1,602.0
2023-02-05,2,1,799.47
2023-02-06,2,1,512.27
2023-02-07,2,1,482.18
2023-02-08,2,1,526.21
2023-02-09,2,1,686.19
2023-02-10,2,1,539.01
2023-02-11,2,1,986.7
2023-02-12,2,1,512.68
2023-02-13,2,1,438.87
2023-02-14,2,1,685.38
2023-02-15,2,1,707.45
2023-02-16,2,1,498.45
2023-02-17,2,1,578.94
2023-02-18,2,1,825.09
2023-02-19,2,1,720.32
2023-02-20,2,1,587.15
2023-02-21,2,1,575.59
2023-02-22,2,1,447.26
2023-02-23,2,1,545.71
2023-02-24,2,1,576.93
2023-02-25,2,1,760.74
2023-02-26,2,1,555.08
2023-02-27,2,1,642.32
2023-02-28,2,1,588.7
2023-03-01,2,1,497.52
2023-03-02,2,1,751.13
2023-03-03,2,1,561.15
2023-03-04,2,1,737.5
2023-03-05,2,1,844.75
2023-03-06,2,1,760.79
2023-03-07,2,1,654.22
2023-03-08,2,1,667.6
2023-03-09,2,1,505.1
2023-03-10,2,1,602.58
2023-03-11,2,1,712.03
2023-03-12,2,1,856.14
2023-03-13,2,1,667.33
2023-03-14,2,1,742.62
2023-03-15,2,1,403.65
2023-03-16,2,1,540.82
2023-03-17,2,1,714.31
2023-03-18,2,1,614.12
2023-03-19,2,1,872.17
2023-03-20,2,1,700.86
2023-03-21,2,1,596.84
2023-03-22,2,1,471.92
2023-03-23,2,1,589.28
2023-03-24,2,1,732.06
2023-03-25,2,1,961.75
2023-03-26,2,1,806.29
2023-03-27,2,1,513.66
2023-03-28,2,1,759.35
2023-03-29,2,1,676.93
2023-03-30,2,1,520.66
2023-03-31,2,1,634.55
2023-04-01,2,1,801.78
2023-04-02,2,1,694.77
2023-04-03,2,1,622.16
2023-04-04,2,1,689.87
2023-04-05,2,1,565.78
2023-04-06,2,1,699.89
2023-04-07,2,1,436.79
2023-04-08,2,1,1027.95
2023-04-09,2,1,778.47
2023-04-10,2,1,689.75
2023-04-11,2,1,614.03
2023-04-12,2,1,521.44
2023-04-13,2,1,592.09
2023-04-14,2,1,425.11
2023-04-15,2,1,855.02
2023-04-16,2,1,798.07
2023-04-17,2,1,579.81
2023-04-18,2,1,664.82
2023-04-19,2,1,601.14
2023-04-20,2,1,652.63
2023-04-21,2,1,684.99
2023-04-22,2,1,714.54
2023-04-23,2,1,681.57
2023-04-24,2,1,444.83
2023-04-25,2,1,611.25
2023-04-26,2,1,641.35
2023-04-27,2,1,481.69
2023-04-28,2,1,729.57
2023-04-29,2,1,685.88
2023-04-30,2,1,535.88
2023-05-01,2,1,691.74
2023-05-02,2,1,398.09
2023-05-03,2,1,647.63
2023-05-04,2,1,627.43
2023-05-05,2,1,593.72
2023-05-06,2,1,679.23
2023-05-07,2,1,793.15
2023-05-08,2,1,656.99
2023-05-09,2,1,484.08
2023-05-10,2,1,651.72
2023-05-11,2,1,648.28
2023-05-12,2,1,594.25
2023-05-13,2,1,680.74
2023-05-14,2,1,844.96
2023-05-15,2,1,613.86
2023-05-16,2,1,483.77
2023-05-17,2,1,539.66
2023-05-18,2,1,641.73
2023-05-19,2,1,581.72
2023-05-20,2,1,865.14
2023-05-21,2,1,706.3
2023-05-22,2,1,487.09
2023-05-23,2,1,762.09
2023-05-24,2,1,429.12
2023-05-25,2,1,531.13
2023-05-26,2,1,598.67
2023-05-27,2,1,857.97
2023-05-28,2,1,820.43
2023-05-29,2,1,775.28
2023-05-30,2,1,565.92
2023-05-31,2,1,500.97
2023-06-01,2,1,507.12
2023-06-02,2,1,499.56
2023-06-03,2,1,675.62
2023-06-04,2,1,582.4
2023-06-05,2,1,587.62
2023-06-06,2,1,555.39
2023-06-07,2,1,426.66
2023-06-08,2,1,603.32
2023-06-09,2,1,463.0
2023-06-10,2,1,564.1
2023-06-11,2,1,695.2
2023-06-12,2,1,388.93
2023-06-13,2,1,575.29
2023-06-14,2,1,303.68
2023-06-15,2,1,447.52
2023-06-16,2,1,654.71
2023-06-17,2,1,617.96
2023-06-18,2,1,636.46
2023-06-19,2,1,632.0
2023-06-20,2,1,467.82
2023-06-21,2,1,592.16
2023-06-22,2,1,625.3
2023-06-23,2,1,570.2
2023-06-24,2,1,542.07
2023-06-25,2,1,629.77
2023-06-26,2,1,750.02
2023-06-27,2,1,494.15
2023-06-28,2,1,772.83
2023-06-29,2,1,670.99
2023-06-30,2,1,576.04
2023-07-01,2,1,653.58
2023-07-02,2,1,582.44
2023-07-03,2,1,475.49
2023-07-04,2,1,432.41
2023-07-05,2,1,477.94
2023-07-06,2,1,384.19
2023-07-07,2,1,380.56
2023-07-08,2,1,751.18
2023-07-09,2,1,476.82
2023-07-10,2,1,548.45
2023-07-11,2,1,346.76
2023-07-12,2,1,530.5
2023-07-13,2,1,469.93
2023-07-14,2,1,581.54
2023-07-15,2,1,599.91
2023-07-16,2,1,441.33
2023-07-17,2,1,472.56
2023-07-18,2,1,498.24
2023-07-19,2,1,477.26
2023-07-20,2,1,529.24
2023-07-21,2,1,446.25
2023-07-22,2,1,514.0
2023-07-23,2,1,539.44
2023-07-24,2,1,450.67
2023-07-25,2,1,450.33
2023-07-26,2,1,665.6
2023-07-27,2,1,581.53
2023-07-28,2,1,540.15
2023-07-29,2,1,679.64
2023-07-30,2,1,666.09
2023-07-31,2,1,513.08
2023-08-01,2,1,462.06
2023-08-02,2,1,454.02
2023-08-03,2,1,309.89
2023-08-04,2,1,426.85
2023-08-05,2,1,566.62
2023-08-06,2,1,522.1
2023-08-07,2,1,414.97
2023-08-08,2,1,473.45
2023-08-09,2,1,505.5
2023-08-10,2,1,473.95
2023-08-11,2,1,504.42
2023-08-12,2,1,657.73
2023-08-13,2,1,564.22
2023-08-14,2,1,490.57
2023-08-15,2,1,335.82
2023-08-16,2,1,429.06
2023-08-17,2,1,421.3
2023-08-18,2,1,560.59
2023-08-19,2,1,623.0
2023-08-20,2,1,474.61
2023-08-21,2,1,497.47
2023-08-22,2,1,519.39
2023-08-23,2,1,451.16
2023-08-24,2,1,504.97
2023-08-25,2,1,286.47
2023-08-26,2,1,354.45
2023-08-27,2,1,490.62
2023-08-28,2,1,468.99
2023-08-29,2,1,564.52
2023-08-30,2,1,381.7
2023-08-31,2,1,400.74
2023-09-01,2,1,450.89
2023-09-02,2,1,536.09
2023-09-03,2,1,531.48
2023-09-04,2,1,417.62
2023-09-05,2,1,534.06
2023-09-06,2,1,521.09
2023-09-07,2,1,448.21
2023-09-08,2,1,557.83
2023-09-09,2,1,625.74
2023-09-10,2,1,682.39
2023-09-11,2,1,389.95
2023-09-12,2,1,404.09
2023-09-13,2,1,403.62
2023-09-14,2,1,442.74
2023-09-15,2,1,452.89
2023-09-16,2,1,612.26
2023-09-17,2,1,757.14
2023-09-18,2,1,498.33
2023-09-19,2,1,415.21
2023-09-20,2,1,450.01
2023-09-21,2,1,552.21
2023-09-22,2,1,503.66
2023-09-23,2,1,717.6
2023-09-24,2,1,544.26
2023-09-25,2,1,403.41
2023-09-26,2,1,404.65
2023-09-27,2,1,424.91
2023-09-28,2,1,380.29
2023-09-29,2,1,472.77
2023-09-30,2,1,616.5
2023-10-01,2,1,731.3
2023-10-02,2,1,344.98
2023-10-03,2,1,402.61
2023-10-04,2,1,526.03
2023-10-05,2,1,482.53
2023-10-06,2,1,473.05
2023-10-07,2,1,727.11
2023-10-08,2,1,518.95
2023-10-09,2,1,419.29
2023-10-10,2,1,411.23
2023-10-11,2,1,329.01
2023-10-12,2,1,481.0
2023-10-13,2,1,434.88
2023-10-14,2,1,546.35
2023-10-15,2,1,530.05
2023-10-16,2,1,471.49
2023-10-17,2,1,416.38
2023-10-18,2,1,489.05
2023-10-19,2,1,506.23
2023-10-20,2,1,452.96
2023-10-21,2,1,582.92
2023-10-22,2,1,633.97
2023-10-23,2,1,472.7
2023-10-24,2,1,569.82
2023-10-25,2,1,498.02
2023-10-26,2,1,553.77
2023-10-27,2,1,519.48
2023-10-28,2,1,496.62
2023-10-29,2,1,567.54
2023-10-30,2,1,473.32
2023-10-31,2,1,539.18
2023-11-01,2,1,669.84
2023-11-02,2,1,482.15
2023-11-03,2,1,524.52
2023-11-04,2,1,757.87
2023-11-05,2,1,671.21
2023-11-06,2,1,649.67
2023-11-07,2,1,416.04
2023-11-08,2,1,574.84
2023-11-09,2,1,574.41
2023-11-10,2,1,612.66
2023-11-11,2,1,685.84
2023-11-12,2,1,770.84
2023-11-13,2,1,503.77
2023-11-14,2,1,460.69
2023-11-15,2,1,449.51
2023-11-16,2,1,410.91
2023-11-17,2,1,489.84
2023-11-18,2,1,714.23
2023-11-19,2,1,661.44
2023-11-20,2,1,541.11
2023-11-21,2,1,623.21
2023-11-22,2,1,485.29
2023-11-23,2,1,711.24
2023-11-24,2,1,586.42
2023-11-25,2,1,664.94
2023-11-26,2,1,663.0
2023-11-27,2,1,447.89
2023-11-28,2,1,525.96
2023-11-29,2,1,357.01
2023-11-30,2,1,628.19
2023-12-01,2,1,339.4
2023-12-02,2,1,769.25
2023-12-03,2,1,633.65
2023-12-04,2,1,526.82
2023-12-05,2,1,538.53
2023-12-06,2,1,759.68
2023-12-07,2,1,492.18
2023-12-08,2,1,671.05
2023-12-09,2,1,901.22
2023-12-10,2,1,498.65
2023-12-11,2,1,536.59
2023-12-12,2,1,723.21
2023-12-13,2,1,475.13
2023-12-14,2,1,698.64
2023-12-15,2,1,590.95
2023-12-16,2,1,763.69
2023-12-17,2,1,779.24
2023-12-18,2,1,624.08
2023-12-19,2,1,508.79
2023-12-20,2,1,571.06
2023-12-21,2,1,627.67
2023-12-22,2,1,610.75
2023-12-23,2,1,814.44
2023-12-24,2,1,690.88
2023-12-25,2,1,652.53
2023-12-26,2,1,607.66
2023-12-27,2,1,455.21
2023-12-28,2,1,549.45
2023-12-29,2,1,517.14
2023-12-30,2,1,671.17
2023-12-31,2,1,721.93
2022-01-01,2,2,162.34
2022-01-02,2,2,189.14
2022-01-03,2,2,137.73
2022-01-04,2,2,130.36
2022-01-05,2,2,140.13
2022-01-06,2,2,116.21
2022-01-07,2,2,138.81
2022-01-08,2,2,181.85
2022-01-09,2,2,137.87
2022-01-10,2,2,157.53
2022-01-11,2,2,119.06
2022-01-12,2,2,139.19
2022-01-13,2,2,161.48
2022-01-14,2,2,156.71
2022-01-15,2,2,179.99
2022-01-16,2,2,169.49
2022-01-17,2,2,157.63
2022-01-18,2,2,152.13
2022-01-19,2,2,125.46
2022-01-20,2,2,121.92
2022-01-21,2,2,95.49
2022-01-22,2,2,184.47
2022-01-23,2,2,178.24
2022-01-24,2,2,162.65
2022-01-25,2,2,146.59
2022-01-26,2,2,167.1
2022-01-27,2,2,124.79
2022-01-28,2,2,163.32
2022-01-29,2,2,167.13
2022-01-30,2,2,202.91
2022-01-31,2,2,109.3
2022-02-01,2,2,154.64
2022-02-02,2,2,105.0
2022-02-03,2,2,143.66
2022-02-04,2,2,159.7
2022-02-05,2,2,179.7
2022-02-06,2,2,164.38
2022-02-07,2,2,169.31
2022-02-08,2,2,148.05
2022-02-09,2,2,139.48
2022-02-10,2,2,151.62
2022-02-11,2,2,210.47
2022-02-12,2,2,230.21
2022-02-13,2,2,230.7
2022-02-14,2,2,161.14
2022-02-15,2,2,155.18
2022-02-16,2,2,97.08
2022-02-17,2,2,136.24
2022-02-18,2,2,140.89
2022-02-19,2,2,142.01
2022-02-20,2,2,163.43
2022-02-21,2,2,107.03
2022-02-22,2,2,151.54
2022-02-23,2,2,171.3
2022-02-24,2,2,178.05
2022-02-25,2,2,162.36
2022-02-26,2,2,170.15
2022-02-27,2,2,141.38
2022-02-28,2,2,112.89
2022-03-01,2,2,127.06
2022-03-02,2,2,136.14
2022-03-03,2,2,153.46
2022-03-04,2,2,133.44
2022-03-05,2,2,215.19
2022-03-06,2,2,197.83
2022-03-07,2,2,158.07
2022-03-08,2,2,184.99
2022-03-09,2,2,130.13
2022-03-10,2,2,168.21
2022-03-11,2,2,158.08
2022-03-12,2,2,195.82
2022-03-13,2,2,233.72
2022-03-14,2,2,179.8
2022-03-15,2,2,136.43
2022-03-16,2,2,154.81
2022-03-17,2,2,166.02
2022-03-18,2,2,152.92
2022-03-19,2,2,225.69
2022-03-20,2,2,216.43
2022-03-21,2,2,203.85
2022-03-22,2,2,123.31
2022-03-23,2,2,157.25
2022-03-24,2,2,138.49
2022-03-25,2,2,175.03
2022-03-26,2,2,158.17
2022-03-27,2,2,219.88
2022-03-28,2,2,145.72
2022-03-29,2,2,143.34
2022-03-30,2,2,126.25
2022-03-31,2,2,150.12
2022-04-01,2,2,183.61
2022-04-02,2,2,204.71
2022-04-03,2,2,225.04
2022-04-04,2,2,197.89
2022-04-05,2,2,164.77
2022-04-06,2,2,145.35
2022-04-07,2,2,169.92
2022-04-08,2,2,145.96
2022-04-09,2,2,191.15
2022-04-10,2,2,159.8
2022-04-11,2,2,181.51
2022-04-12,2,2,150.28
2022-04-13,2,2,164.02
2022-04-14,2,2,134.97
2022-04-15,2,2,170.41
2022-04-16,2,2,184.33
2022-04-17,2,2,203.88
2022-04-18,2,2,181.5
2022-04-19,2,2,179.57
2022-04-20,2,2,160.14
2022-04-21,2,2,118.17
2022-04-22,2,2,233.22
2022-04-23,2,2,264.29
2022-04-24,2,2,232.35
2022-04-25,2,2,143.16
2022-04-26,2,2,158.79
2022-04-27,2,2,148.51
2022-04-28,2,2,192.51
2022-04-29,2,2,168.35
2022-04-30,2,2,185.97
2022-05-01,2,2,183.82
2022-05-02,2,2,177.89
2022-05-03,2,2,188.99
2022-05-04,2,2,187.52
2022-05-05,2,2,170.02
2022-05-06,2,2,147.03
2022-05-07,2,2,102.16
2022-05-08,2,2,207.89
2022-05-09,2,2,153.19
2022-05-10,2,2,156.58
2022-05-11,2,2,154.74
2022-05-12,2,2,123.07
2022-05-13,2,2,166.63
2022-05-14,2,2,219.05
2022-05-15,2,2,220.75
2022-05-16,2,2,176.07
2022-05-17,2,2,168.3
2022-05-18,2,2,144.95
2022-05-19,2,2,152.94
2022-05-20,2,2,156.84
2022-05-21,2,2,204.57
2022-05-22,2,2,231.66
2022-05-23,2,2,170.11
2022-05-24,2,2,203.65
2022-05-25,2,2,206.83
2022-05-26,2,2,157.39
2022-05-27,2,2,66.08
2022-05-28,2,2,240.13
2022-05-29,2,2,186.3
2022-05-30,2,2,137.32
2022-05-31,2,2,146.88
2022-06-01,2,2,132.62
2022-06-02,2,2,155.33
2022-06-03,2,2,109.08
2022-06-04,2,2,155.31
2022-06-05,2,2,194.97
2022-06-06,2,2,156.09
2022-06-07,2,2,156.63
2022-06-08,2,2,126.12
2022-06-09,2,2,122.12
2022-06-10,2,2,132.36
2022-06-11,2,2,193.09
2022-06-12,2,2,228.11
2022-06-13,2,2,99.51
2022-06-14,2,2,138.98
2022-06-15,2,2,115.11
2022-06-16,2,2,108.3
2022-06-17,2,2,165.02
2022-06-18,2,2,202.83
2022-06-19,2,2,200.32
2022-06-20,2,2,164.45
2022-06-21,2,2,134.2
2022-06-22,2,2,135.34
2022-06-23,2,2,192.35
2022-06-24,2,2,139.62
2022-06-25,2,2,209.43
2022-06-26,2,2,188.97
2022-06-27,2,2,105.05
2022-06-28,2,2,100.86
2022-06-29,2,2,132.95
2022-06-30,2,2,168.8
2022-07-01,2,2,146.78
2022-07-02,2,2,194.2
2022-07-03,2,2,145.62
2022-07-04,2,2,163.49
2022-07-05,2,2,112.64
2022-07-06,2,2,136.02
2022-07-07,2,2,131.72
2022-07-08,2,2,128.59
2022-07-09,2,2,206.29
2022-07-10,2,2,153.75
2022-07-11,2,2,105.57
2022-07-12,2,2,132.88
2022-07-13,2,2,124.64
2022-07-14,2,2,199.93
2022-07-15,2,2,146.29
2022-07-16,2,2,162.19
2022-07-17,2,2,145.55
2022-07-18,2,2,95.59
2022-07-19,2,2,112.77
2022-07-20,2,2,135.67
2022-07-21,2,2,162.06
2022-07-22,2,2,156.07
2022-07-23,2,2,179.79
2022-07-24,2,2,165.53
2022-07-25,2,2,139.33
2022-07-26,2,2,123.61
2022-07-27,2,2,168.73
2022-07-28,2,2,130.45
2022-07-29,2,2,132.63
2022-07-30,2,2,116.72
2022-07-31,2,2,169.84
2022-08-01,2,2,139.27
2022-08-02,2,2,104.01
2022-08-03,2,2,109.99
2022-08-04,2,2,138.8
2022-08-05,2,2,96.66
2022-08-06,2,2,187.17
2022-08-07,2,2,148.76
2022-08-08,2,2,117.21
2022-08-09,2,2,103.56
2022-08-10,2,2,131.74
2022-08-11,2,2,170.81
2022-08-12,2,2,139.51
2022-08-13,2,2,141.4
2022-08-14,2,2,190.29
2022-08-15,2,2,119.23
2022-08-16,2,2,151.11
2022-08-17,2,2,140.55
2022-08-18,2,2,70.09
2022-08-19,2,2,106.67
2022-08-20,2,2,186.54
2022-08-21,2,2,167.25
2022-08-22,2,2,106.56
2022-08-23,2,2,114.02
2022-08-24,2,2,90.04
2022-08-25,2,2,124.52
2022-08-26,2,2,168.18
2022-08-27,2,2,184.16
2022-08-28,2,2,218.49
2022-08-29,2,2,143.36
2022-08-30,2,2,146.24
2022-08-31,2,2,164.36
2022-09-01,2,2,129.75
2022-09-02,2,2,119.45
2022-09-03,2,2,184.66
2022-09-04,2,2,194.92
2022-09-05,2,2,114.33
2022-09-06,2,2,109.95
2022-09-07,2,2,125.96
2022-09-08,2,2,138.89
2022-09-09,2,2,138.38
2022-09-10,2,2,126.45
2022-09-11,2,2,207.07
2022-09-12,2,2,111.97
2022-09-13,2,2,119.06
2022-09-14,2,2,107.28
2022-09-15,2,2,174.45
2022-09-16,2,2,128.79
2022-09-17,2,2,141.05
2022-09-18,2,2,182.79
2022-09-19,2,2,138.95
2022-09-20,2,2,121.17
2022-09-21,2,2,140.51
2022-09-22,2,2,109.42
2022-09-23,2,2,115.73
2022-09-24,2,2,113.57
2022-09-25,2,2,130.41
2022-09-26,2,2,159.24
2022-09-27,2,2,156.24
2022-09-28,2,2,126.7
2022-09-29,2,2,156.89
2022-09-30,2,2,122.65
2022-10-01,2,2,162.8
2022-10-02,2,2,170.53
2022-10-03,2,2,127.74
2022-10-04,2,2,126.08
2022-10-05,2,2,152.75
2022-10-06,2,2,133.42
2022-10-07,2,2,144.54
2022-10-08,2,2,196.18
2022-10-09,2,2,179.93
2022-10-10,2,2,111.84
2022-10-11,2,2,104.41
2022-10-12,2,2,134.02
2022-10-13,2,2,127.83
2022-10-14,2,2,133.02
2022-10-15,2,2,170.41
2022-10-16,2,2,237.21
2022-10-17,2,2,105.35
2022-10-18,2,2,92.4
2022-10-19,2,2,138.38
2022-10-20,2,2,124.47
2022-10-21,2,2,138.28
2022-10-22,2,2,186.8
2022-10-23,2,2,205.0
2022-10-24,2,2,102.41
2022-10-25,2,2,121.37
2022-10-26,2,2,141.05
2022-10-27,2,2,147.96
2022-10-28,2,2,176.4
2022-10-29,2,2,197.44
2022-10-30,2,2,171.34
2022-10-31,2,2,115.27
2022-11-01,2,2,132.66
2022-11-02,2,2,132.15
2022-11-03,2,2,159.42
2022-11-04,2,2,150.86
2022-11-05,2,2,151.46
2022-11-06,2,2,176.76
2022-11-07,2,2,164.76
2022-11-08,2,2,153.39
2022-11-09,2,2,158.26
2022-11-10,2,2,154.31
2022-11-11,2,2,181.67
2022-11-12,2,2,196.72
2022-11-13,2,2,179.13
2022-11-14,2,2,126.27
2022-11-15,2,2,151.97
2022-11-16,2,2,92.93
2022-11-17,2,2,142.65
2022-11-18,2,2,142.29
2022-11-19,2,2,151.91
2022-11-20,2,2,164.54
2022-11-21,2,2,165.02
2022-11-22,2,2,152.36
2022-11-23,2,2,149.62
2022-11-24,2,2,154.26
2022-11-25,2,2,149.65
2022-11-26,2,2,227.82
2022-11-27,2,2,195.72
2022-11-28,2,2,115.57
2022-11-29,2,2,184.24
2022-11-30,2,2,156.38
2022-12-01,2,2,150.18
2022-12-02,2,2,133.86
2022-12-03,2,2,227.22
2022-12-04,2,2,210.87
2022-12-05,2,2,204.25
2022-12-06,2,2,156.77
2022-12-07,2,2,144.69
2022-12-08,2,2,187.85
2022-12-09,2,2,188.73
2022-12-10,2,2,221.06
2022-12-11,2,2,237.65
2022-12-12,2,2,165.16
2022-12-13,2,2,172.05
2022-12-14,2,2,195.41
2022-12-15,2,2,182.08
2022-12-16,2,2,162.36
2022-12-17,2,2,260.69
2022-12-18,2,2,139.95
2022-12-19,2,2,218.35
2022-12-20,2,2,124.33
2022-12-21,2,2,151.48
2022-12-22,2,2,166.3
2022-12-23,2,2,163.77
2022-12-24,2,2,250.74
2022-12-25,2,2,183.42
2022-12-26,2,2,174.39
2022-12-27,2,2,153.38
2022-12-28,2,2,175.51
2022-12-29,2,2,166.56
2022-12-30,2,2,170.66
2022-12-31,2,2,200.91
2023-01-01,2,2,222.61
2023-01-02,2,2,193.55
2023-01-03,2,2,211.98
2023-01-04,2,2,169.15
2023-01-05,2,2,161.73
2023-01-06,2,2,203.23
2023-01-07,2,2,240.93
2023-01-08,2,2,272.47
2023-01-09,2,2,161.17
2023-01-10,2,2,136.83
2023-01-11,2,2,171.85
2023-01-12,2,2,165.43
2023-01-13,2,2,184.84
2023-01-14,2,2,220.1
2023-01-15,2,2,270.59
2023-01-16,2,2,179.36
2023-01-17,2,2,191.83
2023-01-18,2,2,192.17
2023-01-19,2,2,193.36
2023-01-20,2,2,187.32
2023-01-21,2,2,263.31
2023-01-22,2,2,215.55
2023-01-23,2,2,227.96
2023-01-24,2,2,181.86
2023-01-25,2,2,151.56
2023-01-26,2,2,194.14
2023-01-27,2,2,164.83
2023-01-28,2,2,270.35
2023-01-29,2,2,327.52
2023-01-30,2,2,167.02
2023-01-31,2,2,198.94
2023-02-01,2,2,148.99
2023-02-02,2,2,216.18
2023-02-03,2,2,175.63
2023-02-04,2,2,238.8
2023-02-05,2,2,220.12
2023-02-06,2,2,225.27
2023-02-07,2,2,233.81
2023-02-08,2,2,203.98
2023-02-09,2,2,177.04
2023-02-10,2,2,252.09
2023-02-11,2,2,235.0
2023-02-12,2,2,179.06
2023-02-13,2,2,218.02
2023-02-14,2,2,170.31
2023-02-15,2,2,234.57
2023-02-16,2,2,192.74
2023-02-17,2,2,223.1
2023-02-18,2,2,322.08
2023-02-19,2,2,218.03
2023-02-20,2,2,187.6
2023-02-21,2,2,202.82
2023-02-22,2,2,252.64
2023-02-23,2,2,185.15
2023-02-24,2,2,187.25
2023-02-25,2,2,286.63
2023-02-26,2,2,244.46
2023-02-27,2,2,210.73
2023-02-28,2,2,158.18
2023-03-01,2,2,281.11
2023-03-02,2,2,168.48
2023-03-03,2,2,201.12
2023-03-04,2,2,273.57
2023-03-05,2,2,354.02
2023-03-06,2,2,169.68
2023-03-07,2,2,274.97
2023-03-08,2,2,236.14
2023-03-09,2,2,225.48
2023-03-10,2,2,180.99
2023-03-11,2,2,299.92
2023-03-12,2,2,246.45
2023-03-13,2,2,253.23
2023-03-14,2,2,181.93
2023-03-15,2,2,209.48
2023-03-16,2,2,195.48
2023-03-17,2,2,181.78
2023-03-18,2,2,308.47
2023-03-19,2,2,300.11
2023-03-20,2,2,252.62
2023-03-21,2,2,156.85
2023-03-22,2,2,248.31
2023-03-23,2,2,294.81
2023-03-24,2,2,199.9
2023-03-25,2,2,358.25
2023-03-26,2,2,268.12
2023-03-27,2,2,170.64
2023-03-28,2,2,205.16
2023-03-29,2,2,249.0
2023-03-30,2,2,188.25
2023-03-31,2,2,196.06
2023-04-01,2,2,298.44
2023-04-02,2,2,274.35
2023-04-03,2,2,229.6
2023-04-04,2,2,218.77
2023-04-05,2,2,226.59
2023-04-06,2,2,197.81
2023-04-07,2,2,219.03
2023-04-08,2,2,237.05
2023-04-09,2,2,328.8
2023-04-10,2,2,191.92
2023-04-11,2,2,248.19
2023-04-12,2,2,204.95
2023-04-13,2,2,218.98
2023-04-14,2,2,196.89
2023-04-15,2,2,234.51
2023-04-16,2,2,204.41
2023-04-17,2,2,179.38
2023-04-18,2,2,202.9
2023-04-19,2,2,220.19
2023-04-20,2,2,245.92
2023-04-21,2,2,199.41
2023-04-22,2,2,241.22
2023-04-23,2,2,217.98
2023-04-24,2,2,229.55
2023-04-25,2,2,258.74
2023-04-26,2,2,255.15
2023-04-27,2,2,237.42
2023-04-28,2,2,235.28
2023-04-29,2,2,350.44
2023-04-30,2,2,293.43
2023-05-01,2,2,221.27
2023-05-02,2,2,192.15
2023-05-03,2,2,160.73
2023-05-04,2,2,181.4
2023-05-05,2,2,201.99
2023-05-06,2,2,265.52
2023-05-07,2,2,339.38
2023-05-08,2,2,205.14
2023-05-09,2,2,238.67
2023-05-10,2,2,189.7
2023-05-11,2,2,193.59
2023-05-12,2,2,162.7
2023-05-13,2,2,234.92
2023-05-14,2,2,285.45
2023-05-15,2,2,203.85
2023-05-16,2,2,232.58
2023-05-17,2,2,209.44
2023-05-18,2,2,193.24
2023-05-19,2,2,269.96
2023-05-20,2,2,261.85
2023-05-21,2,2,312.13
2023-05-22,2,2,192.26
2023-05-23,2,2,226.5
2023-05-24,2,2,233.36
2023-05-25,2,2,211.39
2023-05-26,2,2,132.68
2023-05-27,2,2,267.56
2023-05-28,2,2,316.29
2023-05-29,2,2,221.79
2023-05-30,2,2,219.42
2023-05-31,2,2,152.63
2023-06-01,2,2,166.98
2023-06-02,2,2,198.89
2023-06-03,2,2,258.7
2023-06-04,2,2,288.29
2023-06-05,2,2,183.63
2023-06-06,2,2,199.26
2023-06-07,2,2,188.41
2023-06-08,2,2,160.23
2023-06-09,2,2,124.52
2023-06-10,2,2,260.65
2023-06-11,2,2,251.37
2023-06-12,2,2,171.08
2023-06-13,2,2,142.86
2023-06-14,2,2,206.65
2023-06-15,2,2,181.4
2023-06-16,2,2,204.86
2023-06-17,2,2,314.71
2023-06-18,2,2,167.05
2023-06-19,2,2,169.56
2023-06-20,2,2,183.6
2023-06-21,2,2,231.07
2023-06-22,2,2,143.22
2023-06-23,2,2,245.08
2023-06-24,2,2,252.1
2023-06-25,2,2,243.67
2023-06-26,2,2,184.65
2023-06-27,2,2,177.96
2023-06-28,2,2,220.5
2023-06-29,2,2,160.11
2023-06-30,2,2,200.68
2023-07-01,2,2,210.5
2023-07-02,2,2,197.96
2023-07-03,2,2,238.78
2023-07-04,2,2,182.98
2023-07-05,2,2,188.12
2023-07-06,2,2,201.8
2023-07-07,2,2,135.72
2023-07-08,2,2,283.36
2023-07-09,2,2,140.03
2023-07-10,2,2,152.9
2023-07-11,2,2,161.03
2023-07-12,2,2,188.15
2023-07-13,2,2,178.84
2023-07-14,2,2,168.93
2023-07-15,2,2,224.99
2023-07-16,2,2,192.45
2023-07-17,2,2,134.61
2023-07-18,2,2,192.65
2023-07-19,2,2,191.91
2023-07-20,2,2,215.28
2023-07-21,2,2,153.42
2023-07-22,2,2,249.94
2023-07-23,2,2,216.91
2023-07-24,2,2,205.52
2023-07-25,2,2,201.24
2023-07-26,2,2,180.14
2023-07-27,2,2,165.82
2023-07-28,2,2,200.03
2023-07-29,2,2,249.49
2023-07-30,2,2,204.2
2023-07-31,2,2,140.27
2023-08-01,2,2,154.05
2023-08-02,2,2,197.74
2023-08-03,2,2,188.94
2023-08-04,2,2,134.4
2023-08-05,2,2,173.09
2023-08-06,2,2,250.13
2023-08-07,2,2,134.09
2023-08-08,2,2,174.08
2023-08-09,2,2,146.88
2023-08-10,2,2,201.21
2023-08-11,2,2,143.31
2023-08-12,2,2,246.93
2023-08-13,2,2,216.76
2023-08-14,2,2,168.48
2023-08-15,2,2,114.43
2023-08-16,2,2,108.83
2023-08-17,2,2,157.27
2023-08-18,2,2,168.78
2023-08-19,2,2,175.98
2023-08-20,2,2,177.25
2023-08-21,2,2,176.79
2023-08-22,2,2,176.93
2023-08-23,2,2,159.89
2023-08-24,2,2,182.48
2023-08-25,2,2,134.67
2023-08-26,2,2,201.28
2023-08-27,2,2,265.36
2023-08-28,2,2,165.45
2023-08-29,2,2,166.98
2023-08-30,2,2,220.69
2023-08-31,2,2,129.64
2023-09-01,2,2,177.84
2023-09-02,2,2,258.22
2023-09-03,2,2,196.7
2023-09-04,2,2,179.68
2023-09-05,2,2,135.8
2023-09-06,2,2,142.94
2023-09-07,2,2,168.66
2023-09-08,2,2,178.66
2023-09-09,2,2,242.44
2023-09-10,2,2,256.57
2023-09-11,2,2,158.23
2023-09-12,2,2,188.58
2023-09-13,2,2,151.83
2023-09-14,2,2,181.81
2023-09-15,2,2,165.23
2023-09-16,2,2,222.38
2023-09-17,2,2,221.82
2023-09-18,2,2,121.9
2023-09-19,2,2,133.55
2023-09-20,2,2,163.21
2023-09-21,2,2,120.13
2023-09-22,2,2,181.0
2023-09-23,2,2,236.71
2023-09-24,2,2,219.75
2023-09-25,2,2,134.12
2023-09-26,2,2,194.73
2023-09-27,2,2,210.76
2023-09-28,2,2,165.09
2023-09-29,2,2,174.0
2023-09-30,2,2,216.6
2023-10-01,2,2,234.71
2023-10-02,2,2,164.34
2023-10-03,2,2,166.58
2023-10-04,2,2,190.31
2023-10-05,2,2,226.64
2023-10-06,2,2,132.52
2023-10-07,2,2,214.81
2023-10-08,2,2,179.68
2023-10-09,2,2,208.19
2023-10-10,2,2,153.34
2023-10-11,2,2,131.84
2023-10-12,2,2,184.48
2023-10-13,2,2,212.55
2023-10-14,2,2,240.95
2023-10-15,2,2,226.01
2023-10-16,2,2,179.13
2023-10-17,2,2,204.72
2023-10-18,2,2,146.82
2023-10-19,2,2,166.24
2023-10-20,2,2,157.69
2023-10-21,2,2,181.52
2023-10-22,2,2,209.36
2023-10-23,2,2,197.65
2023-10-24,2,2,184.0
2023-10-25,2,2,186.09
2023-10-26,2,2,173.53
2023-10-27,2,2,183.23
2023-10-28,2,2,194.46
2023-10-29,2,2,210.87
2023-10-30,2,2,175.11
2023-10-31,2,2,177.39
2023-11-01,2,2,194.4
2023-11-02,2,2,181.76
2023-11-03,2,2,175.2
2023-11-04,2,2,356.0
2023-11-05,2,2,274.6
2023-11-06,2,2,197.58
2023-11-07,2,2,179.65
2023-11-08,2,2,173.67
2023-11-09,2,2,182.73
2023-11-10,2,2,194.69
2023-11-11,2,2,174.16
2023-11-12,2,2,185.59
2023-11-13,2,2,168.98
2023-11-14,2,2,192.75
2023-11-15,2,2,180.34
2023-11-16,2,2,228.66
2023-11-17,2,2,145.63
2023-11-18,2,2,216.15
2023-11-19,2,2,299.32
2023-11-20,2,2,191.3
2023-11-21,2,2,212.63
2023-11-22,2,2,245.62
2023-11-23,2,2,168.38
2023-11-24,2,2,185.25
2023-11-25,2,2,234.62
2023-11-26,2,2,173.0
2023-11-27,2,2,179.61
2023-11-28,2,2,213.41
2023-11-29,2,2,203.9
2023-11-30,2,2,206.24
2023-12-01,2,2,197.99
2023-12-02,2,2,246.06
2023-12-03,2,2,325.07
2023-12-04,2,2,194.5
2023-12-05,2,2,219.58
2023-12-06,2,2,215.58
2023-12-07,2,2,256.72
2023-12-08,2,2,241.37
2023-12-09,2,2,220.8
2023-12-10,2,2,225.36
2023-12-11,2,2,229.37
2023-12-12,2,2,209.13
2023-12-13,2,2,196.87
2023-12-14,2,2,243.62
2023-12-15,2,2,217.49
2023-12-16,2,2,277.33
2023-12-17,2,2,307.53
2023-12-18,2,2,199.99
2023-12-19,2,2,261.92
2023-12-20,2,2,187.08
2023-12-21,2,2,233.2
2023-12-22,2,2,258.09
2023-12-23,2,2,219.21
2023-12-24,2,2,262.21
2023-12-25,2,2,249.23
2023-12-26,2,2,249.85
2023-12-27,2,2,207.54
2023-12-28,2,2,189.66
2023-12-29,2,2,243.85
2023-12-30,2,2,326.66
2023-12-31,2,2,229.08
2022-01-01,2,3,348.52
2022-01-02,2,3,327.13
2022-01-03,2,3,303.19
2022-01-04,2,3,318.14
2022-01-05,2,3,274.87
2022-01-06,2,3,379.46
2022-01-07,2,3,330.74
2022-01-08,2,3,357.43
2022-01-09,2,3,288.84
2022-01-10,2,3,350.04
2022-01-11,2,3,344.79
2022-01-12,2,3,279.49
2022-01-13,2,3,308.48
2022-01-14,2,3,286.74
2022-01-15,2,3,411.56
2022-01-16,2,3,323.38
2022-01-17,2,3,242.7
2022-01-18,2,3,330.34
2022-01-19,2,3,336.27
2022-01-20,2,3,273.38
2022-01-21,2,3,262.2
2022-01-22,2,3,450.55
2022-01-23,2,3,343.48
2022-01-24,2,3,298.72
2022-01-25,2,3,293.37
2022-01-26,2,3,231.52
2022-01-27,2,3,305.69
2022-01-28,2,3,301.63
2022-01-29,2,3,407.93
2022-01-30,2,3,396.59
2022-01-31,2,3,393.84
2022-02-01,2,3,373.94
2022-02-02,2,3,320.61
2022-02-03,2,3,325.3
2022-02-04,2,3,403.86
2022-02-05,2,3,469.39
2022-02-06,2,3,339.3
2022-02-07,2,3,365.89
2022-02-08,2,3,380.38
2022-02-09,2,3,398.79
2022-02-10,2,3,301.88
2022-02-11,2,3,298.65
2022-02-12,2,3,359.29
2022-02-13,2,3,438.15
2022-02-14,2,3,357.91
2022-02-15,2,3,297.92
2022-02-16,2,3,316.21
2022-02-17,2,3,223.77
2022-02-18,2,3,396.99
2022-02-19,2,3,322.33
2022-02-20,2,3,445.31
2022-02-21,2,3,336.22
2022-02-22,2,3,327.16
2022-02-23,2,3,328.6
2022-02-24,2,3,276.14
2022-02-25,2,3,309.82
2022-02-26,2,3,485.65
2022-02-27,2,3,504.96
2022-02-28,2,3,306.15
2022-03-01,2,3,256.26
2022-03-02,2,3,295.77
2022-03-03,2,3,428.35
2022-03-04,2,3,299.32
2022-03-05,2,3,430.21
2022-03-06,2,3,529.8
2022-03-07,2,3,309.87
2022-03-08,2,3,328.41
2022-03-09,2,3,377.26
2022-03-10,2,3,424.04
2022-03-11,2,3,305.02
2022-03-12,2,3,531.22
2022-03-13,2,3,421.29
2022-03-14,2,3,293.67
2022-03-15,2,3,351.68
2022-03-16,2,3,280.39
2022-03-17,2,3,363.66
2022-03-18,2,3,500.54
2022-03-19,2,3,515.68
2022-03-20,2,3,435.77
2022-03-21,2,3,394.68
2022-03-22,2,3,293.52
2022-03-23,2,3,302.39
2022-03-24,2,3,337.87
2022-03-25,2,3,346.65
2022-03-26,2,3,358.83
2022-03-27,2,3,425.13
2022-03-28,2,3,335.65
2022-03-29,2,3,422.84
2022-03-30,2,3,277.04
2022-03-31,2,3,272.51
2022-04-01,2,3,345.54
2022-04-02,2,3,513.7
2022-04-03,2,3,474.75
2022-04-04,2,3,352.92
2022-04-05,2,3,323.28
2022-04-06,2,3,372.51
2022-04-07,2,3,380.51
2022-04-08,2,3,325.75
2022-04-09,2,3,378.15
2022-04-10,2,3,378.92
2022-04-11,2,3,384.54
2022-04-12,2,3,261.29
2022-04-13,2,3,426.0
2022-04-14,2,3,317.38
2022-04-15,2,3,356.83
2022-04-16,2,3,490.39
2022-04-17,2,3,398.55
2022-04-18,2,3,318.33
2022-04-19,2,3,349.0
2022-04-20,2,3,298.67
2022-04-21,2,3,287.94
2022-04-22,2,3,292.83
2022-04-23,2,3,527.49
2022-04-24,2,3,473.58
2022-04-25,2,3,303.14
2022-04-26,2,3,389.48
2022-04-27,2,3,306.55
2022-04-28,2,3,244.07
2022-04-29,2,3,381.41
2022-04-30,2,3,560.27
2022-05-01,2,3,456.95
2022-05-02,2,3,232.73
2022-05-03,2,3,323.78
2022-05-04,2,3,311.82
2022-05-05,2,3,343.97
2022-05-06,2,3,284.39
2022-05-07,2,3,402.71
2022-05-08,2,3,333.91
2022-05-09,2,3,337.53
2022-05-10,2,3,259.13
2022-05-11,2,3,348.72
2022-05-12,2,3,290.66
2022-05-13,2,3,173.35
2022-05-14,2,3,477.34
2022-05-15,2,3,458.56
2022-05-16,2,3,395.4
2022-05-17,2,3,225.84
2022-05-18,2,3,296.94
2022-05-19,2,3,336.07
2022-05-20,2,3,358.14
2022-05-21,2,3,335.01
2022-05-22,2,3,457.36
2022-05-23,2,3,302.36
2022-05-24,2,3,238.9
2022-05-25,2,3,293.99
2022-05-26,2,3,357.17
2022-05-27,2,3,241.61
2022-05-28,2,3,473.08
2022-05-29,2,3,450.57
2022-05-30,2,3,320.08
2022-05-31,2,3,251.35
2022-06-01,2,3,232.35
2022-06-02,2,3,285.16
2022-06-03,2,3,252.33
2022-06-04,2,3,375.19
2022-06-05,2,3,449.03
2022-06-06,2,3,291.88
2022-06-07,2,3,290.88
2022-06-08,2,3,291.16
2022-06-09,2,3,351.51
2022-06-10,2,3,364.64
2022-06-11,2,3,422.5
2022-06-12,2,3,405.85
2022-06-13,2,3,316.73
2022-06-14,2,3,372.09
2022-06-15,2,3,328.62
2022-06-16,2,3,377.08
2022-06-17,2,3,287.92
2022-06-18,2,3,319.67
2022-06-19,2,3,359.94
2022-06-20,2,3,282.02
2022-06-21,2,3,382.49
2022-06-22,2,3,342.64
2022-06-23,2,3,279.29
2022-06-24,2,3,346.56
2022-06-25,2,3,394.33
2022-06-26,2,3,501.17
2022-06-27,2,3,294.36
2022-06-28,2,3,238.54
2022-06-29,2,3,301.7
2022-06-30,2,3,295.13
2022-07-01,2,3,223.45
2022-07-02,2,3,396.09
2022-07-03,2,3,442.27
2022-07-04,2,3,233.31
2022-07-05,2,3,321.75
2022-07-06,2,3,255.44
2022-07-07,2,3,280.21
2022-07-08,2,3,276.01
2022-07-09,2,3,364.89
2022-07-10,2,3,392.56
2022-07-11,2,3,238.85
2022-07-12,2,3,337.23
2022-07-13,2,3,304.02
2022-07-14,2,3,318.37
2022-07-15,2,3,250.02
2022-07-16,2,3,306.8
2022-07-17,2,3,434.12
2022-07-18,2,3,234.56
2022-07-19,2,3,290.46
2022-07-20,2,3,327.79
2022-07-21,2,3,279.16
2022-07-22,2,3,334.79
2022-07-23,2,3,355.46
2022-07-24,2,3,299.8
2022-07-25,2,3,301.54
2022-07-26,2,3,294.25
2022-07-27,2,3,401.3
2022-07-28,2,3,245.65
2022-07-29,2,3,275.64
2022-07-30,2,3,331.85
2022-07-31,2,3,365.05
2022-08-01,2,3,256.58
2022-08-02,2,3,229.49
2022-08-03,2,3,282.81
2022-08-04,2,3,255.98
2022-08-05,2,3,318.11
2022-08-06,2,3,310.87
2022-08-07,2,3,440.89
2022-08-08,2,3,276.32
2022-08-09,2,3,316.2
2022-08-10,2,3,270.38
2022-08-11,2,3,234.85
2022-08-12,2,3,255.69
2022-08-13,2,3,274.31
2022-08-14,2,3,340.84
2022-08-15,2,3,273.75
2022-08-16,2,3,268.91
2022-08-17,2,3,320.63
2022-08-18,2,3,261.53
2022-08-19,2,3,191.67
2022-08-20,2,3,533.52
2022-08-21,2,3,312.51
2022-08-22,2,3,307.39
2022-08-23,2,3,208.0
2022-08-24,2,3,278.71
2022-08-25,2,3,236.98
2022-08-26,2,3,155.26
2022-08-27,2,3,335.46
2022-08-28,2,3,347.97
2022-08-29,2,3,261.05
2022-08-30,2,3,279.98
2022-08-31,2,3,259.42
2022-09-01,2,3,264.51
2022-09-02,2,3,268.69
2022-09-03,2,3,339.08
2022-09-04,2,3,332.42
2022-09-05,2,3,227.43
2022-09-06,2,3,286.29
2022-09-07,2,3,251.89
2022-09-08,2,3,248.9
2022-09-09,2,3,283.73
2022-09-10,2,3,353.7
2022-09-11,2,3,307.14
2022-09-12,2,3,313.66
2022-09-13,2,3,217.17
2022-09-14,2,3,223.61
2022-09-15,2,3,291.29
2022-09-16,2,3,334.55
2022-09-17,2,3,314.86
2022-09-18,2,3,366.35
2022-09-19,2,3,218.09
2022-09-20,2,3,228.76
2022-09-21,2,3,311.19
2022-09-22,2,3,280.83
2022-09-23,2,3,312.92
2022-09-24,2,3,403.12
2022-09-25,2,3,238.17
2022-09-26,2,3,219.15
2022-09-27,2,3,278.28
2022-09-28,2,3,199.39
2022-09-29,2,3,225.36
2022-09-30,2,3,325.25
2022-10-01,2,3,330.96
2022-10-02,2,3,398.92
2022-10-03,2,3,276.36
2022-10-04,2,3,249.42
2022-10-05,2,3,208.58
2022-10-06,2,3,287.92
2022-10-07,2,3,339.15
2022-10-08,2,3,326.81
2022-10-09,2,3,366.22
2022-10-10,2,3,215.44
2022-10-11,2,3,251.11
2022-10-12,2,3,293.78
2022-10-13,2,3,310.91
2022-10-14,2,3,303.27
2022-10-15,2,3,253.21
2022-10-16,2,3,339.49
2022-10-17,2,3,239.87
2022-10-18,2,3,267.78
2022-10-19,2,3,276.33
2022-10-20,2,3,326.21
2022-10-21,2,3,293.91
2022-10-22,2,3,444.04
2022-10-23,2,3,328.0
2022-10-24,2,3,222.14
2022-10-25,2,3,343.95
2022-10-26,2,3,300.91
2022-10-27,2,3,251.23
2022-10-28,2,3,301.56
2022-10-29,2,3,414.27
2022-10-30,2,3,375.02
2022-10-31,2,3,252.61
2022-11-01,2,3,288.52
2022-11-02,2,3,322.69
2022-11-03,2,3,318.68
2022-11-04,2,3,366.0
2022-11-05,2,3,386.22
2022-11-06,2,3,344.92
2022-11-07,2,3,430.38
2022-11-08,2,3,318.76
2022-11-09,2,3,349.77
2022-11-10,2,3,335.46
2022-11-11,2,3,320.06
2022-11-12,2,3,391.22
2022-11-13,2,3,234.88
2022-11-14,2,3,262.29
2022-11-15,2,3,327.71
2022-11-16,2,3,185.07
2022-11-17,2,3,316.13
2022-11-18,2,3,344.05
2022-11-19,2,3,458.11
2022-11-20,2,3,444.08
2022-11-21,2,3,358.81
2022-11-22,2,3,389.56
2022-11-23,2,3,365.85
2022-11-24,2,3,323.71
2022-11-25,2,3,308.31
2022-11-26,2,3,416.41
2022-11-27,2,3,392.75
2022-11-28,2,3,368.24
2022-11-29,2,3,342.69
2022-11-30,2,3,297.79
2022-12-01,2,3,420.96
2022-12-02,2,3,336.08
2022-12-03,2,3,392.38
2022-12-04,2,3,456.85
2022-12-05,2,3,308.71
2022-12-06,2,3,402.02
2022-12-07,2,3,308.04
2022-12-08,2,3,346.94
2022-12-09,2,3,403.11
2022-12-10,2,3,410.54
2022-12-11,2,3,488.35
2022-12-12,2,3,302.4
2022-12-13,2,3,367.35
2022-12-14,2,3,384.8
2022-12-15,2,3,352.65
2022-12-16,2,3,356.94
2022-12-17,2,3,492.81
2022-12-18,2,3,442.93
2022-12-19,2,3,403.44
2022-12-20,2,3,429.47
2022-12-21,2,3,306.97
2022-12-22,2,3,451.29
2022-12-23,2,3,340.74
2022-12-24,2,3,603.37
2022-12-25,2,3,444.57
2022-12-26,2,3,395.75
2022-12-27,2,3,395.75
2022-12-28,2,3,337.49
2022-12-29,2,3,362.48
2022-12-30,2,3,436.34
2022-12-31,2,3,444.27
2023-01-01,2,3,481.71
2023-01-02,2,3,327.15
2023-01-03,2,3,488.96
2023-01-04,2,3,367.6
2023-01-05,2,3,467.82
2023-01-06,2,3,360.96
2023-01-07,2,3,606.63
2023-01-08,2,3,579.02
2023-01-09,2,3,383.99
2023-01-10,2,3,354.08
2023-01-11,2,3,359.19
2023-01-12,2,3,358.69
2023-01-13,2,3,462.49
2023-01-14,2,3,531.25
2023-01-15,2,3,432.32
2023-01-16,2,3,384.53
2023-01-17,2,3,392.07
2023-01-18,2,3,271.81
2023-01-19,2,3,388.71
2023-01-20,2,3,444.28
2023-01-21,2,3,510.66
2023-01-22,2,3,541.71
2023-01-23,2,3,430.86
2023-01-24,2,3,381.3
2023-01-25,2,3,446.34
2023-01-26,2,3,490.55
2023-01-27,2,3,310.75
2023-01-28,2,3,496.95
2023-01-29,2,3,707.69
2023-01-30,2,3,414.03
2023-01-31,2,3,401.88
2023-02-01,2,3,414.49
2023-02-02,2,3,513.98
2023-02-03,2,3,370.98
2023-02-04,2,3,639.78
2023-02-05,2,3,538.81
2023-02-06,2,3,384.06
2023-02-07,2,3,418.03
2023-02-08,2,3,430.33
2023-02-09,2,3,401.28
2023-02-10,2,3,506.4
2023-02-11,2,3,501.71
2023-02-12,2,3,576.83
2023-02-13,2,3,469.95
2023-02-14,2,3,443.67
2023-02-15,2,3,485.95
2023-02-16,2,3,407.47
2023-02-17,2,3,476.86
2023-02-18,2,3,622.87
2023-02-19,2,3,650.22
2023-02-20,2,3,313.43
2023-02-21,2,3,470.76
2023-02-22,2,3,496.84
2023-02-23,2,3,410.95
2023-02-24,2,3,402.27
2023-02-25,2,3,510.19
2023-02-26,2,3,482.25
2023-02-27,2,3,483.08
2023-02-28,2,3,589.97
2023-03-01,2,3,412.36
2023-03-02,2,3,418.69
2023-03-03,2,3,451.55
2023-03-04,2,3,445.24
2023-03-05,2,3,525.29
2023-03-06,2,3,447.6
2023-03-07,2,3,391.19
2023-03-08,2,3,533.29
2023-03-09,2,3,364.61
2023-03-10,2,3,513.91
2023-03-11,2,3,718.68
2023-03-12,2,3,623.1
2023-03-13,2,3,444.31
2023-03-14,2,3,470.76
2023-03-15,2,3,424.28
2023-03-16,2,3,315.77
2023-03-17,2,3,388.11
2023-03-18,2,3,590.83
2023-03-19,2,3,508.67
2023-03-20,2,3,427.63
2023-03-21,2,3,488.99
2023-03-22,2,3,466.44
2023-03-23,2,3,529.36
2023-03-24,2,3,477.31
2023-03-25,2,3,626.18
2023-03-26,2,3,531.52
2023-03-27,2,3,366.63
2023-03-28,2,3,430.01
2023-03-29,2,3,408.69
2023-03-30,2,3,447.56
2023-03-31,2,3,385.9
2023-04-01,2,3,658.06
2023-04-02,2,3,520.54
2023-04-03,2,3,425.47
2023-04-04,2,3,448.97
2023-04-05,2,3,526.56
2023-04-06,2,3,569.91
2023-04-07,2,3,574.96
2023-04-08,2,3,474.17
2023-04-09,2,3,554.56
2023-04-10,2,3,413.97
2023-04-11,2,3,477.63
2023-04-12,2,3,473.81
2023-04-13,2,3,413.49
2023-04-14,2,3,408.4
2023-04-15,2,3,501.6
2023-04-16,2,3,355.26
2023-04-17,2,3,365.88
2023-04-18,2,3,513.77
2023-04-19,2,3,554.93
2023-04-20,2,3,547.32
2023-04-21,2,3,517.72
2023-04-22,2,3,502.7
2023-04-23,2,3,487.98
2023-04-24,2,3,332.5
2023-04-25,2,3,416.86
2023-04-26,2,3,463.1
2023-04-27,2,3,388.29
2023-04-28,2,3,487.35
2023-04-29,2,3,653.7
2023-04-30,2,3,553.46
2023-05-01,2,3,343.61
2023-05-02,2,3,519.48
2023-05-03,2,3,432.9
2023-05-04,2,3,556.4
2023-05-05,2,3,437.19
2023-05-06,2,3,574.6
2023-05-07,2,3,480.12
2023-05-08,2,3,404.63
2023-05-09,2,3,331.27
2023-05-10,2,3,345.46
2023-05-11,2,3,481.08
2023-05-12,2,3,414.87
2023-05-13,2,3,527.86
2023-05-14,2,3,501.33
2023-05-15,2,3,409.0
2023-05-16,2,3,508.23
2023-05-17,2,3,444.09
2023-05-18,2,3,357.98
2023-05-19,2,3,502.54
2023-05-20,2,3,712.73
2023-05-21,2,3,608.64
2023-05-22,2,3,494.44
2023-05-23,2,3,516.34
2023-05-24,2,3,328.19
2023-05-25,2,3,559.21
2023-05-26,2,3,509.37
2023-05-27,2,3,610.57
2023-05-28,2,3,558.52
2023-05-29,2,3,350.27
2023-05-30,2,3,416.66
2023-05-31,2,3,468.25
2023-06-01,2,3,333.0
2023-06-02,2,3,395.2
2023-06-03,2,3,427.3
2023-06-04,2,3,489.89
2023-06-05,2,3,318.98
2023-06-06,2,3,312.87
2023-06-07,2,3,421.14
2023-06-08,2,3,366.09
2023-06-09,2,3,371.99
2023-06-10,2,3,472.34
2023-06-11,2,3,735.61
2023-06-12,2,3,438.64
2023-06-13,2,3,445.41
2023-06-14,2,3,355.72
2023-06-15,2,3,433.3
2023-06-16,2,3,389.3
2023-06-17,2,3,462.71
2023-06-18,2,3,676.49
2023-06-19,2,3,438.56
2023-06-20,2,3,435.78
2023-06-21,2,3,345.44
2023-06-22,2,3,327.55
2023-06-23,2,3,401.42
2023-06-24,2,3,481.41
2023-06-25,2,3,575.5
2023-06-26,2,3,447.04
2023-06-27,2,3,409.95
2023-06-28,2,3,456.66
2023-06-29,2,3,418.28
2023-06-30,2,3,353.57
2023-07-01,2,3,462.05
2023-07-02,2,3,486.22
2023-07-03,2,3,417.9
2023-07-04,2,3,379.41
2023-07-05,2,3,335.78
2023-07-06,2,3,420.76
2023-07-07,2,3,388.74
2023-07-08,2,3,589.28
2023-07-09,2,3,484.94
2023-07-10,2,3,311.12
2023-07-11,2,3,433.77
2023-07-12,2,3,337.0
2023-07-13,2,3,385.52
2023-07-14,2,3,379.69
2023-07-15,2,3,483.81
2023-07-16,2,3,468.58
2023-07-17,2,3,278.39
2023-07-18,2,3,314.67
2023-07-19,2,3,432.96
2023-07-20,2,3,394.67
2023-07-21,2,3,477.32
2023-07-22,2,3,407.55
2023-07-23,2,3,480.77
2023-07-24,2,3,436.63
2023-07-25,2,3,340.43
2023-07-26,2,3,345.14
2023-07-27,2,3,356.09
2023-07-28,2,3,347.81
2023-07-29,2,3,523.51
2023-07-30,2,3,355.59
2023-07-31,2,3,465.44
2023-08-01,2,3,293.85
2023-08-02,2,3,234.4
2023-08-03,2,3,343.17
2023-08-04,2,3,324.45
2023-08-05,2,3,435.44
2023-08-06,2,3,468.65
2023-08-07,2,3,377.9
2023-08-08,2,3,432.02
2023-08-09,2,3,309.29
2023-08-10,2,3,385.32
2023-08-11,2,3,382.18
2023-08-12,2,3,271.36
2023-08-13,2,3,393.45
2023-08-14,2,3,279.28
2023-08-15,2,3,369.58
2023-08-16,2,3,364.09
2023-08-17,2,3,365.37
2023-08-18,2,3,331.06
2023-08-19,2,3,437.48
2023-08-20,2,3,449.69
2023-08-21,2,3,326.71
2023-08-22,2,3,388.39
2023-08-23,2,3,292.21
2023-08-24,2,3,307.43
2023-08-25,2,3,354.83
2023-08-26,2,3,428.3
2023-08-27,2,3,378.16
2023-08-28,2,3,377.0
2023-08-29,2,3,319.37
2023-08-30,2,3,305.28
2023-08-31,2,3,340.65
2023-09-01,2,3,293.29
2023-09-02,2,3,438.29
2023-09-03,2,3,417.04
2023-09-04,2,3,313.22
2023-09-05,2,3,313.73
2023-09-06,2,3,390.46
2023-09-07,2,3,358.76
2023-09-08,2,3,252.94
2023-09-09,2,3,501.07
2023-09-10,2,3,477.04
2023-09-11,2,3,364.16
2023-09-12,2,3,386.4
2023-09-13,2,3,341.97
2023-09-14,2,3,373.16
2023-09-15,2,3,317.82
2023-09-16,2,3,500.88
2023-09-17,2,3,459.2
2023-09-18,2,3,271.56
2023-09-19,2,3,395.7
2023-09-20,2,3,336.05
2023-09-21,2,3,329.09
2023-09-22,2,3,320.31
2023-09-23,2,3,421.57
2023-09-24,2,3,461.95
2023-09-25,2,3,292.81
2023-09-26,2,3,263.01
2023-09-27,2,3,289.2
2023-09-28,2,3,364.08
2023-09-29,2,3,336.2
2023-09-30,2,3,523.06
2023-10-01,2,3,459.0
2023-10-02,2,3,401.85
2023-10-03,2,3,319.88
2023-10-04,2,3,333.88
2023-10-05,2,3,357.93
2023-10-06,2,3,349.75
2023-10-07,2,3,448.43
2023-10-08,2,3,404.6
2023-10-09,2,3,273.07
2023-10-10,2,3,392.44
2023-10-11,2,3,386.66
2023-10-12,2,3,325.89
2023-10-13,2,3,379.57
2023-10-14,2,3,455.52
2023-10-15,2,3,545.04
2023-10-16,2,3,288.99
2023-10-17,2,3,353.18
2023-10-18,2,3,349.08
2023-10-19,2,3,369.17
2023-10-20,2,3,443.84
2023-10-21,2,3,460.46
2023-10-22,2,3,521.78
2023-10-23,2,3,353.32
2023-10-24,2,3,419.63
2023-10-25,2,3,402.62
2023-10-26,2,3,343.89
2023-10-27,2,3,340.18
2023-10-28,2,3,505.56
2023-10-29,2,3,425.08
2023-10-30,2,3,373.23
2023-10-31,2,3,343.7
2023-11-01,2,3,417.29
2023-11-02,2,3,386.14
2023-11-03,2,3,354.8
2023-11-04,2,3,600.41
2023-11-05,2,3,533.85
2023-11-06,2,3,393.46
2023-11-07,2,3,421.88
2023-11-08,2,3,297.57
2023-11-09,2,3,521.94
2023-11-10,2,3,399.06
2023-11-11,2,3,364.88
2023-11-12,2,3,610.41
2023-11-13,2,3,353.41
2023-11-14,2,3,460.93
2023-11-15,2,3,406.05
2023-11-16,2,3,305.02
2023-11-17,2,3,414.9
2023-11-18,2,3,533.96
2023-11-19,2,3,609.42
2023-11-20,2,3,431.29
2023-11-21,2,3,325.8
2023-11-22,2,3,460.64
2023-11-23,2,3,375.79
2023-11-24,2,3,504.36
2023-11-25,2,3,493.74
2023-11-26,2,3,505.26
2023-11-27,2,3,352.1
2023-11-28,2,3,371.8
2023-11-29,2,3,356.08
2023-11-30,2,3,473.33
2023-12-01,2,3,357.96
2023-12-02,2,3,652.05
2023-12-03,2,3,654.53
2023-12-04,2,3,540.68
2023-12-05,2,3,451.29
2023-12-06,2,3,379.53
2023-12-07,2,3,437.31
2023-12-08,2,3,489.21
2023-12-09,2,3,591.65
2023-12-10,2,3,616.72
2023-12-11,2,3,542.07
2023-12-12,2,3,489.5
2023-12-13,2,3,463.86
2023-12-14,2,3,326.03
2023-12-15,2,3,397.96
2023-12-16,2,3,551.01
2023-12-17,2,3,412.89
2023-12-18,2,3,376.6
2023-12-19,2,3,433.83
2023-12-20,2,3,445.13
2023-12-21,2,3,486.9
2023-12-22,2,3,438.88
2023-12-23,2,3,610.93
2023-12-24,2,3,552.42
2023-12-25,2,3,456.47
2023-12-26,2,3,484.58
2023-12-27,2,3,554.46
2023-12-28,2,3,419.33
2023-12-29,2,3,464.5
2023-12-30,2,3,668.51
2023-12-31,2,3,463.97
2022-01-01,2,4,432.24
2022-01-02,2,4,501.84
2022-01-03,2,4,251.14
2022-01-04,2,4,255.89
2022-01-05,2,4,239.96
2022-01-06,2,4,311.71
2022-01-07,2,4,300.33
2022-01-08,2,4,372.11
2022-01-09,2,4,427.44
2022-01-10,2,4,347.75
2022-01-11,2,4,226.56
2022-01-12,2,4,267.75
2022-01-13,2,4,330.59
2022-01-14,2,4,273.99
2022-01-15,2,4,337.53
2022-01-16,2,4,442.46
2022-01-17,2,4,238.37
2022-01-18,2,4,282.44
2022-01-19,2,4,310.71
2022-01-20,2,4,270.9
2022-01-21,2,4,331.55
2022-01-22,2,4,353.14
2022-01-23,2,4,468.12
2022-01-24,2,4,291.96
2022-01-25,2,4,327.85
2022-01-26,2,4,331.52
2022-01-27,2,4,270.35
2022-01-28,2,4,206.72
2022-01-29,2,4,409.77
2022-01-30,2,4,393.33
2022-01-31,2,4,324.59
2022-02-01,2,4,308.99
2022-02-02,2,4,299.5
2022-02-03,2,4,417.03
2022-02-04,2,4,249.94
2022-02-05,2,4,463.38
2022-02-06,2,4,381.82
2022-02-07,2,4,305.51
2022-02-08,2,4,306.71
2022-02-09,2,4,283.49
2022-02-10,2,4,350.29
2022-02-11,2,4,390.33
2022-02-12,2,4,449.88
2022-02-13,2,4,427.18
2022-02-14,2,4,275.97
2022-02-15,2,4,349.33
2022-02-16,2,4,429.47
2022-02-17,2,4,306.27
2022-02-18,2,4,306.79
2022-02-19,2,4,387.47
2022-02-20,2,4,392.39
2022-02-21,2,4,191.79
2022-02-22,2,4,346.2
2022-02-23,2,4,285.25
2022-02-24,2,4,248.01
2022-02-25,2,4,364.28
2022-02-26,2,4,356.77
2022-02-27,2,4,404.64
2022-02-28,2,4,400.43
2022-03-01,2,4,265.01
2022-03-02,2,4,259.04
2022-03-03,2,4,350.28
2022-03-04,2,4,395.11
2022-03-05,2,4,334.96
2022-03-06,2,4,465.77
2022-03-07,2,4,367.4
2022-03-08,2,4,233.79
2022-03-09,2,4,379.14
2022-03-10,2,4,383.47
2022-03-11,2,4,323.36
2022-03-12,2,4,524.32
2022-03-13,2,4,517.13
2022-03-14,2,4,345.43
2022-03-15,2,4,317.43
2022-03-16,2,4,291.07
2022-03-17,2,4,339.2
2022-03-18,2,4,370.62
2022-03-19,2,4,422.68
2022-03-20,2,4,298.12
2022-03-21,2,4,407.55
2022-03-22,2,4,352.49
2022-03-23,2,4,323.49
2022-03-24,2,4,387.49
2022-03-25,2,4,422.26
2022-03-26,2,4,259.23
2022-03-27,2,4,476.74
2022-03-28,2,4,270.87
2022-03-29,2,4,370.76
2022-03-30,2,4,351.87
2022-03-31,2,4,378.52
2022-04-01,2,4,312.84
2022-04-02,2,4,316.38
2022-04-03,2,4,410.66
2022-04-04,2,4,359.79
2022-04-05,2,4,391.1
2022-04-06,2,4,280.0
2022-04-07,2,4,392.41
2022-04-08,2,4,307.26
2022-04-09,2,4,466.91
2022-04-10,2,4,409.34
2022-04-11,2,4,350.59
2022-04-12,2,4,387.27
2022-04-13,2,4,278.96
2022-04-14,2,4,307.29
2022-04-15,2,4,352.01
2022-04-16,2,4,606.2
2022-04-17,2,4,388.31
2022-04-18,2,4,448.53
2022-04-19,2,4,447.1
2022-04-20,2,4,339.03
2022-04-21,2,4,328.96
2022-04-22,2,4,308.9
2022-04-23,2,4,443.89
2022-04-24,2,4,354.17
2022-04-25,2,4,341.65
2022-04-26,2,4,423.59
2022-04-27,2,4,314.49
2022-04-28,2,4,334.02
2022-04-29,2,4,258.34
2022-04-30,2,4,476.63
2022-05-01,2,4,440.33
2022-05-02,2,4,329.19
2022-05-03,2,4,315.75
2022-05-04,2,4,312.31
2022-05-05,2,4,351.56
2022-05-06,2,4,325.83
2022-05-07,2,4,445.91
2022-05-08,2,4,439.91
2022-05-09,2,4,383.41
2022-05-10,2,4,361.75
2022-05-11,2,4,338.2
2022-05-12,2,4,403.92
2022-05-13,2,4,350.04
2022-05-14,2,4,512.3
2022-05-15,2,4,467.86
2022-05-16,2,4,238.93
2022-05-17,2,4,395.12
2022-05-18,2,4,337.44
2022-05-19,2,4,328.44
2022-05-20,2,4,345.3
2022-05-21,2,4,408.78
2022-05-22,2,4,446.16
2022-05-23,2,4,302.69
2022-05-24,2,4,396.03
2022-05-25,2,4,327.1
2022-05-26,2,4,313.95
2022-05-27,2,4,287.1
2022-05-28,2,4,451.22
2022-05-29,2,4,446.29
2022-05-30,2,4,353.7
2022-05-31,2,4,282.97
2022-06-01,2,4,231.27
2022-06-02,2,4,333.22
2022-06-03,2,4,372.8
2022-06-04,2,4,335.63
2022-06-05,2,4,491.72
2022-06-06,2,4,318.71
2022-06-07,2,4,305.63
2022-06-08,2,4,287.96
2022-06-09,2,4,242.83
2022-06-10,2,4,352.19
2022-06-11,2,4,352.68
2022-06-12,2,4,352.73
2022-06-13,2,4,353.3
2022-06-14,2,4,220.87
2022-06-15,2,4,237.66
2022-06-16,2,4,307.5
2022-06-17,2,4,322.17
2022-06-18,2,4,430.72
2022-06-19,2,4,383.67
2022-06-20,2,4,426.82
2022-06-21,2,4,299.07
2022-06-22,2,4,299.19
2022-06-23,2,4,273.1
2022-06-24,2,4,316.22
2022-06-25,2,4,441.19
2022-06-26,2,4,477.26
2022-06-27,2,4,241.71
2022-06-28,2,4,300.01
2022-06-29,2,4,332.66
2022-06-30,2,4,339.51
2022-07-01,2,4,281.35
2022-07-02,2,4,395.46
2022-07-03,2,4,321.6
2022-07-04,2,4,347.63
2022-07-05,2,4,324.01
2022-07-06,2,4,225.32
2022-07-07,2,4,236.94
2022-07-08,2,4,238.34
2022-07-09,2,4,405.28
2022-07-10,2,4,297.23
2022-07-11,2,4,269.38
2022-07-12,2,4,303.04
2022-07-13,2,4,281.11
2022-07-14,2,4,295.2
2022-07-15,2,4,238.93
2022-07-16,2,4,403.05
2022-07-17,2,4,336.28
2022-07-18,2,4,271.23
2022-07-19,2,4,295.53
2022-07-20,2,4,290.01
2022-07-21,2,4,286.86
2022-07-22,2,4,253.86
2022-07-23,2,4,355.47
2022-07-24,2,4,372.63
2022-07-25,2,4,227.63
2022-07-26,2,4,267.11
2022-07-27,2,4,303.96
2022-07-28,2,4,232.41
2022-07-29,2,4,337.65
2022-07-30,2,4,445.66
2022-07-31,2,4,304.69
2022-08-01,2,4,318.95
2022-08-02,2,4,259.49
2022-08-03,2,4,282.09
2022-08-04,2,4,245.85
2022-08-05,2,4,302.67
2022-08-06,2,4,366.97
2022-08-07,2,4,303.91
2022-08-08,2,4,219.93
2022-08-09,2,4,208.31
2022-08-10,2,4,274.48
2022-08-11,2,4,290.11
2022-08-12,2,4,293.5
2022-08-13,2,4,341.74
2022-08-14,2,4,287.75
2022-08-15,2,4,240.62
2022-08-16,2,4,314.64
2022-08-17,2,4,248.97
2022-08-18,2,4,274.48
2022-08-19,2,4,225.53
2022-08-20,2,4,367.55
2022-08-21,2,4,326.13
2022-08-22,2,4,311.9
2022-08-23,2,4,301.1
2022-08-24,2,4,249.94
2022-08-25,2,4,265.1
2022-08-26,2,4,248.09
2022-08-27,2,4,276.95
2022-08-28,2,4,306.86
2022-08-29,2,4,279.17
2022-08-30,2,4,284.56
2022-08-31,2,4,277.6
2022-09-01,2,4,251.06
2022-09-02,2,4,300.0
2022-09-03,2,4,345.66
2022-09-04,2,4,378.82
2022-09-05,2,4,193.61
2022-09-06,2,4,108.68
2022-09-07,2,4,275.47
2022-09-08,2,4,207.92
2022-09-09,2,4,256.22
2022-09-10,2,4,328.72
2022-09-11,2,4,426.64
2022-09-12,2,4,281.2
2022-09-13,2,4,272.1
2022-09-14,2,4,299.07
2022-09-15,2,4,280.62
2022-09-16,2,4,247.86
2022-09-17,2,4,401.89
2022-09-18,2,4,288.84
2022-09-19,2,4,279.7
2022-09-20,2,4,205.0
2022-09-21,2,4,275.36
2022-09-22,2,4,275.14
2022-09-23,2,4,334.91
2022-09-24,2,4,266.44
2022-09-25,2,4,317.04
2022-09-26,2,4,301.35
2022-09-27,2,4,281.96
2022-09-28,2,4,275.93
2022-09-29,2,4,230.32
2022-09-30,2,4,245.24
2022-10-01,2,4,429.39
2022-10-02,2,4,359.31
2022-10-03,2,4,294.46
2022-10-04,2,4,274.16
2022-10-05,2,4,229.65
2022-10-06,2,4,318.55
2022-10-07,2,4,300.74
2022-10-08,2,4,489.63
2022-10-09,2,4,308.63
2022-10-10,2,4,314.87
2022-10-11,2,4,225.32
2022-10-12,2,4,287.35
2022-10-13,2,4,322.1
2022-10-14,2,4,193.77
2022-10-15,2,4,354.55
2022-10-16,2,4,335.16
2022-10-17,2,4,252.15
2022-10-18,2,4,298.34
2022-10-19,2,4,329.71
2022-10-20,2,4,276.83
2022-10-21,2,4,291.41
2022-10-22,2,4,374.09
2022-10-23,2,4,368.17
2022-10-24,2,4,237.05
2022-10-25,2,4,330.72
2022-10-26,2,4,296.35
2022-10-27,2,4,300.83
2022-10-28,2,4,249.84
2022-10-29,2,4,344.31
2022-10-30,2,4,360.29
2022-10-31,2,4,219.33
2022-11-01,2,4,231.76
2022-11-02,2,4,282.59
2022-11-03,2,4,335.18
2022-11-04,2,4,280.58
2022-11-05,2,4,342.84
2022-11-06,2,4,355.5
2022-11-07,2,4,290.48
2022-11-08,2,4,295.45
2022-11-09,2,4,413.67
2022-11-10,2,4,361.92
2022-11-11,2,4,360.79
2022-11-12,2,4,478.17
2022-11-13,2,4,346.16
2022-11-14,2,4,255.97
2022-11-15,2,4,261.6
2022-11-16,2,4,376.75
2022-11-17,2,4,288.37
2022-11-18,2,4,255.38
2022-11-19,2,4,382.57
2022-11-20,2,4,394.68
2022-11-21,2,4,327.79
2022-11-22,2,4,327.21
2022-11-23,2,4,276.38
2022-11-24,2,4,348.3
2022-11-25,2,4,285.75
2022-11-26,2,4,401.54
2022-11-27,2,4,453.88
2022-11-28,2,4,286.27
2022-11-29,2,4,289.93
2022-11-30,2,4,345.4
2022-12-01,2,4,307.37
2022-12-02,2,4,332.65
2022-12-03,2,4,497.56
2022-12-04,2,4,601.23
2022-12-05,2,4,385.95
2022-12-06,2,4,379.18
2022-12-07,2,4,382.56
2022-12-08,2,4,297.53
2022-12-09,2,4,361.03
2022-12-10,2,4,459.62
2022-12-11,2,4,484.31
2022-12-12,2,4,361.88
2022-12-13,2,4,376.2
2022-12-14,2,4,339.56
2022-12-15,2,4,359.6
2022-12-16,2,4,291.03
2022-12-17,2,4,441.82
2022-12-18,2,4,561.32
2022-12-19,2,4,374.62
2022-12-20,2,4,356.66
2022-12-21,2,4,459.88
2022-12-22,2,4,285.17
2022-12-23,2,4,298.9
2022-12-24,2,4,586.34
2022-12-25,2,4,470.06
2022-12-26,2,4,346.29
2022-12-27,2,4,294.94
2022-12-28,2,4,384.07
2022-12-29,2,4,389.58
2022-12-30,2,4,301.26
2022-12-31,2,4,459.03
2023-01-01,2,4,490.19
2023-01-02,2,4,412.6
2023-01-03,2,4,330.88
2023-01-04,2,4,472.65
2023-01-05,2,4,452.92
2023-01-06,2,4,376.8
2023-01-07,2,4,501.61
2023-01-08,2,4,508.2
2023-01-09,2,4,352.75
2023-01-10,2,4,373.09
2023-01-11,2,4,383.75
2023-01-12,2,4,497.09
2023-01-13,2,4,457.42
2023-01-14,2,4,594.14
2023-01-15,2,4,550.4
2023-01-16,2,4,334.14
2023-01-17,2,4,399.21
2023-01-18,2,4,460.52
2023-01-19,2,4,326.36
2023-01-20,2,4,441.02
2023-01-21,2,4,706.19
2023-01-22,2,4,607.59
2023-01-23,2,4,489.03
2023-01-24,2,4,416.97
2023-01-25,2,4,462.7
2023-01-26,2,4,360.79
2023-01-27,2,4,452.92
2023-01-28,2,4,578.05
2023-01-29,2,4,549.66
2023-01-30,2,4,485.53
2023-01-31,2,4,372.99
2023-02-01,2,4,420.94
2023-02-02,2,4,439.61
2023-02-03,2,4,366.73
2023-02-04,2,4,583.44
2023-02-05,2,4,419.05
2023-02-06,2,4,502.9
2023-02-07,2,4,438.0
2023-02-08,2,4,401.26
2023-02-09,2,4,381.06
2023-02-10,2,4,420.55
2023-02-11,2,4,625.6
2023-02-12,2,4,614.08
2023-02-13,2,4,390.59
2023-02-14,2,4,381.65
2023-02-15,2,4,480.54
2023-02-16,2,4,390.32
2023-02-17,2,4,441.99
2023-02-18,2,4,580.46
2023-02-19,2,4,596.98
2023-02-20,2,4,495.5
2023-02-21,2,4,356.08
2023-02-22,2,4,313.58
2023-02-23,2,4,402.47
2023-02-24,2,4,559.19
2023-02-25,2,4,746.42
2023-02-26,2,4,730.52
2023-02-27,2,4,428.39
2023-02-28,2,4,323.46
2023-03-01,2,4,293.06
2023-03-02,2,4,410.54
2023-03-03,2,4,439.06
2023-03-04,2,4,703.52
2023-03-05,2,4,665.76
2023-03-06,2,4,468.92
2023-03-07,2,4,393.21
2023-03-08,2,4,388.65
2023-03-09,2,4,471.73
2023-03-10,2,4,502.27
2023-03-11,2,4,626.33
2023-03-12,2,4,500.1
2023-03-13,2,4,500.15
2023-03-14,2,4,485.13
2023-03-15,2,4,383.03
2023-03-16,2,4,402.91
2023-03-17,2,4,504.14
2023-03-18,2,4,573.53
2023-03-19,2,4,736.65
2023-03-20,2,4,492.32
2023-03-21,2,4,424.77
2023-03-22,2,4,457.83
2023-03-23,2,4,463.21
2023-03-24,2,4,409.0
2023-03-25,2,4,515.56
2023-03-26,2,4,660.63
2023-03-27,2,4,518.46
2023-03-28,2,4,502.14
2023-03-29,2,4,565.48
2023-03-30,2,4,423.6
2023-03-31,2,4,577.26
2023-04-01,2,4,507.52
2023-04-02,2,4,498.02
2023-04-03,2,4,332.69
2023-04-04,2,4,422.08
2023-04-05,2,4,418.44
2023-04-06,2,4,488.68
2023-04-07,2,4,469.84
2023-04-08,2,4,484.13
2023-04-09,2,4,555.29
2023-04-10,2,4,428.88
2023-04-11,2,4,333.42
2023-04-12,2,4,387.89
2023-04-13,2,4,402.5
2023-04-14,2,4,553.37
2023-04-15,2,4,609.48
2023-04-16,2,4,651.75
2023-04-17,2,4,353.77
2023-04-18,2,4,538.48
2023-04-19,2,4,546.17
2023-04-20,2,4,320.22
2023-04-21,2,4,409.19
2023-04-22,2,4,639.56
2023-04-23,2,4,653.27
2023-04-24,2,4,411.87
2023-04-25,2,4,437.82
2023-04-26,2,4,418.01
2023-04-27,2,4,467.07
2023-04-28,2,4,542.34
2023-04-29,2,4,528.94
2023-04-30,2,4,688.36
2023-05-01,2,4,381.31
2023-05-02,2,4,377.29
2023-05-03,2,4,485.65
2023-05-04,2,4,492.69
2023-05-05,2,4,488.44
2023-05-06,2,4,452.23
2023-05-07,2,4,524.41
2023-05-08,2,4,487.57
2023-05-09,2,4,436.99
2023-05-10,2,4,364.59
2023-05-11,2,4,464.76
2023-05-12,2,4,388.5
2023-05-13,2,4,718.46
2023-05-14,2,4,697.73
2023-05-15,2,4,475.54
2023-05-16,2,4,525.4
2023-05-17,2,4,440.86
2023-05-18,2,4,487.07
2023-05-19,2,4,534.1
2023-05-20,2,4,589.67
2023-05-21,2,4,547.32
2023-05-22,2,4,326.06
2023-05-23,2,4,432.89
2023-05-24,2,4,492.83
2023-05-25,2,4,501.2
2023-05-26,2,4,472.46
2023-05-27,2,4,524.98
2023-05-28,2,4,402.22
2023-05-29,2,4,407.41
2023-05-30,2,4,420.29
2023-05-31,2,4,420.0
2023-06-01,2,4,438.08
2023-06-02,2,4,520.64
2023-06-03,2,4,531.51
2023-06-04,2,4,505.21
2023-06-05,2,4,386.32
2023-06-06,2,4,409.71
2023-06-07,2,4,352.47
2023-06-08,2,4,410.0
2023-06-09,2,4,430.25
2023-06-10,2,4,540.74
2023-06-11,2,4,560.59
2023-06-12,2,4,430.07
2023-06-13,2,4,296.67
2023-06-14,2,4,442.95
2023-06-15,2,4,363.87
2023-06-16,2,4,338.31
2023-06-17,2,4,439.4
2023-06-18,2,4,561.27
2023-06-19,2,4,392.1
2023-06-20,2,4,303.5
2023-06-21,2,4,435.3
2023-06-22,2,4,318.67
2023-06-23,2,4,415.23
2023-06-24,2,4,547.99
2023-06-25,2,4,599.73
2023-06-26,2,4,516.4
2023-06-27,2,4,324.29
2023-06-28,2,4,404.82
2023-06-29,2,4,391.37
2023-06-30,2,4,435.14
2023-07-01,2,4,493.79
2023-07-02,2,4,453.32
2023-07-03,2,4,344.05
2023-07-04,2,4,306.91
2023-07-05,2,4,423.55
2023-07-06,2,4,394.55
2023-07-07,2,4,420.21
2023-07-08,2,4,458.11
2023-07-09,2,4,433.42
2023-07-10,2,4,310.22
2023-07-11,2,4,390.26
2023-07-12,2,4,312.76
2023-07-13,2,4,473.62
2023-07-14,2,4,298.26
2023-07-15,2,4,502.46
2023-07-16,2,4,596.47
2023-07-17,2,4,405.15
2023-07-18,2,4,381.79
2023-07-19,2,4,318.15
2023-07-20,2,4,295.26
2023-07-21,2,4,415.75
2023-07-22,2,4,594.35
2023-07-23,2,4,453.19
2023-07-24,2,4,309.61
2023-07-25,2,4,235.88
2023-07-26,2,4,318.88
2023-07-27,2,4,367.75
2023-07-28,2,4,464.16
2023-07-29,2,4,536.15
2023-07-30,2,4,509.59
2023-07-31,2,4,352.57
2023-08-01,2,4,314.63
2023-08-02,2,4,417.75
2023-08-03,2,4,355.62
2023-08-04,2,4,236.49
2023-08-05,2,4,403.96
2023-08-06,2,4,391.76
2023-08-07,2,4,317.74
2023-08-08,2,4,375.56
2023-08-09,2,4,340.95
2023-08-10,2,4,342.76
2023-08-11,2,4,415.34
2023-08-12,2,4,404.2
2023-08-13,2,4,577.93
2023-08-14,2,4,312.63
2023-08-15,2,4,352.5
2023-08-16,2,4,333.39
2023-08-17,2,4,354.73
2023-08-18,2,4,371.75
2023-08-19,2,4,482.84
2023-08-20,2,4,402.38
2023-08-21,2,4,290.35
2023-08-22,2,4,480.56
2023-08-23,2,4,324.22
2023-08-24,2,4,386.51
2023-08-25,2,4,265.63
2023-08-26,2,4,436.23
2023-08-27,2,4,446.92
2023-08-28,2,4,375.56
2023-08-29,2,4,207.61
2023-08-30,2,4,359.88
2023-08-31,2,4,290.75
2023-09-01,2,4,356.72
2023-09-02,2,4,373.71
2023-09-03,2,4,385.96
2023-09-04,2,4,326.82
2023-09-05,2,4,287.19
2023-09-06,2,4,316.89
2023-09-07,2,4,280.32
2023-09-08,2,4,247.71
2023-09-09,2,4,512.28
2023-09-10,2,4,358.25
2023-09-11,2,4,333.11
2023-09-12,2,4,381.18
2023-09-13,2,4,311.1
2023-09-14,2,4,300.48
2023-09-15,2,4,354.78
2023-09-16,2,4,521.2
2023-09-17,2,4,368.29
2023-09-18,2,4,336.03
2023-09-19,2,4,254.59
2023-09-20,2,4,323.89
2023-09-21,2,4,346.17
2023-09-22,2,4,300.44
2023-09-23,2,4,417.55
2023-09-24,2,4,353.8
2023-09-25,2,4,349.24
2023-09-26,2,4,400.17
2023-09-27,2,4,288.78
2023-09-28,2,4,313.58
2023-09-29,2,4,372.18
2023-09-30,2,4,532.05
2023-10-01,2,4,361.29
2023-10-02,2,4,349.27
2023-10-03,2,4,373.79
2023-10-04,2,4,353.29
2023-10-05,2,4,225.62
2023-10-06,2,4,386.22
2023-10-07,2,4,573.76
2023-10-08,2,4,475.73
2023-10-09,2,4,304.21
2023-10-10,2,4,332.38
2023-10-11,2,4,455.97
2023-10-12,2,4,409.74
2023-10-13,2,4,395.38
2023-10-14,2,4,494.34
2023-10-15,2,4,422.98
2023-10-16,2,4,350.53
2023-10-17,2,4,357.4
2023-10-18,2,4,391.67
2023-10-19,2,4,444.01
2023-10-20,2,4,423.05
2023-10-21,2,4,370.91
2023-10-22,2,4,487.37
2023-10-23,2,4,403.04
2023-10-24,2,4,396.86
2023-10-25,2,4,329.08
2023-10-26,2,4,522.52
2023-10-27,2,4,294.12
2023-10-28,2,4,396.35
2023-10-29,2,4,490.11
2023-10-30,2,4,480.19
2023-10-31,2,4,318.94
2023-11-01,2,4,381.37
2023-11-02,2,4,461.67
2023-11-03,2,4,396.62
2023-11-04,2,4,491.34
2023-11-05,2,4,561.53
2023-11-06,2,4,414.69
2023-11-07,2,4,460.26
2023-11-08,2,4,476.15
2023-11-09,2,4,417.49
2023-11-10,2,4,416.83
2023-11-11,2,4,536.15
2023-11-12,2,4,557.91
2023-11-13,2,4,403.38
2023-11-14,2,4,400.27
2023-11-15,2,4,472.44
2023-11-16,2,4,491.93
2023-11-17,2,4,310.34
2023-11-18,2,4,522.42
2023-11-19,2,4,468.02
2023-11-20,2,4,382.99
2023-11-21,2,4,426.24
2023-11-22,2,4,442.6
2023-11-23,2,4,395.68
2023-11-24,2,4,287.11
2023-11-25,2,4,447.98
2023-11-26,2,4,594.59
2023-11-27,2,4,237.58
2023-11-28,2,4,475.53
2023-11-29,2,4,435.45
2023-11-30,2,4,483.9
2023-12-01,2,4,435.9
2023-12-02,2,4,403.7
2023-12-03,2,4,622.5
2023-12-04,2,4,536.13
2023-12-05,2,4,512.8
2023-12-06,2,4,405.81
2023-12-07,2,4,456.73
2023-12-08,2,4,415.07
2023-12-09,2,4,514.7
2023-12-10,2,4,671.3
2023-12-11,2,4,370.74
2023-12-12,2,4,391.56
2023-12-13,2,4,377.52
2023-12-14,2,4,351.52
2023-12-15,2,4,462.93
2023-12-16,2,4,691.88
2023-12-17,2,4,573.21
2023-12-18,2,4,351.28
2023-12-19,2,4,511.24
2023-12-20,2,4,569.18
2023-12-21,2,4,410.5
2023-12-22,2,4,422.18
2023-12-23,2,4,637.39
2023-12-24,2,4,735.98
2023-12-25,2,4,420.1
2023-12-26,2,4,364.77
2023-12-27,2,4,499.36
2023-12-28,2,4,511.13
2023-12-29,2,4,457.1
2023-12-30,2,4,544.3
2023-12-31,2,4,683.03
2022-01-01,2,5,581.35
2022-01-02,2,5,624.95
2022-01-03,2,5,413.37
2022-01-04,2,5,512.2
2022-01-05,2,5,407.28
2022-01-06,2,5,473.74
2022-01-07,2,5,456.21
2022-01-08,2,5,671.51
2022-01-09,2,5,614.02
2022-01-10,2,5,459.84
2022-01-11,2,5,417.16
2022-01-12,2,5,477.22
2022-01-13,2,5,456.66
2022-01-14,2,5,413.57
2022-01-15,2,5,633.8
2022-01-16,2,5,653.43
2022-01-17,2,5,452.87
2022-01-18,2,5,544.29
2022-01-19,2,5,496.96
2022-01-20,2,5,386.35
2022-01-21,2,5,575.05
2022-01-22,2,5,694.97
2022-01-23,2,5,717.63
2022-01-24,2,5,509.23
2022-01-25,2,5,312.23
2022-01-26,2,5,560.2
2022-01-27,2,5,486.18
2022-01-28,2,5,507.81
2022-01-29,2,5,678.41
2022-01-30,2,5,810.59
2022-01-31,2,5,444.03
2022-02-01,2,5,476.05
2022-02-02,2,5,450.87
2022-02-03,2,5,434.32
2022-02-04,2,5,436.17
2022-02-05,2,5,486.69
2022-02-06,2,5,717.68
2022-02-07,2,5,674.21
2022-02-08,2,5,679.84
2022-02-09,2,5,453.83
2022-02-10,2,5,499.6
2022-02-11,2,5,617.81
2022-02-12,2,5,722.42
2022-02-13,2,5,692.77
2022-02-14,2,5,502.73
2022-02-15,2,5,615.87
2022-02-16,2,5,439.54
2022-02-17,2,5,562.19
2022-02-18,2,5,552.02
2022-02-19,2,5,687.42
2022-02-20,2,5,764.4
2022-02-21,2,5,529.03
2022-02-22,2,5,484.63
2022-02-23,2,5,534.69
2022-02-24,2,5,401.81
2022-02-25,2,5,576.93
2022-02-26,2,5,777.07
2022-02-27,2,5,620.4
2022-02-28,2,5,458.78
2022-03-01,2,5,492.06
2022-03-02,2,5,537.87
2022-03-03,2,5,561.11
2022-03-04,2,5,675.86
2022-03-05,2,5,866.02
2022-03-06,2,5,796.94
2022-03-07,2,5,555.48
2022-03-08,2,5,470.15
2022-03-09,2,5,684.3
2022-03-10,2,5,526.78
2022-03-11,2,5,570.72
2022-03-12,2,5,779.61
2022-03-13,2,5,719.82
2022-03-14,2,5,643.97
2022-03-15,2,5,587.21
2022-03-16,2,5,631.76
2022-03-17,2,5,587.64
2022-03-18,2,5,548.06
2022-03-19,2,5,725.2
2022-03-20,2,5,711.19
2022-03-21,2,5,446.25
2022-03-22,2,5,470.19
2022-03-23,2,5,615.27
2022-03-24,2,5,449.57
2022-03-25,2,5,521.14
2022-03-26,2,5,608.18
2022-03-27,2,5,672.94
2022-03-28,2,5,543.36
2022-03-29,2,5,522.9
2022-03-30,2,5,437.93
2022-03-31,2,5,542.33
2022-04-01,2,5,467.38
2022-04-02,2,5,642.5
2022-04-03,2,5,789.95
2022-04-04,2,5,625.85
2022-04-05,2,5,440.16
2022-04-06,2,5,677.44
2022-04-07,2,5,506.91
2022-04-08,2,5,499.88
2022-04-09,2,5,619.27
2022-04-10,2,5,721.53
2022-04-11,2,5,714.66
2022-04-12,2,5,424.06
2022-04-13,2,5,381.63
2022-04-14,2,5,574.66
2022-04-15,2,5,600.13
2022-04-16,2,5,725.12
2022-04-17,2,5,784.44
2022-04-18,2,5,460.34
2022-04-19,2,5,476.27
2022-04-20,2,5,565.74
2022-04-21,2,5,702.52
2022-04-22,2,5,603.21
2022-04-23,2,5,789.94
2022-04-24,2,5,607.94
2022-04-25,2,5,593.27
2022-04-26,2,5,459.4
2022-04-27,2,5,707.13
2022-04-28,2,5,474.51
2022-04-29,2,5,493.03
2022-04-30,2,5,567.57
2022-05-01,2,5,692.5
2022-05-02,2,5,529.85
2022-05-03,2,5,646.45
2022-05-04,2,5,588.75
2022-05-05,2,5,465.2
2022-05-06,2,5,597.48
2022-05-07,2,5,559.15
2022-05-08,2,5,613.84
2022-05-09,2,5,539.09
2022-05-10,2,5,440.14
2022-05-11,2,5,615.36
2022-05-12,2,5,712.67
2022-05-13,2,5,508.08
2022-05-14,2,5,624.03
2022-05-15,2,5,678.79
2022-05-16,2,5,488.41
2022-05-17,2,5,554.38
2022-05-18,2,5,428.0
2022-05-19,2,5,559.91
2022-05-20,2,5,688.23
2022-05-21,2,5,486.91
2022-05-22,2,5,574.42
2022-05-23,2,5,500.46
2022-05-24,2,5,580.35
2022-05-25,2,5,608.94
2022-05-26,2,5,602.99
2022-05-27,2,5,401.58
2022-05-28,2,5,629.36
2022-05-29,2,5,606.15
2022-05-30,2,5,534.27
2022-05-31,2,5,541.49
2022-06-01,2,5,390.43
2022-06-02,2,5,459.35
2022-06-03,2,5,535.06
2022-06-04,2,5,580.06
2022-06-05,2,5,621.72
2022-06-06,2,5,619.09
2022-06-07,2,5,641.34
2022-06-08,2,5,334.07
2022-06-09,2,5,503.21
2022-06-10,2,5,711.86
2022-06-11,2,5,690.58
2022-06-12,2,5,646.64
2022-06-13,2,5,594.23
2022-06-14,2,5,513.15
2022-06-15,2,5,550.22
2022-06-16,2,5,482.05
2022-06-17,2,5,513.38
2022-06-18,2,5,689.67
2022-06-19,2,5,732.97
2022-06-20,2,5,467.11
2022-06-21,2,5,465.48
2022-06-22,2,5,355.66
2022-06-23,2,5,471.66
2022-06-24,2,5,572.81
2022-06-25,2,5,697.38
2022-06-26,2,5,555.05
2022-06-27,2,5,358.96
2022-06-28,2,5,492.13
2022-06-29,2,5,573.04
2022-06-30,2,5,467.54
2022-07-01,2,5,355.4
2022-07-02,2,5,538.16
2022-07-03,2,5,619.77
2022-07-04,2,5,539.67
2022-07-05,2,5,437.75
2022-07-06,2,5,527.76
2022-07-07,2,5,520.62
2022-07-08,2,5,375.87
2022-07-09,2,5,705.27
2022-07-10,2,5,620.67
2022-07-11,2,5,374.76
2022-07-12,2,5,578.92
2022-07-13,2,5,449.72
2022-07-14,2,5,325.0
2022-07-15,2,5,410.48
2022-07-16,2,5,512.01
2022-07-17,2,5,536.71
2022-07-18,2,5,429.53
2022-07-19,2,5,442.87
2022-07-20,2,5,440.64
2022-07-21,2,5,454.67
2022-07-22,2,5,502.5
2022-07-23,2,5,533.57
2022-07-24,2,5,707.88
2022-07-25,2,5,377.88
2022-07-26,2,5,506.09
2022-07-27,2,5,578.03
2022-07-28,2,5,451.76
2022-07-29,2,5,477.98
2022-07-30,2,5,516.6
2022-07-31,2,5,558.41
2022-08-01,2,5,528.36
2022-08-02,2,5,476.19
2022-08-03,2,5,455.38
2022-08-04,2,5,304.17
2022-08-05,2,5,383.06
2022-08-06,2,5,704.06
2022-08-07,2,5,593.3
2022-08-08,2,5,464.81
2022-08-09,2,5,441.61
2022-08-10,2,5,391.32
2022-08-11,2,5,452.82
2022-08-12,2,5,332.58
2022-08-13,2,5,426.36
2022-08-14,2,5,500.08
2022-08-15,2,5,445.19
2022-08-16,2,5,331.1
2022-08-17,2,5,441.68
2022-08-18,2,5,369.06
2022-08-19,2,5,378.14
2022-08-20,2,5,674.93
2022-08-21,2,5,568.44
2022-08-22,2,5,376.19
2022-08-23,2,5,447.74
2022-08-24,2,5,339.8
2022-08-25,2,5,461.26
2022-08-26,2,5,509.11
2022-08-27,2,5,624.42
2022-08-28,2,5,752.49
2022-08-29,2,5,310.4
2022-08-30,2,5,446.35
2022-08-31,2,5,350.02
2022-09-01,2,5,413.47
2022-09-02,2,5,424.94
2022-09-03,2,5,741.76
2022-09-04,2,5,548.22
2022-09-05,2,5,420.85
2022-09-06,2,5,490.46
2022-09-07,2,5,423.17
2022-09-08,2,5,544.14
2022-09-09,2,5,470.14
2022-09-10,2,5,624.92
2022-09-11,2,5,400.45
2022-09-12,2,5,555.78
2022-09-13,2,5,386.39
2022-09-14,2,5,428.31
2022-09-15,2,5,387.25
2022-09-16,2,5,363.61
2022-09-17,2,5,458.16
2022-09-18,2,5,568.06
2022-09-19,2,5,303.4
2022-09-20,2,5,415.29
2022-09-21,2,5,499.76
2022-09-22,2,5,472.59
2022-09-23,2,5,460.03
2022-09-24,2,5,486.57
2022-09-25,2,5,428.67
2022-09-26,2,5,500.7
2022-09-27,2,5,404.19
2022-09-28,2,5,428.31
2022-09-29,2,5,421.19
2022-09-30,2,5,478.21
2022-10-01,2,5,745.59
2022-10-02,2,5,712.78
2022-10-03,2,5,292.58
2022-10-04,2,5,429.52
2022-10-05,2,5,359.67
2022-10-06,2,5,514.56
2022-10-07,2,5,451.69
2022-10-08,2,5,640.71
2022-10-09,2,5,553.02
2022-10-10,2,5,381.94
2022-10-11,2,5,393.85
2022-10-12,2,5,348.97
2022-10-13,2,5,367.57
2022-10-14,2,5,353.52
2022-10-15,2,5,498.78
2022-10-16,2,5,494.15
2022-10-17,2,5,481.84
2022-10-18,2,5,479.54
2022-10-19,2,5,482.52
2022-10-20,2,5,536.38
2022-10-21,2,5,451.0
2022-10-22,2,5,524.19
2022-10-23,2,5,791.29
2022-10-24,2,5,519.56
2022-10-25,2,5,468.23
2022-10-26,2,5,463.82
2022-10-27,2,5,478.4
2022-10-28,2,5,444.92
2022-10-29,2,5,608.42
2022-10-30,2,5,642.15
2022-10-31,2,5,409.77
2022-11-01,2,5,378.19
2022-11-02,2,5,345.28
2022-11-03,2,5,568.59
2022-11-04,2,5,382.92
2022-11-05,2,5,698.89
2022-11-06,2,5,540.58
2022-11-07,2,5,417.37
2022-11-08,2,5,449.42
2022-11-09,2,5,518.75
2022-11-10,2,5,406.95
2022-11-11,2,5,458.12
2022-11-12,2,5,654.25
2022-11-13,2,5,537.96
2022-11-14,2,5,614.39
2022-11-15,2,5,375.54
2022-11-16,2,5,490.17
2022-11-17,2,5,603.95
2022-11-18,2,5,406.7
2022-11-19,2,5,649.43
2022-11-20,2,5,673.95
2022-11-21,2,5,447.12
2022-11-22,2,5,503.15
2022-11-23,2,5,552.35
2022-11-24,2,5,474.11
2022-11-25,2,5,568.71
2022-11-26,2,5,702.88
2022-11-27,2,5,606.2
2022-11-28,2,5,597.85
2022-11-29,2,5,454.88
2022-11-30,2,5,577.89
2022-12-01,2,5,507.71
2022-12-02,2,5,542.88
2022-12-03,2,5,723.33
2022-12-04,2,5,779.66
2022-12-05,2,5,364.4
2022-12-06,2,5,610.87
2022-12-07,2,5,563.24
2022-12-08,2,5,596.99
2022-12-09,2,5,616.06
2022-12-10,2,5,789.33
2022-12-11,2,5,521.28
2022-12-12,2,5,482.78
2022-12-13,2,5,603.27
2022-12-14,2,5,592.24
2022-12-15,2,5,507.29
2022-12-16,2,5,639.59
2022-12-17,2,5,720.37
2022-12-18,2,5,849.35
2022-12-19,2,5,681.91
2022-12-20,2,5,601.69
2022-12-21,2,5,626.17
2022-12-22,2,5,525.64
2022-12-23,2,5,656.33
2022-12-24,2,5,777.71
2022-12-25,2,5,720.31
2022-12-26,2,5,474.08
2022-12-27,2,5,538.29
2022-12-28,2,5,484.3
2022-12-29,2,5,647.83
2022-12-30,2,5,688.36
2022-12-31,2,5,860.99
2023-01-01,2,5,1143.99
2023-01-02,2,5,597.14
2023-01-03,2,5,699.35
2023-01-04,2,5,528.55
2023-01-05,2,5,623.83
2023-01-06,2,5,500.76
2023-01-07,2,5,908.26
2023-01-08,2,5,792.87
2023-01-09,2,5,446.03
2023-01-10,2,5,578.9
2023-01-11,2,5,819.33
2023-01-12,2,5,685.92
2023-01-13,2,5,721.2
2023-01-14,2,5,857.04
2023-01-15,2,5,818.88
2023-01-16,2,5,649.53
2023-01-17,2,5,672.36
2023-01-18,2,5,542.2
2023-01-19,2,5,723.76
2023-01-20,2,5,759.25
2023-01-21,2,5,820.54
2023-01-22,2,5,779.7
2023-01-23,2,5,578.82
2023-01-24,2,5,823.76
2023-01-25,2,5,607.99
2023-01-26,2,5,716.67
2023-01-27,2,5,634.61
2023-01-28,2,5,818.69
2023-01-29,2,5,752.81
2023-01-30,2,5,559.32
2023-01-31,2,5,727.76
2023-02-01,2,5,595.02
2023-02-02,2,5,748.19
2023-02-03,2,5,709.67
2023-02-04,2,5,1013.68
2023-02-05,2,5,828.11
2023-02-06,2,5,815.34
2023-02-07,2,5,687.29
2023-02-08,2,5,975.82
2023-02-09,2,5,532.91
2023-02-10,2,5,960.03
2023-02-11,2,5,898.06
2023-02-12,2,5,946.68
2023-02-13,2,5,641.24
2023-02-14,2,5,539.6
2023-02-15,2,5,650.19
2023-02-16,2,5,667.9
2023-02-17,2,5,726.56
2023-02-18,2,5,1074.68
2023-02-19,2,5,946.96
2023-02-20,2,5,730.79
2023-02-21,2,5,750.06
2023-02-22,2,5,522.86
2023-02-23,2,5,533.07
2023-02-24,2,5,551.09
2023-02-25,2,5,872.76
2023-02-26,2,5,665.43
2023-02-27,2,5,638.49
2023-02-28,2,5,566.41
2023-03-01,2,5,782.83
2023-03-02,2,5,777.9
2023-03-03,2,5,697.55
2023-03-04,2,5,679.47
2023-03-05,2,5,917.14
2023-03-06,2,5,768.11
2023-03-07,2,5,821.62
2023-03-08,2,5,925.85
2023-03-09,2,5,856.64
2023-03-10,2,5,752.22
2023-03-11,2,5,914.1
2023-03-12,2,5,849.13
2023-03-13,2,5,885.2
2023-03-14,2,5,754.52
2023-03-15,2,5,806.31
2023-03-16,2,5,671.89
2023-03-17,2,5,600.36
2023-03-18,2,5,902.0
2023-03-19,2,5,916.66
2023-03-20,2,5,760.46
2023-03-21,2,5,657.89
2023-03-22,2,5,742.99
2023-03-23,2,5,871.59
2023-03-24,2,5,555.24
2023-03-25,2,5,658.09
2023-03-26,2,5,1145.29
2023-03-27,2,5,579.71
2023-03-28,2,5,700.92
2023-03-29,2,5,811.7
2023-03-30,2,5,737.71
2023-03-31,2,5,736.64
2023-04-01,2,5,957.6
2023-04-02,2,5,1306.11
2023-04-03,2,5,924.6
2023-04-04,2,5,654.22
2023-04-05,2,5,845.89
2023-04-06,2,5,786.65
2023-04-07,2,5,729.57
2023-04-08,2,5,822.24
2023-04-09,2,5,1017.01
2023-04-10,2,5,699.55
2023-04-11,2,5,691.94
2023-04-12,2,5,649.73
2023-04-13,2,5,844.9
2023-04-14,2,5,650.55
2023-04-15,2,5,847.16
2023-04-16,2,5,1068.76
2023-04-17,2,5,720.77
2023-04-18,2,5,724.23
2023-04-19,2,5,852.01
2023-04-20,2,5,883.69
2023-04-21,2,5,502.94
2023-04-22,2,5,942.42
2023-04-23,2,5,758.21
2023-04-24,2,5,697.27
2023-04-25,2,5,739.97
2023-04-26,2,5,701.77
2023-04-27,2,5,627.65
2023-04-28,2,5,622.43
2023-04-29,2,5,1070.97
2023-04-30,2,5,1188.63
2023-05-01,2,5,481.8
2023-05-02,2,5,663.5
2023-05-03,2,5,774.92
2023-05-04,2,5,695.31
2023-05-05,2,5,582.4
2023-05-06,2,5,844.38
2023-05-07,2,5,951.43
2023-05-08,2,5,668.32
2023-05-09,2,5,696.03
2023-05-10,2,5,699.53
2023-05-11,2,5,646.81
2023-05-12,2,5,788.53
2023-05-13,2,5,848.39
2023-05-14,2,5,776.53
2023-05-15,2,5,939.31
2023-05-16,2,5,696.14
2023-05-17,2,5,429.94
2023-05-18,2,5,838.05
2023-05-19,2,5,838.27
2023-05-20,2,5,981.08
2023-05-21,2,5,1005.77
2023-05-22,2,5,936.28
2023-05-23,2,5,605.45
2023-05-24,2,5,722.27
2023-05-25,2,5,917.95
2023-05-26,2,5,941.09
2023-05-27,2,5,871.74
2023-05-28,2,5,1201.3
2023-05-29,2,5,796.0
2023-05-30,2,5,870.39
2023-05-31,2,5,793.56
2023-06-01,2,5,676.81
2023-06-02,2,5,862.2
2023-06-03,2,5,775.62
2023-06-04,2,5,1083.51
2023-06-05,2,5,849.44
2023-06-06,2,5,782.05
2023-06-07,2,5,642.73
2023-06-08,2,5,673.99
2023-06-09,2,5,526.17
2023-06-10,2,5,788.85
2023-06-11,2,5,925.71
2023-06-12,2,5,512.35
2023-06-13,2,5,623.14
2023-06-14,2,5,843.12
2023-06-15,2,5,638.01
2023-06-16,2,5,754.9
2023-06-17,2,5,922.43
2023-06-18,2,5,811.48
2023-06-19,2,5,639.61
2023-06-20,2,5,671.67
2023-06-21,2,5,453.97
2023-06-22,2,5,749.33
2023-06-23,2,5,644.89
2023-06-24,2,5,979.87
2023-06-25,2,5,904.39
2023-06-26,2,5,641.79
2023-06-27,2,5,677.77
2023-06-28,2,5,678.54
2023-06-29,2,5,805.06
2023-06-30,2,5,665.74
2023-07-01,2,5,805.54
2023-07-02,2,5,626.41
2023-07-03,2,5,590.54
2023-07-04,2,5,724.95
2023-07-05,2,5,633.81
2023-07-06,2,5,499.27
2023-07-07,2,5,509.18
2023-07-08,2,5,689.39
2023-07-09,2,5,892.54
2023-07-10,2,5,675.98
2023-07-11,2,5,288.06
2023-07-12,2,5,590.89
2023-07-13,2,5,611.84
2023-07-14,2,5,512.52
2023-07-15,2,5,733.52
2023-07-16,2,5,935.31
2023-07-17,2,5,636.92
2023-07-18,2,5,555.5
2023-07-19,2,5,584.0
2023-07-20,2,5,580.72
2023-07-21,2,5,627.1
2023-07-22,2,5,614.8
2023-07-23,2,5,704.47
2023-07-24,2,5,696.43
2023-07-25,2,5,596.63
2023-07-26,2,5,526.63
2023-07-27,2,5,530.7
2023-07-28,2,5,669.69
2023-07-29,2,5,725.09
2023-07-30,2,5,846.93
2023-07-31,2,5,548.56
2023-08-01,2,5,462.26
2023-08-02,2,5,577.37
2023-08-03,2,5,549.16
2023-08-04,2,5,614.97
2023-08-05,2,5,821.62
2023-08-06,2,5,686.9
2023-08-07,2,5,587.96
2023-08-08,2,5,526.46
2023-08-09,2,5,612.59
2023-08-10,2,5,579.37
2023-08-11,2,5,507.71
2023-08-12,2,5,651.29
2023-08-13,2,5,758.47
2023-08-14,2,5,659.02
2023-08-15,2,5,637.46
2023-08-16,2,5,482.41
2023-08-17,2,5,491.59
2023-08-18,2,5,504.33
2023-08-19,2,5,666.35
2023-08-20,2,5,532.75
2023-08-21,2,5,630.46
2023-08-22,2,5,525.44
2023-08-23,2,5,603.48
2023-08-24,2,5,537.97
2023-08-25,2,5,563.12
2023-08-26,2,5,659.5
2023-08-27,2,5,732.39
2023-08-28,2,5,492.14
2023-08-29,2,5,564.71
2023-08-30,2,5,690.74
2023-08-31,2,5,611.48
2023-09-01,2,5,573.12
2023-09-02,2,5,572.93
2023-09-03,2,5,775.6
2023-09-04,2,5,605.01
2023-09-05,2,5,572.67
2023-09-06,2,5,568.56
2023-09-07,2,5,539.61
2023-09-08,2,5,605.26
2023-09-09,2,5,867.78
2023-09-10,2,5,753.48
2023-09-11,2,5,472.02
2023-09-12,2,5,478.66
2023-09-13,2,5,613.51
2023-09-14,2,5,473.57
2023-09-15,2,5,570.63
2023-09-16,2,5,683.2
2023-09-17,2,5,605.03
2023-09-18,2,5,624.23
2023-09-19,2,5,614.16
2023-09-20,2,5,442.65
2023-09-21,2,5,596.13
2023-09-22,2,5,584.3
2023-09-23,2,5,814.56
2023-09-24,2,5,742.22
2023-09-25,2,5,676.63
2023-09-26,2,5,547.09
2023-09-27,2,5,535.25
2023-09-28,2,5,476.72
2023-09-29,2,5,480.44
2023-09-30,2,5,615.08
2023-10-01,2,5,776.19
2023-10-02,2,5,555.13
2023-10-03,2,5,607.55
2023-10-04,2,5,474.13
2023-10-05,2,5,505.15
2023-10-06,2,5,504.0
2023-10-07,2,5,999.77
2023-10-08,2,5,736.02
2023-10-09,2,5,575.17
2023-10-10,2,5,574.55
2023-10-11,2,5,717.14
2023-10-12,2,5,441.16
2023-10-13,2,5,577.13
2023-10-14,2,5,573.14
2023-10-15,2,5,487.41
2023-10-16,2,5,519.17
2023-10-17,2,5,619.87
2023-10-18,2,5,514.23
2023-10-19,2,5,619.18
2023-10-20,2,5,594.18
2023-10-21,2,5,744.88
2023-10-22,2,5,905.64
2023-10-23,2,5,533.51
2023-10-24,2,5,619.72
2023-10-25,2,5,427.95
2023-10-26,2,5,595.65
2023-10-27,2,5,564.65
2023-10-28,2,5,628.48
2023-10-29,2,5,810.11
2023-10-30,2,5,523.15
2023-10-31,2,5,741.68
2023-11-01,2,5,407.13
2023-11-02,2,5,665.5
2023-11-03,2,5,646.11
2023-11-04,2,5,799.91
2023-11-05,2,5,769.26
2023-11-06,2,5,649.77
2023-11-07,2,5,746.07
2023-11-08,2,5,482.4
2023-11-09,2,5,566.41
2023-11-10,2,5,543.12
2023-11-11,2,5,700.56
2023-11-12,2,5,882.23
2023-11-13,2,5,702.93
2023-11-14,2,5,749.47
2023-11-15,2,5,705.29
2023-11-16,2,5,713.58
2023-11-17,2,5,510.28
2023-11-18,2,5,1029.48
2023-11-19,2,5,816.07
2023-11-20,2,5,749.02
2023-11-21,2,5,514.96
2023-11-22,2,5,625.78
2023-11-23,2,5,741.58
2023-11-24,2,5,652.79
2023-11-25,2,5,749.95
2023-11-26,2,5,1012.31
2023-11-27,2,5,536.79
2023-11-28,2,5,649.6
2023-11-29,2,5,714.59
2023-11-30,2,5,857.44
2023-12-01,2,5,675.42
2023-12-02,2,5,904.3
2023-12-03,2,5,881.01
2023-12-04,2,5,752.55
2023-12-05,2,5,791.1
2023-12-06,2,5,846.71
2023-12-07,2,5,810.39
2023-12-08,2,5,673.94
2023-12-09,2,5,1062.88
2023-12-10,2,5,960.88
2023-12-11,2,5,811.1
2023-12-12,2,5,817.83
2023-12-13,2,5,909.0
2023-12-14,2,5,691.96
2023-12-15,2,5,671.42
2023-12-16,2,5,1014.99
2023-12-17,2,5,1120.56
2023-12-18,2,5,738.92
2023-12-19,2,5,870.14
2023-12-20,2,5,809.3
2023-12-21,2,5,711.67
2023-12-22,2,5,796.29
2023-12-23,2,5,892.78
2023-12-24,2,5,989.83
2023-12-25,2,5,617.13
2023-12-26,2,5,728.43
2023-12-27,2,5,846.8
2023-12-28,2,5,821.59
2023-12-29,2,5,805.89
2023-12-30,2,5,1000.31
2023-12-31,2,5,982.52
2022-01-01,2,6,283.72
2022-01-02,2,6,292.06
2022-01-03,2,6,192.83
2022-01-04,2,6,249.04
2022-01-05,2,6,252.32
2022-01-06,2,6,283.42
2022-01-07,2,6,269.67
2022-01-08,2,6,300.29
2022-01-09,2,6,258.51
2022-01-10,2,6,257.48
2022-01-11,2,6,282.34
2022-01-12,2,6,269.7
2022-01-13,2,6,281.95
2022-01-14,2,6,235.02
2022-01-15,2,6,293.76
2022-01-16,2,6,281.23
2022-01-17,2,6,241.42
2022-01-18,2,6,240.82
2022-01-19,2,6,251.5
2022-01-20,2,6,239.44
2022-01-21,2,6,239.52
2022-01-22,2,6,281.0
2022-01-23,2,6,363.33
2022-01-24,2,6,247.95
2022-01-25,2,6,238.95
2022-01-26,2,6,218.08
2022-01-27,2,6,196.73
2022-01-28,2,6,294.37
2022-01-29,2,6,346.87
2022-01-30,2,6,242.46
2022-01-31,2,6,275.06
2022-02-01,2,6,299.95
2022-02-02,2,6,268.67
2022-02-03,2,6,327.29
2022-02-04,2,6,272.85
2022-02-05,2,6,270.79
2022-02-06,2,6,363.05
2022-02-07,2,6,274.76
2022-02-08,2,6,241.27
2022-02-09,2,6,288.38
2022-02-10,2,6,199.3
2022-02-11,2,6,305.58
2022-02-12,2,6,300.59
2022-02-13,2,6,295.33
2022-02-14,2,6,262.26
2022-02-15,2,6,284.42
2022-02-16,2,6,273.9
2022-02-17,2,6,237.77
2022-02-18,2,6,247.5
2022-02-19,2,6,289.29
2022-02-20,2,6,337.1
2022-02-21,2,6,311.92
2022-02-22,2,6,268.69
2022-02-23,2,6,303.81
2022-02-24,2,6,328.18
2022-02-25,2,6,245.84
2022-02-26,2,6,341.03
2022-02-27,2,6,465.55
2022-02-28,2,6,328.97
2022-03-01,2,6,207.38
2022-03-02,2,6,293.18
2022-03-03,2,6,277.38
2022-03-04,2,6,312.03
2022-03-05,2,6,320.87
2022-03-06,2,6,316.04
2022-03-07,2,6,250.17
2022-03-08,2,6,254.75
2022-03-09,2,6,313.03
2022-03-10,2,6,229.72
2022-03-11,2,6,253.35
2022-03-12,2,6,266.04
2022-03-13,2,6,418.94
2022-03-14,2,6,333.65
2022-03-15,2,6,266.73
2022-03-16,2,6,268.2
2022-03-17,2,6,300.12
2022-03-18,2,6,343.48
2022-03-19,2,6,388.43
2022-03-20,2,6,328.01
2022-03-21,2,6,213.57
2022-03-22,2,6,235.1
2022-03-23,2,6,285.68
2022-03-24,2,6,255.04
2022-03-25,2,6,291.38
2022-03-26,2,6,337.82
2022-03-27,2,6,310.19
2022-03-28,2,6,233.77
2022-03-29,2,6,350.74
2022-03-30,2,6,322.34
2022-03-31,2,6,358.57
2022-04-01,2,6,301.13
2022-04-02,2,6,339.1
2022-04-03,2,6,434.82
2022-04-04,2,6,277.95
2022-04-05,2,6,288.86
2022-04-06,2,6,278.05
2022-04-07,2,6,156.29
2022-04-08,2,6,347.85
2022-04-09,2,6,391.67
2022-04-10,2,6,383.2
2022-04-11,2,6,278.52
2022-04-12,2,6,288.28
2022-04-13,2,6,256.41
2022-04-14,2,6,307.96
2022-04-15,2,6,226.83
2022-04-16,2,6,377.37
2022-04-17,2,6,398.41
2022-04-18,2,6,274.48
2022-04-19,2,6,298.92
2022-04-20,2,6,241.28
2022-04-21,2,6,242.58
2022-04-22,2,6,294.02
2022-04-23,2,6,407.06
2022-04-24,2,6,265.79
2022-04-25,2,6,307.0
2022-04-26,2,6,261.74
2022-04-27,2,6,276.97
2022-04-28,2,6,228.11
2022-04-29,2,6,249.23
2022-04-30,2,6,425.65
2022-05-01,2,6,350.61
2022-05-02,2,6,253.19
2022-05-03,2,6,264.16
2022-05-04,2,6,288.84
2022-05-05,2,6,287.13
2022-05-06,2,6,266.54
2022-05-07,2,6,408.26
2022-05-08,2,6,402.18
2022-05-09,2,6,287.05
2022-05-10,2,6,272.75
2022-05-11,2,6,297.47
2022-05-12,2,6,283.79
2022-05-13,2,6,314.41
2022-05-14,2,6,400.56
2022-05-15,2,6,299.3
2022-05-16,2,6,227.67
2022-05-17,2,6,243.58
2022-05-18,2,6,312.34
2022-05-19,2,6,208.21
2022-05-20,2,6,289.09
2022-05-21,2,6,374.43
2022-05-22,2,6,417.42
2022-05-23,2,6,281.05
2022-05-24,2,6,218.71
2022-05-25,2,6,234.68
2022-05-26,2,6,225.72
2022-05-27,2,6,252.45
2022-05-28,2,6,347.5
2022-05-29,2,6,295.1
2022-05-30,2,6,336.06
2022-05-31,2,6,220.79
2022-06-01,2,6,301.36
2022-06-02,2,6,295.56
2022-06-03,2,6,285.01
2022-06-04,2,6,292.79
2022-06-05,2,6,343.89
2022-06-06,2,6,203.57
2022-06-07,2,6,286.48
2022-06-08,2,6,249.46
2022-06-09,2,6,236.97
2022-06-10,2,6,206.31
2022-06-11,2,6,206.6
2022-06-12,2,6,277.8
2022-06-13,2,6,295.64
2022-06-14,2,6,238.24
2022-06-15,2,6,247.34
2022-06-16,2,6,278.98
2022-06-17,2,6,323.07
2022-06-18,2,6,396.51
2022-06-19,2,6,282.77
2022-06-20,2,6,180.61
2022-06-21,2,6,345.38
2022-06-22,2,6,342.2
2022-06-23,2,6,262.75
2022-06-24,2,6,207.01
2022-06-25,2,6,380.83
2022-06-26,2,6,327.64
2022-06-27,2,6,252.05
2022-06-28,2,6,291.04
2022-06-29,2,6,269.71
2022-06-30,2,6,211.33
2022-07-01,2,6,220.26
2022-07-02,2,6,331.13
2022-07-03,2,6,324.59
2022-07-04,2,6,241.25
2022-07-05,2,6,264.85
2022-07-06,2,6,219.91
2022-07-07,2,6,238.95
2022-07-08,2,6,114.98
2022-07-09,2,6,282.6
2022-07-10,2,6,338.05
2022-07-11,2,6,219.83
2022-07-12,2,6,217.35
2022-07-13,2,6,197.36
2022-07-14,2,6,269.32
2022-07-15,2,6,253.56
2022-07-16,2,6,342.57
2022-07-17,2,6,226.09
2022-07-18,2,6,229.22
2022-07-19,2,6,225.19
2022-07-20,2,6,225.36
2022-07-21,2,6,213.7
2022-07-22,2,6,223.42
2022-07-23,2,6,345.69
2022-07-24,2,6,218.82
2022-07-25,2,6,299.23
2022-07-26,2,6,253.6
2022-07-27,2,6,235.14
2022-07-28,2,6,269.05
2022-07-29,2,6,185.41
2022-07-30,2,6,277.65
2022-07-31,2,6,303.04
2022-08-01,2,6,263.0
2022-08-02,2,6,216.95
2022-08-03,2,6,233.41
2022-08-04,2,6,199.48
2022-08-05,2,6,235.0
2022-08-06,2,6,356.64
2022-08-07,2,6,327.77
2022-08-08,2,6,216.87
2022-08-09,2,6,242.0
2022-08-10,2,6,238.96
2022-08-11,2,6,236.82
2022-08-12,2,6,257.01
2022-08-13,2,6,334.07
2022-08-14,2,6,281.35
2022-08-15,2,6,242.07
2022-08-16,2,6,208.29
2022-08-17,2,6,190.55
2022-08-18,2,6,212.4
2022-08-19,2,6,219.0
2022-08-20,2,6,216.39
2022-08-21,2,6,325.69
2022-08-22,2,6,129.89
2022-08-23,2,6,312.76
2022-08-24,2,6,272.54
2022-08-25,2,6,213.9
2022-08-26,2,6,223.11
2022-08-27,2,6,303.04
2022-08-28,2,6,264.46
2022-08-29,2,6,229.79
2022-08-30,2,6,218.69
2022-08-31,2,6,220.53
2022-09-01,2,6,222.52
2022-09-02,2,6,174.08
2022-09-03,2,6,283.73
2022-09-04,2,6,289.21
2022-09-05,2,6,221.52
2022-09-06,2,6,210.45
2022-09-07,2,6,254.82
2022-09-08,2,6,206.28
2022-09-09,2,6,225.45
2022-09-10,2,6,338.84
2022-09-11,2,6,280.49
2022-09-12,2,6,225.57
2022-09-13,2,6,215.55
2022-09-14,2,6,259.51
2022-09-15,2,6,210.59
2022-09-16,2,6,261.44
2022-09-17,2,6,280.8
2022-09-18,2,6,248.66
2022-09-19,2,6,242.15
2022-09-20,2,6,209.88
2022-09-21,2,6,240.59
2022-09-22,2,6,130.09
2022-09-23,2,6,220.63
2022-09-24,2,6,267.04
2022-09-25,2,6,241.26
2022-09-26,2,6,202.64
2022-09-27,2,6,202.12
2022-09-28,2,6,219.73
2022-09-29,2,6,176.07
2022-09-30,2,6,232.19
2022-10-01,2,6,359.14
2022-10-02,2,6,310.86
2022-10-03,2,6,257.5
2022-10-04,2,6,267.55
2022-10-05,2,6,272.66
2022-10-06,2,6,294.75
2022-10-07,2,6,213.11
2022-10-08,2,6,267.4
2022-10-09,2,6,335.18
2022-10-10,2,6,255.43
2022-10-11,2,6,257.96
2022-10-12,2,6,296.8
2022-10-13,2,6,231.83
2022-10-14,2,6,246.42
2022-10-15,2,6,257.02
2022-10-16,2,6,398.17
2022-10-17,2,6,220.44
2022-10-18,2,6,221.6
2022-10-19,2,6,220.43
2022-10-20,2,6,210.19
2022-10-21,2,6,207.4
2022-10-22,2,6,279.18
2022-10-23,2,6,241.09
2022-10-24,2,6,205.92
2022-10-25,2,6,301.89
2022-10-26,2,6,259.58
2022-10-27,2,6,266.45
2022-10-28,2,6,275.49
2022-10-29,2,6,388.42
2022-10-30,2,6,223.85
2022-10-31,2,6,191.39
2022-11-01,2,6,224.83
2022-11-02,2,6,237.82
2022-11-03,2,6,244.5
2022-11-04,2,6,239.06
2022-11-05,2,6,344.34
2022-11-06,2,6,335.39
2022-11-07,2,6,228.98
2022-11-08,2,6,173.15
2022-11-09,2,6,218.92
2022-11-10,2,6,236.21
2022-11-11,2,6,248.07
2022-11-12,2,6,278.36
2022-11-13,2,6,310.72
2022-11-14,2,6,214.4
2022-11-15,2,6,253.52
2022-11-16,2,6,216.97
2022-11-17,2,6,225.84
2022-11-18,2,6,208.15
2022-11-19,2,6,329.18
2022-11-20,2,6,293.37
2022-11-21,2,6,294.88
2022-11-22,2,6,275.59
2022-11-23,2,6,257.24
2022-11-24,2,6,229.04
2022-11-25,2,6,275.22
2022-11-26,2,6,373.82
2022-11-27,2,6,346.23
2022-11-28,2,6,323.72
2022-11-29,2,6,279.15
2022-11-30,2,6,297.16
2022-12-01,2,6,296.42
2022-12-02,2,6,320.29
2022-12-03,2,6,333.12
2022-12-04,2,6,352.59
2022-12-05,2,6,306.74
2022-12-06,2,6,306.65
2022-12-07,2,6,314.13
2022-12-08,2,6,340.34
2022-12-09,2,6,229.85
2022-12-10,2,6,324.73
2022-12-11,2,6,393.71
2022-12-12,2,6,261.16
2022-12-13,2,6,441.77
2022-12-14,2,6,316.13
2022-12-15,2,6,290.2
2022-12-16,2,6,271.14
2022-12-17,2,6,354.77
2022-12-18,2,6,384.32
2022-12-19,2,6,299.47
2022-12-20,2,6,274.55
2022-12-21,2,6,282.87
2022-12-22,2,6,354.69
2022-12-23,2,6,356.73
2022-12-24,2,6,398.82
2022-12-25,2,6,307.2
2022-12-26,2,6,319.96
2022-12-27,2,6,365.33
2022-12-28,2,6,357.4
2022-12-29,2,6,329.38
2022-12-30,2,6,360.26
2022-12-31,2,6,389.36
2023-01-01,2,6,465.27
2023-01-02,2,6,293.9
2023-01-03,2,6,341.92
2023-01-04,2,6,393.18
2023-01-05,2,6,299.04
2023-01-06,2,6,285.86
2023-01-07,2,6,433.32
2023-01-08,2,6,412.86
2023-01-09,2,6,361.04
2023-01-10,2,6,306.86
2023-01-11,2,6,414.41
2023-01-12,2,6,265.94
2023-01-13,2,6,392.01
2023-01-14,2,6,380.01
2023-01-15,2,6,313.85
2023-01-16,2,6,342.48
2023-01-17,2,6,318.28
2023-01-18,2,6,276.04
2023-01-19,2,6,247.82
2023-01-20,2,6,331.22
2023-01-21,2,6,494.59
2023-01-22,2,6,469.64
2023-01-23,2,6,335.18
2023-01-24,2,6,356.49
2023-01-25,2,6,331.48
2023-01-26,2,6,261.64
2023-01-27,2,6,262.27
2023-01-28,2,6,420.41
2023-01-29,2,6,423.48
2023-01-30,2,6,376.67
2023-01-31,2,6,372.25
2023-02-01,2,6,389.16
2023-02-02,2,6,342.02
2023-02-03,2,6,283.29
2023-02-04,2,6,493.53
2023-02-05,2,6,501.78
2023-02-06,2,6,229.77
2023-02-07,2,6,313.47
2023-02-08,2,6,321.4
2023-02-09,2,6,365.19
2023-02-10,2,6,315.81
2023-02-11,2,6,464.46
2023-02-12,2,6,452.7
2023-02-13,2,6,351.25
2023-02-14,2,6,321.4
2023-02-15,2,6,325.81
2023-02-16,2,6,302.18
2023-02-17,2,6,381.44
2023-02-18,2,6,509.67
2023-02-19,2,6,415.48
2023-02-20,2,6,444.12
2023-02-21,2,6,344.81
2023-02-22,2,6,445.26
2023-02-23,2,6,327.49
2023-02-24,2,6,252.41
2023-02-25,2,6,500.24
2023-02-26,2,6,489.71
2023-02-27,2,6,365.29
2023-02-28,2,6,328.64
2023-03-01,2,6,370.31
2023-03-02,2,6,343.94
2023-03-03,2,6,355.86
2023-03-04,2,6,546.16
2023-03-05,2,6,498.68
2023-03-06,2,6,407.73
2023-03-07,2,6,360.81
2023-03-08,2,6,354.88
2023-03-09,2,6,309.57
2023-03-10,2,6,353.8
2023-03-11,2,6,244.55
2023-03-12,2,6,444.48
2023-03-13,2,6,370.77
2023-03-14,2,6,407.4
2023-03-15,2,6,360.75
2023-03-16,2,6,395.78
2023-03-17,2,6,253.35
2023-03-18,2,6,485.52
2023-03-19,2,6,366.58
2023-03-20,2,6,308.84
2023-03-21,2,6,366.87
2023-03-22,2,6,450.05
2023-03-23,2,6,399.04
2023-03-24,2,6,379.29
2023-03-25,2,6,490.63
2023-03-26,2,6,439.7
2023-03-27,2,6,348.11
2023-03-28,2,6,403.62
2023-03-29,2,6,300.69
2023-03-30,2,6,413.61
2023-03-31,2,6,357.94
2023-04-01,2,6,543.27
2023-04-02,2,6,553.48
2023-04-03,2,6,278.92
2023-04-04,2,6,340.11
2023-04-05,2,6,325.03
2023-04-06,2,6,271.67
2023-04-07,2,6,315.56
2023-04-08,2,6,663.61
2023-04-09,2,6,530.51
2023-04-10,2,6,481.76
2023-04-11,2,6,420.97
2023-04-12,2,6,332.97
2023-04-13,2,6,353.45
2023-04-14,2,6,408.29
2023-04-15,2,6,520.09
2023-04-16,2,6,446.1
2023-04-17,2,6,290.79
2023-04-18,2,6,561.73
2023-04-19,2,6,368.48
2023-04-20,2,6,358.3
2023-04-21,2,6,383.37
2023-04-22,2,6,472.53
2023-04-23,2,6,499.75
2023-04-24,2,6,450.65
2023-04-25,2,6,370.93
2023-04-26,2,6,312.27
2023-04-27,2,6,369.32
2023-04-28,2,6,352.37
2023-04-29,2,6,597.95
2023-04-30,2,6,579.66
2023-05-01,2,6,361.58
2023-05-02,2,6,287.78
2023-05-03,2,6,290.8
2023-05-04,2,6,357.37
2023-05-05,2,6,374.8
2023-05-06,2,6,438.07
2023-05-07,2,6,431.01
2023-05-08,2,6,325.73
2023-05-09,2,6,356.5
2023-05-10,2,6,230.04
2023-05-11,2,6,299.06
2023-05-12,2,6,324.76
2023-05-13,2,6,550.79
2023-05-14,2,6,409.68
2023-05-15,2,6,368.92
2023-05-16,2,6,371.65
2023-05-17,2,6,429.7
2023-05-18,2,6,428.08
2023-05-19,2,6,357.05
2023-05-20,2,6,435.09
2023-05-21,2,6,422.14
2023-05-22,2,6,347.82
2023-05-23,2,6,337.6
2023-05-24,2,6,391.36
2023-05-25,2,6,384.39
2023-05-26,2,6,393.95
2023-05-27,2,6,559.6
2023-05-28,2,6,602.61
2023-05-29,2,6,369.33
2023-05-30,2,6,422.62
2023-05-31,2,6,343.88
2023-06-01,2,6,388.94
2023-06-02,2,6,383.08
2023-06-03,2,6,494.91
2023-06-04,2,6,436.24
2023-06-05,2,6,297.92
2023-06-06,2,6,262.02
2023-06-07,2,6,329.56
2023-06-08,2,6,408.06
2023-06-09,2,6,316.56
2023-06-10,2,6,482.73
2023-06-11,2,6,486.86
2023-06-12,2,6,318.49
2023-06-13,2,6,398.58
2023-06-14,2,6,187.75
2023-06-15,2,6,272.16
2023-06-16,2,6,287.71
2023-06-17,2,6,380.5
2023-06-18,2,6,456.03
2023-06-19,2,6,348.7
2023-06-20,2,6,354.14
2023-06-21,2,6,364.52
2023-06-22,2,6,287.1
2023-06-23,2,6,273.82
2023-06-24,2,6,461.74
2023-06-25,2,6,394.89
2023-06-26,2,6,256.61
2023-06-27,2,6,384.85
2023-06-28,2,6,406.46
2023-06-29,2,6,414.9
2023-06-30,2,6,346.0
2023-07-01,2,6,431.03
2023-07-02,2,6,475.3
2023-07-03,2,6,274.29
2023-07-04,2,6,354.28
2023-07-05,2,6,316.44
2023-07-06,2,6,345.76
2023-07-07,2,6,312.77
2023-07-08,2,6,472.78
2023-07-09,2,6,409.35
2023-07-10,2,6,237.0
2023-07-11,2,6,371.5
2023-07-12,2,6,261.87
2023-07-13,2,6,362.87
2023-07-14,2,6,301.51
2023-07-15,2,6,467.74
2023-07-16,2,6,465.58
2023-07-17,2,6,326.0
2023-07-18,2,6,329.81
2023-07-19,2,6,326.07
2023-07-20,2,6,214.14
2023-07-21,2,6,312.47
2023-07-22,2,6,332.52
2023-07-23,2,6,409.9
2023-07-24,2,6,254.87
2023-07-25,2,6,253.1
2023-07-26,2,6,382.15
2023-07-27,2,6,357.64
2023-07-28,2,6,308.2
2023-07-29,2,6,412.29
2023-07-30,2,6,386.49
2023-07-31,2,6,335.39
2023-08-01,2,6,255.23
2023-08-02,2,6,326.58
2023-08-03,2,6,273.59
2023-08-04,2,6,266.65
2023-08-05,2,6,371.38
2023-08-06,2,6,337.57
2023-08-07,2,6,299.17
2023-08-08,2,6,262.3
2023-08-09,2,6,305.53
2023-08-10,2,6,337.75
2023-08-11,2,6,254.99
2023-08-12,2,6,364.53
2023-08-13,2,6,397.79
2023-08-14,2,6,267.65
2023-08-15,2,6,306.51
2023-08-16,2,6,310.62
2023-08-17,2,6,333.53
2023-08-18,2,6,261.0
2023-08-19,2,6,320.64
2023-08-20,2,6,356.45
2023-08-21,2,6,245.88
2023-08-22,2,6,312.18
2023-08-23,2,6,237.81
2023-08-24,2,6,389.02
2023-08-25,2,6,344.41
2023-08-26,2,6,375.8
2023-08-27,2,6,424.16
2023-08-28,2,6,217.96
2023-08-29,2,6,398.49
2023-08-30,2,6,263.65
2023-08-31,2,6,284.2
2023-09-01,2,6,202.22
2023-09-02,2,6,391.11
2023-09-03,2,6,304.22
2023-09-04,2,6,285.03
2023-09-05,2,6,257.99
2023-09-06,2,6,235.66
2023-09-07,2,6,247.34
2023-09-08,2,6,290.98
2023-09-09,2,6,295.73
2023-09-10,2,6,325.19
2023-09-11,2,6,310.02
2023-09-12,2,6,392.29
2023-09-13,2,6,302.54
2023-09-14,2,6,243.63
2023-09-15,2,6,267.1
2023-09-16,2,6,369.44
2023-09-17,2,6,348.64
2023-09-18,2,6,321.55
2023-09-19,2,6,292.61
2023-09-20,2,6,322.15
2023-09-21,2,6,270.33
2023-09-22,2,6,340.33
2023-09-23,2,6,360.06
2023-09-24,2,6,315.68
2023-09-25,2,6,377.3
2023-09-26,2,6,206.68
2023-09-27,2,6,253.2
2023-09-28,2,6,258.13
2023-09-29,2,6,392.38
2023-09-30,2,6,471.38
2023-10-01,2,6,469.47
2023-10-02,2,6,280.56
2023-10-03,2,6,402.87
2023-10-04,2,6,311.89
2023-10-05,2,6,339.09
2023-10-06,2,6,303.89
2023-10-07,2,6,382.07
2023-10-08,2,6,370.61
2023-10-09,2,6,287.14
2023-10-10,2,6,323.71
2023-10-11,2,6,313.17
2023-10-12,2,6,295.6
2023-10-13,2,6,364.47
2023-10-14,2,6,214.54
2023-10-15,2,6,416.38
2023-10-16,2,6,329.77
2023-10-17,2,6,349.15
2023-10-18,2,6,295.18
2023-10-19,2,6,307.56
2023-10-20,2,6,342.58
2023-10-21,2,6,475.04
2023-10-22,2,6,370.93
2023-10-23,2,6,310.95
2023-10-24,2,6,374.48
2023-10-25,2,6,203.97
2023-10-26,2,6,268.52
2023-10-27,2,6,365.6
2023-10-28,2,6,453.73
2023-10-29,2,6,420.65
2023-10-30,2,6,280.04
2023-10-31,2,6,260.68
2023-11-01,2,6,298.2
2023-11-02,2,6,403.44
2023-11-03,2,6,296.73
2023-11-04,2,6,432.63
2023-11-05,2,6,378.19
2023-11-06,2,6,369.69
2023-11-07,2,6,301.86
2023-11-08,2,6,323.78
2023-11-09,2,6,245.76
2023-11-10,2,6,249.37
2023-11-11,2,6,428.42
2023-11-12,2,6,343.07
2023-11-13,2,6,433.63
2023-11-14,2,6,227.79
2023-11-15,2,6,290.36
2023-11-16,2,6,330.98
2023-11-17,2,6,312.26
2023-11-18,2,6,358.54
2023-11-19,2,6,368.19
2023-11-20,2,6,281.76
2023-11-21,2,6,316.9
2023-11-22,2,6,428.34
2023-11-23,2,6,335.4
2023-11-24,2,6,390.58
2023-11-25,2,6,464.31
2023-11-26,2,6,503.89
2023-11-27,2,6,192.74
2023-11-28,2,6,317.32
2023-11-29,2,6,397.94
2023-11-30,2,6,304.35
2023-12-01,2,6,467.95
2023-12-02,2,6,588.58
2023-12-03,2,6,447.81
2023-12-04,2,6,342.78
2023-12-05,2,6,314.58
2023-12-06,2,6,336.14
2023-12-07,2,6,302.74
2023-12-08,2,6,395.54
2023-12-09,2,6,377.83
2023-12-10,2,6,527.49
2023-12-11,2,6,407.36
2023-12-12,2,6,279.68
2023-12-13,2,6,459.37
2023-12-14,2,6,401.67
2023-12-15,2,6,415.12
2023-12-16,2,6,430.15
2023-12-17,2,6,531.01
2023-12-18,2,6,436.97
2023-12-19,2,6,368.5
2023-12-20,2,6,486.63
2023-12-21,2,6,376.94
2023-12-22,2,6,438.8
2023-12-23,2,6,508.79
2023-12-24,2,6,530.48
2023-12-25,2,6,281.24
2023-12-26,2,6,396.46
2023-12-27,2,6,334.34
2023-12-28,2,6,328.25
2023-12-29,2,6,474.63
2023-12-30,2,6,473.66
2023-12-31,2,6,415.95
2022-01-01,2,7,124.29
2022-01-02,2,7,136.89
2022-01-03,2,7,148.21
2022-01-04,2,7,146.16
2022-01-05,2,7,125.96
2022-01-06,2,7,133.07
2022-01-07,2,7,135.86
2022-01-08,2,7,183.53
2022-01-09,2,7,180.95
2022-01-10,2,7,105.79
2022-01-11,2,7,83.91
2022-01-12,2,7,112.36
2022-01-13,2,7,129.64
2022-01-14,2,7,151.97
2022-01-15,2,7,178.94
2022-01-16,2,7,186.91
2022-01-17,2,7,115.31
2022-01-18,2,7,131.95
2022-01-19,2,7,134.81
2022-01-20,2,7,118.48
2022-01-21,2,7,112.3
2022-01-22,2,7,168.14
2022-01-23,2,7,191.51
2022-01-24,2,7,115.94
2022-01-25,2,7,130.09
2022-01-26,2,7,161.74
2022-01-27,2,7,124.07
2022-01-28,2,7,134.82
2022-01-29,2,7,172.47
2022-01-30,2,7,170.48
2022-01-31,2,7,168.88
2022-02-01,2,7,150.81
2022-02-02,2,7,110.34
2022-02-03,2,7,177.6
2022-02-04,2,7,150.58
2022-02-05,2,7,177.64
2022-02-06,2,7,226.5
2022-02-07,2,7,128.1
2022-02-08,2,7,182.54
2022-02-09,2,7,147.35
2022-02-10,2,7,167.4
2022-02-11,2,7,212.59
2022-02-12,2,7,194.58
2022-02-13,2,7,186.89
2022-02-14,2,7,122.65
2022-02-15,2,7,143.51
2022-02-16,2,7,123.56
2022-02-17,2,7,142.33
2022-02-18,2,7,210.22
2022-02-19,2,7,194.15
2022-02-20,2,7,175.06
2022-02-21,2,7,142.37
2022-02-22,2,7,138.05
2022-02-23,2,7,170.44
2022-02-24,2,7,145.42
2022-02-25,2,7,183.17
2022-02-26,2,7,182.9
2022-02-27,2,7,184.94
2022-02-28,2,7,128.07
2022-03-01,2,7,142.79
2022-03-02,2,7,112.21
2022-03-03,2,7,103.29
2022-03-04,2,7,166.16
2022-03-05,2,7,145.93
2022-03-06,2,7,209.93
2022-03-07,2,7,140.92
2022-03-08,2,7,173.99
2022-03-09,2,7,113.18
2022-03-10,2,7,166.5
2022-03-11,2,7,160.54
2022-03-12,2,7,209.82
2022-03-13,2,7,232.76
2022-03-14,2,7,154.98
2022-03-15,2,7,97.14
2022-03-16,2,7,164.0
2022-03-17,2,7,161.16
2022-03-18,2,7,148.28
2022-03-19,2,7,175.01
2022-03-20,2,7,189.63
2022-03-21,2,7,188.12
2022-03-22,2,7,133.18
2022-03-23,2,7,114.27
2022-03-24,2,7,120.7
2022-03-25,2,7,154.11
2022-03-26,2,7,252.12
2022-03-27,2,7,268.52
2022-03-28,2,7,170.51
2022-03-29,2,7,132.62
2022-03-30,2,7,135.22
2022-03-31,2,7,176.26
2022-04-01,2,7,182.9
2022-04-02,2,7,179.27
2022-04-03,2,7,240.98
2022-04-04,2,7,147.61
2022-04-05,2,7,169.41
2022-04-06,2,7,179.47
2022-04-07,2,7,119.22
2022-04-08,2,7,163.82
2022-04-09,2,7,242.42
2022-04-10,2,7,183.02
2022-04-11,2,7,129.47
2022-04-12,2,7,165.42
2022-04-13,2,7,157.22
2022-04-14,2,7,146.7
2022-04-15,2,7,154.36
2022-04-16,2,7,150.58
2022-04-17,2,7,213.3
2022-04-18,2,7,191.82
2022-04-19,2,7,138.36
2022-04-20,2,7,135.84
2022-04-21,2,7,159.27
2022-04-22,2,7,221.72
2022-04-23,2,7,235.55
2022-04-24,2,7,199.51
2022-04-25,2,7,156.73
2022-04-26,2,7,183.99
2022-04-27,2,7,134.8
2022-04-28,2,7,170.56
2022-04-29,2,7,130.16
2022-04-30,2,7,231.69
2022-05-01,2,7,182.52
2022-05-02,2,7,151.43
2022-05-03,2,7,139.22
2022-05-04,2,7,162.7
2022-05-05,2,7,143.54
2022-05-06,2,7,195.28
2022-05-07,2,7,232.81
2022-05-08,2,7,154.54
2022-05-09,2,7,152.17
2022-05-10,2,7,164.38
2022-05-11,2,7,138.0
2022-05-12,2,7,175.29
2022-05-13,2,7,172.82
2022-05-14,2,7,190.73
2022-05-15,2,7,221.78
2022-05-16,2,7,95.02
2022-05-17,2,7,179.31
2022-05-18,2,7,168.93
2022-05-19,2,7,124.89
2022-05-20,2,7,155.01
2022-05-21,2,7,135.28
2022-05-22,2,7,172.24
2022-05-23,2,7,174.37
2022-05-24,2,7,149.6
2022-05-25,2,7,148.49
2022-05-26,2,7,151.17
2022-05-27,2,7,148.67
2022-05-28,2,7,224.5
2022-05-29,2,7,177.54
2022-05-30,2,7,160.15
2022-05-31,2,7,124.92
2022-06-01,2,7,152.47
2022-06-02,2,7,130.72
2022-06-03,2,7,136.61
2022-06-04,2,7,169.13
2022-06-05,2,7,172.67
2022-06-06,2,7,117.04
2022-06-07,2,7,144.74
2022-06-08,2,7,149.54
2022-06-09,2,7,110.59
2022-06-10,2,7,125.92
2022-06-11,2,7,180.74
2022-06-12,2,7,163.92
2022-06-13,2,7,134.01
2022-06-14,2,7,172.41
2022-06-15,2,7,117.67
2022-06-16,2,7,90.79
2022-06-17,2,7,126.63
2022-06-18,2,7,172.11
2022-06-19,2,7,167.86
2022-06-20,2,7,145.11
2022-06-21,2,7,118.07
2022-06-22,2,7,115.09
2022-06-23,2,7,125.69
2022-06-24,2,7,126.23
2022-06-25,2,7,240.03
2022-06-26,2,7,224.7
2022-06-27,2,7,105.18
2022-06-28,2,7,99.78
2022-06-29,2,7,138.75
2022-06-30,2,7,181.01
2022-07-01,2,7,139.37
2022-07-02,2,7,164.05
2022-07-03,2,7,153.72
2022-07-04,2,7,147.56
2022-07-05,2,7,130.54
2022-07-06,2,7,160.31
2022-07-07,2,7,95.12
2022-07-08,2,7,135.57
2022-07-09,2,7,151.83
2022-07-10,2,7,176.3
2022-07-11,2,7,132.6
2022-07-12,2,7,137.67
2022-07-13,2,7,146.77
2022-07-14,2,7,154.82
2022-07-15,2,7,165.75
2022-07-16,2,7,167.22
2022-07-17,2,7,153.38
2022-07-18,2,7,104.9
2022-07-19,2,7,137.04
2022-07-20,2,7,144.88
2022-07-21,2,7,102.8
2022-07-22,2,7,151.11
2022-07-23,2,7,165.25
2022-07-24,2,7,136.3
2022-07-25,2,7,112.84
2022-07-26,2,7,111.09
2022-07-27,2,7,111.53
2022-07-28,2,7,140.69
2022-07-29,2,7,146.53
2022-07-30,2,7,211.79
2022-07-31,2,7,151.22
2022-08-01,2,7,125.61
2022-08-02,2,7,107.96
2022-08-03,2,7,120.02
2022-08-04,2,7,93.17
2022-08-05,2,7,99.66
2022-08-06,2,7,174.73
2022-08-07,2,7,121.34
2022-08-08,2,7,131.23
2022-08-09,2,7,108.06
2022-08-10,2,7,85.59
2022-08-11,2,7,74.58
2022-08-12,2,7,147.01
2022-08-13,2,7,112.01
2022-08-14,2,7,155.45
2022-08-15,2,7,127.26
2022-08-16,2,7,97.12
2022-08-17,2,7,110.99
2022-08-18,2,7,129.84
2022-08-19,2,7,126.57
2022-08-20,2,7,146.84
2022-08-21,2,7,163.47
2022-08-22,2,7,119.67
2022-08-23,2,7,103.93
2022-08-24,2,7,143.65
2022-08-25,2,7,125.62
2022-08-26,2,7,88.24
2022-08-27,2,7,171.05
2022-08-28,2,7,144.1
2022-08-29,2,7,116.92
2022-08-30,2,7,122.47
2022-08-31,2,7,107.86
2022-09-01,2,7,150.61
2022-09-02,2,7,92.07
2022-09-03,2,7,155.67
2022-09-04,2,7,163.32
2022-09-05,2,7,119.66
2022-09-06,2,7,115.62
2022-09-07,2,7,112.38
2022-09-08,2,7,104.85
2022-09-09,2,7,104.62
2022-09-10,2,7,182.2
2022-09-11,2,7,145.06
2022-09-12,2,7,157.85
2022-09-13,2,7,131.7
2022-09-14,2,7,71.86
2022-09-15,2,7,135.77
2022-09-16,2,7,119.02
2022-09-17,2,7,123.55
2022-09-18,2,7,186.78
2022-09-19,2,7,112.4
2022-09-20,2,7,110.96
2022-09-21,2,7,127.23
2022-09-22,2,7,141.22
2022-09-23,2,7,122.7
2022-09-24,2,7,157.95
2022-09-25,2,7,140.67
2022-09-26,2,7,141.35
2022-09-27,2,7,123.26
2022-09-28,2,7,117.03
2022-09-29,2,7,114.86
2022-09-30,2,7,140.0
2022-10-01,2,7,156.7
2022-10-02,2,7,188.45
2022-10-03,2,7,116.78
2022-10-04,2,7,139.4
2022-10-05,2,7,129.78
2022-10-06,2,7,108.0
2022-10-07,2,7,124.42
2022-10-08,2,7,110.12
2022-10-09,2,7,145.82
2022-10-10,2,7,96.46
2022-10-11,2,7,164.35
2022-10-12,2,7,96.83
2022-10-13,2,7,175.79
2022-10-14,2,7,136.54
2022-10-15,2,7,152.08
2022-10-16,2,7,185.0
2022-10-17,2,7,114.77
2022-10-18,2,7,100.27
2022-10-19,2,7,128.76
2022-10-20,2,7,140.72
2022-10-21,2,7,151.89
2022-10-22,2,7,178.19
2022-10-23,2,7,152.76
2022-10-24,2,7,154.31
2022-10-25,2,7,150.14
2022-10-26,2,7,133.1
2022-10-27,2,7,151.29
2022-10-28,2,7,170.13
2022-10-29,2,7,153.11
2022-10-30,2,7,144.32
2022-10-31,2,7,117.4
2022-11-01,2,7,111.59
2022-11-02,2,7,152.44
2022-11-03,2,7,106.29
2022-11-04,2,7,166.84
2022-11-05,2,7,164.05
2022-11-06,2,7,219.79
2022-11-07,2,7,86.64
2022-11-08,2,7,132.54
2022-11-09,2,7,113.47
2022-11-10,2,7,169.48
2022-11-11,2,7,176.49
2022-11-12,2,7,118.93
2022-11-13,2,7,207.4
2022-11-14,2,7,163.96
2022-11-15,2,7,148.32
2022-11-16,2,7,154.01
2022-11-17,2,7,152.59
2022-11-18,2,7,160.22
2022-11-19,2,7,154.18
2022-11-20,2,7,217.76
2022-11-21,2,7,146.52
2022-11-22,2,7,145.35
2022-11-23,2,7,154.36
2022-11-24,2,7,115.24
2022-11-25,2,7,109.28
2022-11-26,2,7,182.01
2022-11-27,2,7,228.46
2022-11-28,2,7,117.42
2022-11-29,2,7,146.67
2022-11-30,2,7,127.65
2022-12-01,2,7,138.73
2022-12-02,2,7,171.11
2022-12-03,2,7,230.64
2022-12-04,2,7,182.73
2022-12-05,2,7,192.7
2022-12-06,2,7,169.75
2022-12-07,2,7,153.96
2022-12-08,2,7,168.2
2022-12-09,2,7,208.86
2022-12-10,2,7,231.66
2022-12-11,2,7,186.46
2022-12-12,2,7,159.9
2022-12-13,2,7,163.62
2022-12-14,2,7,176.61
2022-12-15,2,7,166.48
2022-12-16,2,7,206.54
2022-12-17,2,7,202.11
2022-12-18,2,7,155.05
2022-12-19,2,7,166.37
2022-12-20,2,7,150.63
2022-12-21,2,7,125.0
2022-12-22,2,7,144.49
2022-12-23,2,7,152.97
2022-12-24,2,7,246.26
2022-12-25,2,7,163.64
2022-12-26,2,7,170.51
2022-12-27,2,7,216.14
2022-12-28,2,7,158.0
2022-12-29,2,7,157.4
2022-12-30,2,7,180.03
2022-12-31,2,7,227.95
2023-01-01,2,7,282.18
2023-01-02,2,7,174.64
2023-01-03,2,7,198.15
2023-01-04,2,7,198.72
2023-01-05,2,7,170.49
2023-01-06,2,7,176.59
2023-01-07,2,7,233.33
2023-01-08,2,7,190.47
2023-01-09,2,7,169.55
2023-01-10,2,7,220.62
2023-01-11,2,7,208.38
2023-01-12,2,7,164.75
2023-01-13,2,7,180.15
2023-01-14,2,7,269.15
2023-01-15,2,7,250.73
2023-01-16,2,7,202.68
2023-01-17,2,7,195.61
2023-01-18,2,7,187.09
2023-01-19,2,7,176.85
2023-01-20,2,7,148.96
2023-01-21,2,7,260.63
2023-01-22,2,7,228.42
2023-01-23,2,7,136.93
2023-01-24,2,7,167.12
2023-01-25,2,7,205.44
2023-01-26,2,7,129.89
2023-01-27,2,7,154.24
2023-01-28,2,7,242.19
2023-01-29,2,7,287.55
2023-01-30,2,7,210.23
2023-01-31,2,7,224.14
2023-02-01,2,7,201.34
2023-02-02,2,7,189.26
2023-02-03,2,7,220.26
2023-02-04,2,7,220.06
2023-02-05,2,7,217.23
2023-02-06,2,7,162.0
2023-02-07,2,7,228.12
2023-02-08,2,7,171.66
2023-02-09,2,7,225.84
2023-02-10,2,7,200.89
2023-02-11,2,7,297.89
2023-02-12,2,7,213.41
2023-02-13,2,7,178.45
2023-02-14,2,7,210.49
2023-02-15,2,7,184.46
2023-02-16,2,7,123.54
2023-02-17,2,7,156.84
2023-02-18,2,7,214.01
2023-02-19,2,7,217.02
2023-02-20,2,7,218.15
2023-02-21,2,7,208.06
2023-02-22,2,7,203.01
2023-02-23,2,7,258.08
2023-02-24,2,7,233.45
2023-02-25,2,7,289.24
2023-02-26,2,7,200.42
2023-02-27,2,7,200.66
2023-02-28,2,7,207.94
2023-03-01,2,7,191.03
2023-03-02,2,7,256.04
2023-03-03,2,7,205.57
2023-03-04,2,7,216.49
2023-03-05,2,7,225.84
2023-03-06,2,7,274.42
2023-03-07,2,7,191.68
2023-03-08,2,7,140.89
2023-03-09,2,7,186.44
2023-03-10,2,7,148.83
2023-03-11,2,7,303.39
2023-03-12,2,7,188.62
2023-03-13,2,7,162.22
2023-03-14,2,7,205.7
2023-03-15,2,7,239.95
2023-03-16,2,7,203.72
2023-03-17,2,7,167.14
2023-03-18,2,7,275.33
2023-03-19,2,7,249.36
2023-03-20,2,7,241.51
2023-03-21,2,7,233.06
2023-03-22,2,7,190.06
2023-03-23,2,7,231.06
2023-03-24,2,7,215.43
2023-03-25,2,7,324.5
2023-03-26,2,7,299.28
2023-03-27,2,7,224.46
2023-03-28,2,7,248.93
2023-03-29,2,7,208.2
2023-03-30,2,7,183.76
2023-03-31,2,7,214.27
2023-04-01,2,7,250.45
2023-04-02,2,7,288.73
2023-04-03,2,7,205.68
2023-04-04,2,7,216.25
2023-04-05,2,7,167.2
2023-04-06,2,7,219.77
2023-04-07,2,7,164.95
2023-04-08,2,7,304.18
2023-04-09,2,7,304.44
2023-04-10,2,7,215.45
2023-04-11,2,7,214.43
2023-04-12,2,7,198.16
2023-04-13,2,7,186.62
2023-04-14,2,7,204.86
2023-04-15,2,7,346.53
2023-04-16,2,7,276.47
2023-04-17,2,7,164.21
2023-04-18,2,7,153.12
2023-04-19,2,7,161.58
2023-04-20,2,7,194.48
2023-04-21,2,7,245.47
2023-04-22,2,7,227.17
2023-04-23,2,7,325.83
2023-04-24,2,7,212.28
2023-04-25,2,7,221.86
2023-04-26,2,7,221.16
2023-04-27,2,7,225.49
2023-04-28,2,7,194.49
2023-04-29,2,7,175.23
2023-04-30,2,7,246.01
2023-05-01,2,7,168.8
2023-05-02,2,7,203.95
2023-05-03,2,7,201.41
2023-05-04,2,7,187.16
2023-05-05,2,7,246.68
2023-05-06,2,7,229.6
2023-05-07,2,7,169.32
2023-05-08,2,7,199.16
2023-05-09,2,7,230.71
2023-05-10,2,7,204.36
2023-05-11,2,7,185.56
2023-05-12,2,7,203.26
2023-05-13,2,7,325.6
2023-05-14,2,7,221.85
2023-05-15,2,7,197.48
2023-05-16,2,7,216.47
2023-05-17,2,7,204.33
2023-05-18,2,7,189.64
2023-05-19,2,7,184.49
2023-05-20,2,7,245.43
2023-05-21,2,7,277.05
2023-05-22,2,7,211.53
2023-05-23,2,7,259.72
2023-05-24,2,7,152.17
2023-05-25,2,7,250.07
2023-05-26,2,7,191.94
2023-05-27,2,7,254.09
2023-05-28,2,7,290.97
2023-05-29,2,7,223.78
2023-05-30,2,7,232.99
2023-05-31,2,7,239.64
2023-06-01,2,7,179.65
2023-06-02,2,7,218.49
2023-06-03,2,7,213.06
2023-06-04,2,7,224.63
2023-06-05,2,7,176.26
2023-06-06,2,7,167.0
2023-06-07,2,7,183.08
2023-06-08,2,7,205.98
2023-06-09,2,7,199.44
2023-06-10,2,7,214.61
2023-06-11,2,7,211.83
2023-06-12,2,7,158.69
2023-06-13,2,7,184.59
2023-06-14,2,7,139.06
2023-06-15,2,7,158.03
2023-06-16,2,7,169.96
2023-06-17,2,7,275.02
2023-06-18,2,7,232.87
2023-06-19,2,7,210.47
2023-06-20,2,7,188.14
2023-06-21,2,7,170.09
2023-06-22,2,7,171.33
2023-06-23,2,7,151.28
2023-06-24,2,7,324.49
2023-06-25,2,7,278.43
2023-06-26,2,7,200.35
2023-06-27,2,7,147.89
2023-06-28,2,7,171.49
2023-06-29,2,7,157.14
2023-06-30,2,7,187.71
2023-07-01,2,7,185.64
2023-07-02,2,7,194.08
2023-07-03,2,7,143.64
2023-07-04,2,7,160.22
2023-07-05,2,7,168.09
2023-07-06,2,7,161.09
2023-07-07,2,7,204.81
2023-07-08,2,7,242.97
2023-07-09,2,7,191.3
2023-07-10,2,7,174.99
2023-07-11,2,7,149.4
2023-07-12,2,7,157.16
2023-07-13,2,7,179.18
2023-07-14,2,7,183.97
2023-07-15,2,7,198.42
2023-07-16,2,7,181.65
2023-07-17,2,7,169.8
2023-07-18,2,7,178.63
2023-07-19,2,7,151.74
2023-07-20,2,7,188.48
2023-07-21,2,7,184.13
2023-07-22,2,7,197.16
2023-07-23,2,7,255.78
2023-07-24,2,7,197.65
2023-07-25,2,7,220.7
2023-07-26,2,7,211.84
2023-07-27,2,7,145.83
2023-07-28,2,7,192.19
2023-07-29,2,7,248.51
2023-07-30,2,7,208.2
2023-07-31,2,7,180.63
2023-08-01,2,7,111.66
2023-08-02,2,7,111.08
2023-08-03,2,7,115.61
2023-08-04,2,7,164.83
2023-08-05,2,7,215.85
2023-08-06,2,7,194.38
2023-08-07,2,7,196.31
2023-08-08,2,7,179.25
2023-08-09,2,7,118.77
2023-08-10,2,7,152.29
2023-08-11,2,7,134.38
2023-08-12,2,7,216.12
2023-08-13,2,7,202.68
2023-08-14,2,7,135.96
2023-08-15,2,7,196.68
2023-08-16,2,7,158.27
2023-08-17,2,7,147.22
2023-08-18,2,7,151.15
2023-08-19,2,7,254.0
2023-08-20,2,7,232.46
2023-08-21,2,7,153.58
2023-08-22,2,7,134.07
2023-08-23,2,7,137.84
2023-08-24,2,7,146.3
2023-08-25,2,7,169.81
2023-08-26,2,7,228.57
2023-08-27,2,7,183.05
2023-08-28,2,7,177.09
2023-08-29,2,7,136.64
2023-08-30,2,7,143.77
2023-08-31,2,7,123.96
2023-09-01,2,7,119.33
2023-09-02,2,7,171.98
2023-09-03,2,7,198.84
2023-09-04,2,7,130.74
2023-09-05,2,7,188.29
2023-09-06,2,7,132.32
2023-09-07,2,7,158.18
2023-09-08,2,7,184.53
2023-09-09,2,7,203.14
2023-09-10,2,7,189.54
2023-09-11,2,7,157.72
2023-09-12,2,7,141.4
2023-09-13,2,7,131.31
2023-09-14,2,7,168.81
2023-09-15,2,7,141.16
2023-09-16,2,7,229.5
2023-09-17,2,7,225.4
2023-09-18,2,7,158.85
2023-09-19,2,7,177.66
2023-09-20,2,7,142.51
2023-09-21,2,7,173.52
2023-09-22,2,7,173.51
2023-09-23,2,7,192.96
2023-09-24,2,7,189.18
2023-09-25,2,7,163.33
2023-09-26,2,7,201.72
2023-09-27,2,7,150.41
2023-09-28,2,7,145.39
2023-09-29,2,7,183.61
2023-09-30,2,7,205.04
2023-10-01,2,7,237.15
2023-10-02,2,7,197.29
2023-10-03,2,7,115.41
2023-10-04,2,7,160.84
2023-10-05,2,7,156.27
2023-10-06,2,7,138.57
2023-10-07,2,7,150.03
2023-10-08,2,7,160.47
2023-10-09,2,7,164.78
2023-10-10,2,7,149.34
2023-10-11,2,7,142.9
2023-10-12,2,7,164.84
2023-10-13,2,7,145.75
2023-10-14,2,7,252.5
2023-10-15,2,7,191.97
2023-10-16,2,7,199.72
2023-10-17,2,7,162.3
2023-10-18,2,7,147.18
2023-10-19,2,7,145.49
2023-10-20,2,7,200.41
2023-10-21,2,7,234.63
2023-10-22,2,7,188.36
2023-10-23,2,7,166.54
2023-10-24,2,7,105.8
2023-10-25,2,7,131.1
2023-10-26,2,7,145.47
2023-10-27,2,7,144.95
2023-10-28,2,7,252.17
2023-10-29,2,7,152.18
2023-10-30,2,7,129.12
2023-10-31,2,7,175.57
2023-11-01,2,7,185.26
2023-11-02,2,7,169.78
2023-11-03,2,7,234.49
2023-11-04,2,7,254.81
2023-11-05,2,7,276.16
2023-11-06,2,7,178.24
2023-11-07,2,7,165.06
2023-11-08,2,7,165.47
2023-11-09,2,7,204.97
2023-11-10,2,7,200.91
2023-11-11,2,7,226.51
2023-11-12,2,7,250.91
2023-11-13,2,7,206.4
2023-11-14,2,7,165.2
2023-11-15,2,7,171.27
2023-11-16,2,7,192.79
2023-11-17,2,7,132.28
2023-11-18,2,7,251.59
2023-11-19,2,7,195.6
2023-11-20,2,7,206.69
2023-11-21,2,7,239.6
2023-11-22,2,7,162.36
2023-11-23,2,7,144.7
2023-11-24,2,7,176.64
2023-11-25,2,7,226.75
2023-11-26,2,7,259.7
2023-11-27,2,7,188.25
2023-11-28,2,7,173.88
2023-11-29,2,7,184.55
2023-11-30,2,7,151.52
2023-12-01,2,7,227.74
2023-12-02,2,7,327.41
2023-12-03,2,7,216.26
2023-12-04,2,7,154.84
2023-12-05,2,7,190.78
2023-12-06,2,7,165.92
2023-12-07,2,7,164.35
2023-12-08,2,7,160.61
2023-12-09,2,7,256.87
2023-12-10,2,7,248.37
2023-12-11,2,7,215.15
2023-12-12,2,7,186.64
2023-12-13,2,7,166.75
2023-12-14,2,7,203.58
2023-12-15,2,7,171.79
2023-12-16,2,7,286.04
2023-12-17,2,7,199.36
2023-12-18,2,7,138.14
2023-12-19,2,7,155.27
2023-12-20,2,7,191.96
2023-12-21,2,7,196.11
2023-12-22,2,7,209.26
2023-12-23,2,7,244.13
2023-12-24,2,7,232.99
2023-12-25,2,7,249.57
2023-12-26,2,7,241.56
2023-12-27,2,7,236.07
2023-12-28,2,7,215.3
2023-12-29,2,7,217.88
2023-12-30,2,7,235.46
2023-12-31,2,7,273.76
2022-01-01,2,8,231.82
2022-01-02,2,8,157.54
2022-01-03,2,8,159.55
2022-01-04,2,8,162.26
2022-01-05,2,8,142.88
2022-01-06,2,8,192.23
2022-01-07,2,8,139.63
2022-01-08,2,8,211.73
2022-01-09,2,8,225.86
2022-01-10,2,8,200.41
2022-01-11,2,8,166.49
2022-01-12,2,8,190.35
2022-01-13,2,8,184.64
2022-01-14,2,8,170.34
2022-01-15,2,8,182.07
2022-01-16,2,8,170.97
2022-01-17,2,8,170.42
2022-01-18,2,8,154.24
2022-01-19,2,8,191.25
2022-01-20,2,8,187.06
2022-01-21,2,8,163.74
2022-01-22,2,8,181.08
2022-01-23,2,8,236.16
2022-01-24,2,8,143.11
2022-01-25,2,8,149.83
2022-01-26,2,8,144.37
2022-01-27,2,8,165.87
2022-01-28,2,8,199.32
2022-01-29,2,8,220.47
2022-01-30,2,8,206.17
2022-01-31,2,8,131.14
2022-02-01,2,8,196.58
2022-02-02,2,8,160.45
2022-02-03,2,8,185.1
2022-02-04,2,8,172.4
2022-02-05,2,8,266.71
2022-02-06,2,8,231.56
2022-02-07,2,8,180.99
2022-02-08,2,8,196.1
2022-02-09,2,8,240.78
2022-02-10,2,8,207.54
2022-02-11,2,8,180.87
2022-02-12,2,8,238.64
2022-02-13,2,8,219.96
2022-02-14,2,8,157.64
2022-02-15,2,8,168.75
2022-02-16,2,8,162.85
2022-02-17,2,8,202.43
2022-02-18,2,8,154.89
2022-02-19,2,8,288.15
2022-02-20,2,8,267.47
2022-02-21,2,8,185.64
2022-02-22,2,8,185.25
2022-02-23,2,8,169.92
2022-02-24,2,8,193.11
2022-02-25,2,8,216.09
2022-02-26,2,8,216.24
2022-02-27,2,8,186.31
2022-02-28,2,8,205.95
2022-03-01,2,8,200.02
2022-03-02,2,8,158.84
2022-03-03,2,8,170.07
2022-03-04,2,8,166.63
2022-03-05,2,8,221.84
2022-03-06,2,8,237.03
2022-03-07,2,8,184.15
2022-03-08,2,8,173.25
2022-03-09,2,8,170.32
2022-03-10,2,8,185.75
2022-03-11,2,8,197.38
2022-03-12,2,8,238.64
2022-03-13,2,8,294.35
2022-03-14,2,8,207.79
2022-03-15,2,8,147.14
2022-03-16,2,8,208.63
2022-03-17,2,8,211.2
2022-03-18,2,8,181.16
2022-03-19,2,8,195.61
2022-03-20,2,8,252.71
2022-03-21,2,8,194.11
2022-03-22,2,8,161.79
2022-03-23,2,8,152.32
2022-03-24,2,8,192.32
2022-03-25,2,8,188.24
2022-03-26,2,8,237.92
2022-03-27,2,8,250.86
2022-03-28,2,8,163.24
2022-03-29,2,8,183.01
2022-03-30,2,8,211.63
2022-03-31,2,8,185.84
2022-04-01,2,8,143.8
2022-04-02,2,8,232.04
2022-04-03,2,8,209.85
2022-04-04,2,8,200.18
2022-04-05,2,8,201.85
2022-04-06,2,8,144.84
2022-04-07,2,8,214.96
2022-04-08,2,8,160.94
2022-04-09,2,8,310.13
2022-04-10,2,8,249.73
2022-04-11,2,8,157.48
2022-04-12,2,8,160.66
2022-04-13,2,8,204.18
2022-04-14,2,8,182.82
2022-04-15,2,8,191.58
2022-04-16,2,8,314.14
2022-04-17,2,8,226.62
2022-04-18,2,8,196.68
2022-04-19,2,8,236.66
2022-04-20,2,8,203.2
2022-04-21,2,8,148.35
2022-04-22,2,8,210.46
2022-04-23,2,8,210.14
2022-04-24,2,8,308.54
2022-04-25,2,8,171.95
2022-04-26,2,8,283.79
2022-04-27,2,8,239.77
2022-04-28,2,8,173.19
2022-04-29,2,8,197.46
2022-04-30,2,8,285.11
2022-05-01,2,8,268.64
2022-05-02,2,8,197.36
2022-05-03,2,8,220.03
2022-05-04,2,8,181.99
2022-05-05,2,8,175.36
2022-05-06,2,8,176.07
2022-05-07,2,8,272.79
2022-05-08,2,8,255.14
2022-05-09,2,8,194.37
2022-05-10,2,8,208.63
2022-05-11,2,8,129.17
2022-05-12,2,8,195.41
2022-05-13,2,8,193.02
2022-05-14,2,8,304.05
2022-05-15,2,8,187.58
2022-05-16,2,8,231.16
2022-05-17,2,8,189.67
2022-05-18,2,8,201.49
2022-05-19,2,8,235.12
2022-05-20,2,8,203.87
2022-05-21,2,8,259.37
2022-05-22,2,8,253.79
2022-05-23,2,8,174.87
2022-05-24,2,8,187.9
2022-05-25,2,8,168.6
2022-05-26,2,8,187.78
2022-05-27,2,8,122.91
2022-05-28,2,8,262.02
2022-05-29,2,8,241.9
2022-05-30,2,8,180.13
2022-05-31,2,8,196.12
2022-06-01,2,8,135.61
2022-06-02,2,8,222.94
2022-06-03,2,8,170.39
2022-06-04,2,8,220.24
2022-06-05,2,8,192.73
2022-06-06,2,8,174.13
2022-06-07,2,8,209.78
2022-06-08,2,8,200.81
2022-06-09,2,8,196.25
2022-06-10,2,8,188.37
2022-06-11,2,8,214.35
2022-06-12,2,8,177.41
2022-06-13,2,8,169.29
2022-06-14,2,8,168.52
2022-06-15,2,8,202.36
2022-06-16,2,8,183.13
2022-06-17,2,8,217.52
2022-06-18,2,8,268.83
2022-06-19,2,8,212.47
2022-06-20,2,8,128.32
2022-06-21,2,8,212.28
2022-06-22,2,8,211.77
2022-06-23,2,8,139.98
2022-06-24,2,8,216.1
2022-06-25,2,8,242.4
2022-06-26,2,8,234.99
2022-06-27,2,8,219.45
2022-06-28,2,8,212.47
2022-06-29,2,8,194.25
2022-06-30,2,8,189.68
2022-07-01,2,8,174.28
2022-07-02,2,8,195.11
2022-07-03,2,8,206.02
2022-07-04,2,8,138.29
2022-07-05,2,8,152.08
2022-07-06,2,8,151.4
2022-07-07,2,8,145.06
2022-07-08,2,8,163.77
2022-07-09,2,8,198.65
2022-07-10,2,8,224.71
2022-07-11,2,8,121.73
2022-07-12,2,8,158.28
2022-07-13,2,8,164.33
2022-07-14,2,8,153.77
2022-07-15,2,8,157.25
2022-07-16,2,8,160.08
2022-07-17,2,8,221.44
2022-07-18,2,8,177.55
2022-07-19,2,8,173.95
2022-07-20,2,8,187.35
2022-07-21,2,8,167.14
2022-07-22,2,8,174.03
2022-07-23,2,8,216.2
2022-07-24,2,8,233.23
2022-07-25,2,8,124.26
2022-07-26,2,8,141.07
2022-07-27,2,8,201.85
2022-07-28,2,8,102.95
2022-07-29,2,8,159.88
2022-07-30,2,8,249.85
2022-07-31,2,8,209.68
2022-08-01,2,8,141.26
2022-08-02,2,8,153.45
2022-08-03,2,8,142.67
2022-08-04,2,8,151.47
2022-08-05,2,8,135.43
2022-08-06,2,8,228.98
2022-08-07,2,8,238.44
2022-08-08,2,8,148.24
2022-08-09,2,8,119.91
2022-08-10,2,8,139.61
2022-08-11,2,8,147.46
2022-08-12,2,8,163.28
2022-08-13,2,8,167.6
2022-08-14,2,8,174.82
2022-08-15,2,8,163.79
2022-08-16,2,8,173.71
2022-08-17,2,8,138.18
2022-08-18,2,8,122.01
2022-08-19,2,8,227.83
2022-08-20,2,8,221.92
2022-08-21,2,8,190.79
2022-08-22,2,8,172.95
2022-08-23,2,8,150.27
2022-08-24,2,8,173.19
2022-08-25,2,8,157.05
2022-08-26,2,8,155.61
2022-08-27,2,8,196.31
2022-08-28,2,8,156.48
2022-08-29,2,8,198.61
2022-08-30,2,8,132.25
2022-08-31,2,8,122.68
2022-09-01,2,8,144.48
2022-09-02,2,8,127.83
2022-09-03,2,8,192.83
2022-09-04,2,8,214.56
2022-09-05,2,8,172.08
2022-09-06,2,8,168.16
2022-09-07,2,8,143.1
2022-09-08,2,8,151.21
2022-09-09,2,8,159.4
2022-09-10,2,8,143.9
2022-09-11,2,8,212.33
2022-09-12,2,8,117.66
2022-09-13,2,8,196.81
2022-09-14,2,8,141.66
2022-09-15,2,8,146.75
2022-09-16,2,8,133.61
2022-09-17,2,8,177.95
2022-09-18,2,8,263.77
2022-09-19,2,8,172.77
2022-09-20,2,8,116.32
2022-09-21,2,8,185.87
2022-09-22,2,8,178.94
2022-09-23,2,8,145.48
2022-09-24,2,8,206.71
2022-09-25,2,8,197.33
2022-09-26,2,8,197.3
2022-09-27,2,8,134.17
2022-09-28,2,8,155.83
2022-09-29,2,8,142.81
2022-09-30,2,8,119.9
2022-10-01,2,8,272.88
2022-10-02,2,8,169.1
2022-10-03,2,8,163.44
2022-10-04,2,8,117.0
2022-10-05,2,8,148.98
2022-10-06,2,8,168.63
2022-10-07,2,8,139.08
2022-10-08,2,8,224.67
2022-10-09,2,8,198.31
2022-10-10,2,8,186.77
2022-10-11,2,8,191.73
2022-10-12,2,8,145.31
2022-10-13,2,8,161.3
2022-10-14,2,8,163.98
2022-10-15,2,8,226.91
2022-10-16,2,8,208.23
2022-10-17,2,8,164.52
2022-10-18,2,8,154.24
2022-10-19,2,8,162.97
2022-10-20,2,8,191.54
2022-10-21,2,8,176.0
2022-10-22,2,8,230.71
2022-10-23,2,8,231.57
2022-10-24,2,8,157.12
2022-10-25,2,8,168.65
2022-10-26,2,8,134.86
2022-10-27,2,8,191.88
2022-10-28,2,8,93.98
2022-10-29,2,8,207.14
2022-10-30,2,8,245.99
2022-10-31,2,8,128.62
2022-11-01,2,8,186.71
2022-11-02,2,8,158.28
2022-11-03,2,8,166.66
2022-11-04,2,8,201.6
2022-11-05,2,8,236.52
2022-11-06,2,8,159.72
2022-11-07,2,8,151.04
2022-11-08,2,8,203.0
2022-11-09,2,8,189.16
2022-11-10,2,8,223.87
2022-11-11,2,8,222.3
2022-11-12,2,8,219.07
2022-11-13,2,8,317.87
2022-11-14,2,8,178.56
2022-11-15,2,8,152.33
2022-11-16,2,8,161.24
2022-11-17,2,8,117.95
2022-11-18,2,8,221.46
2022-11-19,2,8,287.69
2022-11-20,2,8,196.94
2022-11-21,2,8,172.73
2022-11-22,2,8,181.55
2022-11-23,2,8,153.32
2022-11-24,2,8,132.06
2022-11-25,2,8,173.73
2022-11-26,2,8,222.14
2022-11-27,2,8,219.95
2022-11-28,2,8,185.8
2022-11-29,2,8,218.51
2022-11-30,2,8,171.88
2022-12-01,2,8,205.34
2022-12-02,2,8,222.22
2022-12-03,2,8,282.35
2022-12-04,2,8,236.83
2022-12-05,2,8,203.72
2022-12-06,2,8,217.48
2022-12-07,2,8,167.08
2022-12-08,2,8,239.42
2022-12-09,2,8,244.67
2022-12-10,2,8,233.63
2022-12-11,2,8,269.86
2022-12-12,2,8,221.32
2022-12-13,2,8,185.49
2022-12-14,2,8,216.78
2022-12-15,2,8,207.28
2022-12-16,2,8,157.89
2022-12-17,2,8,281.55
2022-12-18,2,8,220.1
2022-12-19,2,8,231.51
2022-12-20,2,8,182.63
2022-12-21,2,8,198.31
2022-12-22,2,8,245.24
2022-12-23,2,8,218.68
2022-12-24,2,8,221.9
2022-12-25,2,8,224.63
2022-12-26,2,8,185.64
2022-12-27,2,8,216.21
2022-12-28,2,8,215.25
2022-12-29,2,8,178.57
2022-12-30,2,8,168.76
2022-12-31,2,8,277.38
2023-01-01,2,8,284.98
2023-01-02,2,8,298.5
2023-01-03,2,8,226.93
2023-01-04,2,8,287.32
2023-01-05,2,8,186.34
2023-01-06,2,8,172.81
2023-01-07,2,8,244.82
2023-01-08,2,8,347.0
2023-01-09,2,8,286.39
2023-01-10,2,8,200.23
2023-01-11,2,8,211.33
2023-01-12,2,8,187.34
2023-01-13,2,8,165.56
2023-01-14,2,8,327.63
2023-01-15,2,8,305.88
2023-01-16,2,8,228.2
2023-01-17,2,8,180.12
2023-01-18,2,8,284.3
2023-01-19,2,8,211.09
2023-01-20,2,8,246.79
2023-01-21,2,8,232.4
2023-01-22,2,8,288.98
2023-01-23,2,8,239.0
2023-01-24,2,8,240.4
2023-01-25,2,8,234.64
2023-01-26,2,8,246.51
2023-01-27,2,8,190.71
2023-01-28,2,8,307.61
2023-01-29,2,8,304.08
2023-01-30,2,8,238.15
2023-01-31,2,8,232.81
2023-02-01,2,8,198.87
2023-02-02,2,8,197.37
2023-02-03,2,8,164.41
2023-02-04,2,8,359.52
2023-02-05,2,8,360.27
2023-02-06,2,8,277.91
2023-02-07,2,8,258.23
2023-02-08,2,8,168.0
2023-02-09,2,8,209.15
2023-02-10,2,8,253.73
2023-02-11,2,8,328.39
2023-02-12,2,8,311.32
2023-02-13,2,8,261.65
2023-02-14,2,8,248.54
2023-02-15,2,8,252.78
2023-02-16,2,8,224.64
2023-02-17,2,8,285.26
2023-02-18,2,8,302.55
2023-02-19,2,8,259.08
2023-02-20,2,8,220.35
2023-02-21,2,8,236.31
2023-02-22,2,8,286.72
2023-02-23,2,8,248.11
2023-02-24,2,8,242.89
2023-02-25,2,8,264.17
2023-02-26,2,8,363.61
2023-02-27,2,8,225.91
2023-02-28,2,8,246.81
2023-03-01,2,8,313.42
2023-03-02,2,8,276.24
2023-03-03,2,8,194.11
2023-03-04,2,8,245.44
2023-03-05,2,8,331.13
2023-03-06,2,8,210.56
2023-03-07,2,8,282.61
2023-03-08,2,8,259.37
2023-03-09,2,8,264.31
2023-03-10,2,8,230.73
2023-03-11,2,8,423.46
2023-03-12,2,8,479.26
2023-03-13,2,8,247.83
2023-03-14,2,8,272.52
2023-03-15,2,8,262.78
2023-03-16,2,8,249.08
2023-03-17,2,8,226.99
2023-03-18,2,8,282.49
2023-03-19,2,8,280.12
2023-03-20,2,8,275.69
2023-03-21,2,8,239.8
2023-03-22,2,8,159.6
2023-03-23,2,8,277.82
2023-03-24,2,8,259.12
2023-03-25,2,8,407.52
2023-03-26,2,8,358.26
2023-03-27,2,8,203.23
2023-03-28,2,8,173.93
2023-03-29,2,8,233.29
2023-03-30,2,8,237.16
2023-03-31,2,8,298.93
2023-04-01,2,8,332.63
2023-04-02,2,8,389.98
2023-04-03,2,8,205.57
2023-04-04,2,8,293.91
2023-04-05,2,8,284.7
2023-04-06,2,8,179.26
2023-04-07,2,8,308.3
2023-04-08,2,8,339.36
2023-04-09,2,8,354.59
2023-04-10,2,8,224.35
2023-04-11,2,8,307.31
2023-04-12,2,8,212.23
2023-04-13,2,8,290.56
2023-04-14,2,8,290.31
2023-04-15,2,8,287.14
2023-04-16,2,8,436.61
2023-04-17,2,8,268.02
2023-04-18,2,8,284.62
2023-04-19,2,8,199.96
2023-04-20,2,8,342.0
2023-04-21,2,8,212.02
2023-04-22,2,8,389.82
2023-04-23,2,8,287.65
2023-04-24,2,8,236.09
2023-04-25,2,8,291.25
2023-04-26,2,8,300.78
2023-04-27,2,8,211.06
2023-04-28,2,8,303.65
2023-04-29,2,8,392.69
2023-04-30,2,8,291.91
2023-05-01,2,8,303.96
2023-05-02,2,8,191.72
2023-05-03,2,8,222.5
2023-05-04,2,8,263.32
2023-05-05,2,8,214.36
2023-05-06,2,8,332.45
2023-05-07,2,8,331.58
2023-05-08,2,8,239.42
2023-05-09,2,8,277.27
2023-05-10,2,8,238.21
2023-05-11,2,8,255.4
2023-05-12,2,8,289.46
2023-05-13,2,8,359.41
2023-05-14,2,8,359.42
2023-05-15,2,8,204.82
2023-05-16,2,8,267.14
2023-05-17,2,8,215.16
2023-05-18,2,8,200.31
2023-05-19,2,8,245.48
2023-05-20,2,8,279.02
2023-05-21,2,8,361.33
2023-05-22,2,8,279.02
2023-05-23,2,8,177.8
2023-05-24,2,8,218.04
2023-05-25,2,8,194.58
2023-05-26,2,8,232.0
2023-05-27,2,8,346.45
2023-05-28,2,8,312.73
2023-05-29,2,8,227.7
2023-05-30,2,8,298.71
2023-05-31,2,8,163.65
2023-06-01,2,8,269.75
2023-06-02,2,8,209.1
2023-06-03,2,8,292.72
2023-06-04,2,8,272.94
2023-06-05,2,8,280.94
2023-06-06,2,8,186.14
2023-06-07,2,8,228.84
2023-06-08,2,8,246.67
2023-06-09,2,8,173.46
2023-06-10,2,8,256.5
2023-06-11,2,8,291.13
2023-06-12,2,8,198.71
2023-06-13,2,8,201.28
2023-06-14,2,8,217.45
2023-06-15,2,8,252.01
2023-06-16,2,8,217.98
2023-06-17,2,8,347.28
2023-06-18,2,8,254.35
2023-06-19,2,8,187.0
2023-06-20,2,8,296.96
2023-06-21,2,8,207.79
2023-06-22,2,8,185.33
2023-06-23,2,8,170.52
2023-06-24,2,8,348.71
2023-06-25,2,8,285.1
2023-06-26,2,8,222.49
2023-06-27,2,8,225.91
2023-06-28,2,8,266.78
2023-06-29,2,8,225.5
2023-06-30,2,8,313.42
2023-07-01,2,8,276.93
2023-07-02,2,8,314.93
2023-07-03,2,8,234.36
2023-07-04,2,8,208.1
2023-07-05,2,8,190.94
2023-07-06,2,8,219.94
2023-07-07,2,8,225.69
2023-07-08,2,8,249.29
2023-07-09,2,8,279.7
2023-07-10,2,8,249.0
2023-07-11,2,8,275.45
2023-07-12,2,8,237.28
2023-07-13,2,8,269.26
2023-07-14,2,8,190.71
2023-07-15,2,8,302.79
2023-07-16,2,8,329.16
2023-07-17,2,8,182.63
2023-07-18,2,8,195.75
2023-07-19,2,8,266.34
2023-07-20,2,8,180.48
2023-07-21,2,8,168.98
2023-07-22,2,8,338.24
2023-07-23,2,8,324.78
2023-07-24,2,8,225.68
2023-07-25,2,8,210.62
2023-07-26,2,8,198.25
2023-07-27,2,8,221.33
2023-07-28,2,8,262.84
2023-07-29,2,8,286.29
2023-07-30,2,8,366.48
2023-07-31,2,8,184.21
2023-08-01,2,8,195.12
2023-08-02,2,8,184.86
2023-08-03,2,8,164.05
2023-08-04,2,8,191.57
2023-08-05,2,8,271.02
2023-08-06,2,8,275.28
2023-08-07,2,8,260.4
2023-08-08,2,8,210.26
2023-08-09,2,8,230.62
2023-08-10,2,8,198.76
2023-08-11,2,8,246.51
2023-08-12,2,8,348.35
2023-08-13,2,8,276.76
2023-08-14,2,8,167.93
2023-08-15,2,8,181.18
2023-08-16,2,8,205.91
2023-08-17,2,8,211.22
2023-08-18,2,8,218.53
2023-08-19,2,8,275.07
2023-08-20,2,8,257.74
2023-08-21,2,8,179.27
2023-08-22,2,8,210.23
2023-08-23,2,8,253.64
2023-08-24,2,8,228.93
2023-08-25,2,8,214.61
2023-08-26,2,8,298.35
2023-08-27,2,8,244.21
2023-08-28,2,8,183.87
2023-08-29,2,8,176.83
2023-08-30,2,8,195.55
2023-08-31,2,8,186.8
2023-09-01,2,8,228.07
2023-09-02,2,8,233.25
2023-09-03,2,8,221.05
2023-09-04,2,8,249.8
2023-09-05,2,8,180.45
2023-09-06,2,8,198.14
2023-09-07,2,8,206.92
2023-09-08,2,8,160.85
2023-09-09,2,8,299.0
2023-09-10,2,8,276.53
2023-09-11,2,8,239.69
2023-09-12,2,8,174.59
2023-09-13,2,8,197.41
2023-09-14,2,8,195.79
2023-09-15,2,8,202.47
2023-09-16,2,8,198.06
2023-09-17,2,8,257.71
2023-09-18,2,8,153.37
2023-09-19,2,8,205.73
2023-09-20,2,8,132.98
2023-09-21,2,8,141.19
2023-09-22,2,8,219.61
2023-09-23,2,8,233.56
2023-09-24,2,8,216.86
2023-09-25,2,8,233.31
2023-09-26,2,8,205.71
2023-09-27,2,8,221.86
2023-09-28,2,8,191.42
2023-09-29,2,8,275.4
2023-09-30,2,8,232.36
2023-10-01,2,8,333.39
2023-10-02,2,8,201.52
2023-10-03,2,8,153.01
2023-10-04,2,8,218.39
2023-10-05,2,8,213.38
2023-10-06,2,8,171.73
2023-10-07,2,8,228.53
2023-10-08,2,8,264.39
2023-10-09,2,8,214.97
2023-10-10,2,8,128.64
2023-10-11,2,8,236.81
2023-10-12,2,8,189.45
2023-10-13,2,8,163.85
2023-10-14,2,8,303.94
2023-10-15,2,8,265.56
2023-10-16,2,8,242.55
2023-10-17,2,8,218.74
2023-10-18,2,8,205.33
2023-10-19,2,8,200.79
2023-10-20,2,8,220.51
2023-10-21,2,8,250.88
2023-10-22,2,8,233.41
2023-10-23,2,8,224.84
2023-10-24,2,8,201.65
2023-10-25,2,8,207.28
2023-10-26,2,8,240.09
2023-10-27,2,8,202.97
2023-10-28,2,8,269.21
2023-10-29,2,8,244.59
2023-10-30,2,8,220.23
2023-10-31,2,8,217.85
2023-11-01,2,8,255.91
2023-11-02,2,8,205.99
2023-11-03,2,8,210.22
2023-11-04,2,8,328.5
2023-11-05,2,8,304.9
2023-11-06,2,8,195.39
2023-11-07,2,8,270.61
2023-11-08,2,8,168.72
2023-11-09,2,8,253.18
2023-11-10,2,8,183.65
2023-11-11,2,8,378.24
2023-11-12,2,8,226.67
2023-11-13,2,8,266.32
2023-11-14,2,8,224.42
2023-11-15,2,8,214.84
2023-11-16,2,8,233.8
2023-11-17,2,8,249.19
2023-11-18,2,8,255.91
2023-11-19,2,8,260.0
2023-11-20,2,8,250.24
2023-11-21,2,8,169.72
2023-11-22,2,8,208.28
2023-11-23,2,8,332.61
2023-11-24,2,8,195.37
2023-11-25,2,8,348.49
2023-11-26,2,8,271.33
2023-11-27,2,8,246.45
2023-11-28,2,8,251.59
2023-11-29,2,8,268.05
2023-11-30,2,8,222.48
2023-12-01,2,8,331.08
2023-12-02,2,8,302.38
2023-12-03,2,8,343.56
2023-12-04,2,8,264.85
2023-12-05,2,8,212.59
2023-12-06,2,8,244.79
2023-12-07,2,8,262.1
2023-12-08,2,8,239.46
2023-12-09,2,8,455.01
2023-12-10,2,8,291.34
2023-12-11,2,8,301.88
2023-12-12,2,8,289.63
2023-12-13,2,8,256.27
2023-12-14,2,8,223.61
2023-12-15,2,8,227.48
2023-12-16,2,8,308.45
2023-12-17,2,8,244.99
2023-12-18,2,8,218.79
2023-12-19,2,8,200.4
2023-12-20,2,8,309.91
2023-12-21,2,8,281.94
2023-12-22,2,8,288.59
2023-12-23,2,8,365.46
2023-12-24,2,8,344.41
2023-12-25,2,8,315.27
2023-12-26,2,8,235.05
2023-12-27,2,8,263.05
2023-12-28,2,8,288.09
2023-12-29,2,8,207.84
2023-12-30,2,8,493.77
2023-12-31,2,8,338.8
2022-01-01,2,9,629.29
2022-01-02,2,9,755.87
2022-01-03,2,9,410.62
2022-01-04,2,9,412.75
2022-01-05,2,9,401.49
2022-01-06,2,9,415.69
2022-01-07,2,9,482.77
2022-01-08,2,9,537.76
2022-01-09,2,9,546.43
2022-01-10,2,9,393.82
2022-01-11,2,9,439.59
2022-01-12,2,9,379.01
2022-01-13,2,9,334.88
2022-01-14,2,9,438.35
2022-01-15,2,9,693.22
2022-01-16,2,9,511.78
2022-01-17,2,9,347.64
2022-01-18,2,9,530.88
2022-01-19,2,9,415.61
2022-01-20,2,9,471.74
2022-01-21,2,9,368.38
2022-01-22,2,9,539.0
2022-01-23,2,9,651.92
2022-01-24,2,9,422.96
2022-01-25,2,9,424.14
2022-01-26,2,9,322.82
2022-01-27,2,9,465.15
2022-01-28,2,9,367.35
2022-01-29,2,9,632.91
2022-01-30,2,9,558.89
2022-01-31,2,9,435.9
2022-02-01,2,9,497.55
2022-02-02,2,9,471.44
2022-02-03,2,9,561.91
2022-02-04,2,9,551.82
2022-02-05,2,9,475.65
2022-02-06,2,9,567.55
2022-02-07,2,9,504.75
2022-02-08,2,9,385.44
2022-02-09,2,9,343.65
2022-02-10,2,9,398.49
2022-02-11,2,9,442.43
2022-02-12,2,9,228.66
2022-02-13,2,9,488.42
2022-02-14,2,9,331.05
2022-02-15,2,9,529.67
2022-02-16,2,9,515.58
2022-02-17,2,9,471.72
2022-02-18,2,9,460.04
2022-02-19,2,9,637.97
2022-02-20,2,9,501.93
2022-02-21,2,9,539.96
2022-02-22,2,9,461.31
2022-02-23,2,9,518.08
2022-02-24,2,9,515.76
2022-02-25,2,9,492.82
2022-02-26,2,9,621.57
2022-02-27,2,9,615.52
2022-02-28,2,9,453.24
2022-03-01,2,9,502.39
2022-03-02,2,9,483.4
2022-03-03,2,9,435.05
2022-03-04,2,9,512.75
2022-03-05,2,9,637.01
2022-03-06,2,9,722.9
2022-03-07,2,9,343.17
2022-03-08,2,9,474.11
2022-03-09,2,9,420.67
2022-03-10,2,9,435.75
2022-03-11,2,9,512.58
2022-03-12,2,9,482.77
2022-03-13,2,9,628.19
2022-03-14,2,9,476.37
2022-03-15,2,9,399.89
2022-03-16,2,9,486.35
2022-03-17,2,9,421.21
2022-03-18,2,9,632.87
2022-03-19,2,9,731.01
2022-03-20,2,9,626.17
2022-03-21,2,9,446.39
2022-03-22,2,9,513.86
2022-03-23,2,9,533.23
2022-03-24,2,9,496.9
2022-03-25,2,9,406.12
2022-03-26,2,9,603.77
2022-03-27,2,9,631.24
2022-03-28,2,9,501.31
2022-03-29,2,9,503.44
2022-03-30,2,9,534.04
2022-03-31,2,9,578.68
2022-04-01,2,9,543.0
2022-04-02,2,9,667.7
2022-04-03,2,9,498.12
2022-04-04,2,9,556.82
2022-04-05,2,9,531.24
2022-04-06,2,9,455.39
2022-04-07,2,9,476.11
2022-04-08,2,9,479.09
2022-04-09,2,9,576.78
2022-04-10,2,9,455.87
2022-04-11,2,9,396.05
2022-04-12,2,9,411.41
2022-04-13,2,9,335.91
2022-04-14,2,9,397.36
2022-04-15,2,9,559.19
2022-04-16,2,9,666.54
2022-04-17,2,9,531.25
2022-04-18,2,9,429.33
2022-04-19,2,9,567.54
2022-04-20,2,9,566.27
2022-04-21,2,9,485.08
2022-04-22,2,9,565.15
2022-04-23,2,9,553.36
2022-04-24,2,9,647.09
2022-04-25,2,9,375.23
2022-04-26,2,9,455.86
2022-04-27,2,9,484.68
2022-04-28,2,9,360.98
2022-04-29,2,9,526.53
2022-04-30,2,9,700.86
2022-05-01,2,9,679.94
2022-05-02,2,9,613.71
2022-05-03,2,9,483.4
2022-05-04,2,9,450.99
2022-05-05,2,9,346.25
2022-05-06,2,9,483.0
2022-05-07,2,9,643.37
2022-05-08,2,9,473.25
2022-05-09,2,9,440.92
2022-05-10,2,9,458.56
2022-05-11,2,9,494.6
2022-05-12,2,9,517.51
2022-05-13,2,9,422.07
2022-05-14,2,9,615.29
2022-05-15,2,9,649.22
2022-05-16,2,9,447.68
2022-05-17,2,9,431.52
2022-05-18,2,9,510.32
2022-05-19,2,9,449.15
2022-05-20,2,9,378.92
2022-05-21,2,9,724.71
2022-05-22,2,9,503.46
2022-05-23,2,9,456.51
2022-05-24,2,9,485.85
2022-05-25,2,9,495.56
2022-05-26,2,9,476.1
2022-05-27,2,9,259.62
2022-05-28,2,9,540.92
2022-05-29,2,9,632.05
2022-05-30,2,9,458.29
2022-05-31,2,9,502.11
2022-06-01,2,9,489.3
2022-06-02,2,9,456.94
2022-06-03,2,9,378.55
2022-06-04,2,9,508.35
2022-06-05,2,9,688.95
2022-06-06,2,9,414.69
2022-06-07,2,9,420.4
2022-06-08,2,9,459.52
2022-06-09,2,9,506.53
2022-06-10,2,9,369.8
2022-06-11,2,9,514.97
2022-06-12,2,9,422.88
2022-06-13,2,9,409.66
2022-06-14,2,9,465.62
2022-06-15,2,9,405.99
2022-06-16,2,9,543.28
2022-06-17,2,9,437.69
2022-06-18,2,9,551.14
2022-06-19,2,9,530.62
2022-06-20,2,9,343.32
2022-06-21,2,9,425.82
2022-06-22,2,9,455.26
2022-06-23,2,9,424.74
2022-06-24,2,9,447.77
2022-06-25,2,9,506.43
2022-06-26,2,9,458.34
2022-06-27,2,9,426.96
2022-06-28,2,9,448.61
2022-06-29,2,9,423.62
2022-06-30,2,9,448.26
2022-07-01,2,9,437.46
2022-07-02,2,9,568.89
2022-07-03,2,9,575.84
2022-07-04,2,9,452.05
2022-07-05,2,9,422.46
2022-07-06,2,9,414.51
2022-07-07,2,9,508.58
2022-07-08,2,9,440.47
2022-07-09,2,9,447.8
2022-07-10,2,9,369.81
2022-07-11,2,9,380.84
2022-07-12,2,9,432.52
2022-07-13,2,9,452.73
2022-07-14,2,9,321.83
2022-07-15,2,9,439.84
2022-07-16,2,9,603.63
2022-07-17,2,9,563.4
2022-07-18,2,9,422.24
2022-07-19,2,9,389.86
2022-07-20,2,9,370.65
2022-07-21,2,9,445.4
2022-07-22,2,9,433.68
2022-07-23,2,9,493.39
2022-07-24,2,9,717.29
2022-07-25,2,9,309.24
2022-07-26,2,9,386.18
2022-07-27,2,9,354.11
2022-07-28,2,9,423.87
2022-07-29,2,9,283.84
2022-07-30,2,9,621.23
2022-07-31,2,9,601.07
2022-08-01,2,9,384.21
2022-08-02,2,9,352.49
2022-08-03,2,9,409.76
2022-08-04,2,9,388.57
2022-08-05,2,9,423.54
2022-08-06,2,9,473.34
2022-08-07,2,9,469.45
2022-08-08,2,9,431.59
2022-08-09,2,9,407.17
2022-08-10,2,9,362.42
2022-08-11,2,9,392.99
2022-08-12,2,9,383.08
2022-08-13,2,9,518.95
2022-08-14,2,9,577.78
2022-08-15,2,9,354.05
2022-08-16,2,9,337.81
2022-08-17,2,9,389.64
2022-08-18,2,9,344.43
2022-08-19,2,9,323.66
2022-08-20,2,9,560.43
2022-08-21,2,9,467.11
2022-08-22,2,9,270.49
2022-08-23,2,9,423.91
2022-08-24,2,9,351.67
2022-08-25,2,9,409.36
2022-08-26,2,9,438.28
2022-08-27,2,9,504.47
2022-08-28,2,9,341.02
2022-08-29,2,9,266.61
2022-08-30,2,9,340.08
2022-08-31,2,9,375.31
2022-09-01,2,9,432.55
2022-09-02,2,9,382.89
2022-09-03,2,9,664.68
2022-09-04,2,9,370.82
2022-09-05,2,9,374.43
2022-09-06,2,9,343.45
2022-09-07,2,9,381.3
2022-09-08,2,9,465.49
2022-09-09,2,9,469.36
2022-09-10,2,9,483.91
2022-09-11,2,9,542.44
2022-09-12,2,9,381.77
2022-09-13,2,9,310.41
2022-09-14,2,9,371.19
2022-09-15,2,9,342.61
2022-09-16,2,9,367.5
2022-09-17,2,9,420.98
2022-09-18,2,9,494.29
2022-09-19,2,9,388.92
2022-09-20,2,9,411.48
2022-09-21,2,9,389.77
2022-09-22,2,9,464.15
2022-09-23,2,9,495.72
2022-09-24,2,9,455.9
2022-09-25,2,9,556.41
2022-09-26,2,9,492.55
2022-09-27,2,9,430.15
2022-09-28,2,9,414.83
2022-09-29,2,9,272.39
2022-09-30,2,9,343.72
2022-10-01,2,9,473.2
2022-10-02,2,9,609.81
2022-10-03,2,9,346.01
2022-10-04,2,9,383.92
2022-10-05,2,9,438.26
2022-10-06,2,9,344.19
2022-10-07,2,9,406.13
2022-10-08,2,9,518.47
2022-10-09,2,9,574.33
2022-10-10,2,9,429.34
2022-10-11,2,9,427.83
2022-10-12,2,9,403.12
2022-10-13,2,9,293.19
2022-10-14,2,9,400.16
2022-10-15,2,9,514.16
2022-10-16,2,9,569.0
2022-10-17,2,9,367.94
2022-10-18,2,9,395.63
2022-10-19,2,9,397.8
2022-10-20,2,9,351.69
2022-10-21,2,9,325.91
2022-10-22,2,9,542.12
2022-10-23,2,9,590.66
2022-10-24,2,9,357.97
2022-10-25,2,9,382.39
2022-10-26,2,9,444.83
2022-10-27,2,9,450.94
2022-10-28,2,9,409.97
2022-10-29,2,9,547.5
2022-10-30,2,9,557.04
2022-10-31,2,9,439.49
2022-11-01,2,9,363.09
2022-11-02,2,9,557.46
2022-11-03,2,9,451.09
2022-11-04,2,9,481.09
2022-11-05,2,9,499.67
2022-11-06,2,9,548.82
2022-11-07,2,9,459.19
2022-11-08,2,9,317.22
2022-11-09,2,9,376.44
2022-11-10,2,9,388.22
2022-11-11,2,9,352.33
2022-11-12,2,9,576.18
2022-11-13,2,9,561.28
2022-11-14,2,9,530.25
2022-11-15,2,9,363.76
2022-11-16,2,9,453.01
2022-11-17,2,9,380.12
2022-11-18,2,9,325.38
2022-11-19,2,9,620.45
2022-11-20,2,9,628.0
2022-11-21,2,9,475.64
2022-11-22,2,9,352.78
2022-11-23,2,9,445.44
2022-11-24,2,9,479.7
2022-11-25,2,9,503.51
2022-11-26,2,9,627.21
2022-11-27,2,9,656.67
2022-11-28,2,9,512.28
2022-11-29,2,9,448.86
2022-11-30,2,9,475.32
2022-12-01,2,9,565.49
2022-12-02,2,9,520.92
2022-12-03,2,9,755.38
2022-12-04,2,9,724.76
2022-12-05,2,9,446.43
2022-12-06,2,9,396.9
2022-12-07,2,9,495.39
2022-12-08,2,9,406.75
2022-12-09,2,9,500.87
2022-12-10,2,9,642.87
2022-12-11,2,9,769.75
2022-12-12,2,9,533.37
2022-12-13,2,9,568.96
2022-12-14,2,9,460.08
2022-12-15,2,9,610.93
2022-12-16,2,9,563.94
2022-12-17,2,9,688.42
2022-12-18,2,9,471.98
2022-12-19,2,9,586.51
2022-12-20,2,9,631.42
2022-12-21,2,9,499.97
2022-12-22,2,9,501.87
2022-12-23,2,9,461.12
2022-12-24,2,9,491.13
2022-12-25,2,9,595.91
2022-12-26,2,9,625.66
2022-12-27,2,9,582.48
2022-12-28,2,9,443.55
2022-12-29,2,9,458.51
2022-12-30,2,9,663.35
2022-12-31,2,9,553.63
2023-01-01,2,9,642.33
2023-01-02,2,9,518.21
2023-01-03,2,9,441.39
2023-01-04,2,9,509.99
2023-01-05,2,9,511.63
2023-01-06,2,9,480.34
2023-01-07,2,9,866.67
2023-01-08,2,9,596.65
2023-01-09,2,9,544.89
2023-01-10,2,9,483.85
2023-01-11,2,9,539.99
2023-01-12,2,9,480.67
2023-01-13,2,9,564.72
2023-01-14,2,9,761.42
2023-01-15,2,9,879.82
2023-01-16,2,9,510.17
2023-01-17,2,9,695.88
2023-01-18,2,9,492.56
2023-01-19,2,9,540.77
2023-01-20,2,9,709.76
2023-01-21,2,9,1048.0
2023-01-22,2,9,915.38
2023-01-23,2,9,543.55
2023-01-24,2,9,606.29
2023-01-25,2,9,620.9
2023-01-26,2,9,592.84
2023-01-27,2,9,478.77
2023-01-28,2,9,759.6
2023-01-29,2,9,678.59
2023-01-30,2,9,483.15
2023-01-31,2,9,539.24
2023-02-01,2,9,632.3
2023-02-02,2,9,694.92
2023-02-03,2,9,581.57
2023-02-04,2,9,777.27
2023-02-05,2,9,882.03
2023-02-06,2,9,612.34
2023-02-07,2,9,641.04
2023-02-08,2,9,613.86
2023-02-09,2,9,625.66
2023-02-10,2,9,509.28
2023-02-11,2,9,804.99
2023-02-12,2,9,960.47
2023-02-13,2,9,624.36
2023-02-14,2,9,533.15
2023-02-15,2,9,744.85
2023-02-16,2,9,676.26
2023-02-17,2,9,680.97
2023-02-18,2,9,882.66
2023-02-19,2,9,660.66
2023-02-20,2,9,671.42
2023-02-21,2,9,739.58
2023-02-22,2,9,568.68
2023-02-23,2,9,435.84
2023-02-24,2,9,647.34
2023-02-25,2,9,802.28
2023-02-26,2,9,613.45
2023-02-27,2,9,670.83
2023-02-28,2,9,664.37
2023-03-01,2,9,491.38
2023-03-02,2,9,809.0
2023-03-03,2,9,701.87
2023-03-04,2,9,587.94
2023-03-05,2,9,922.05
2023-03-06,2,9,707.02
2023-03-07,2,9,766.83
2023-03-08,2,9,573.77
2023-03-09,2,9,712.63
2023-03-10,2,9,611.39
2023-03-11,2,9,755.8
2023-03-12,2,9,718.14
2023-03-13,2,9,453.88
2023-03-14,2,9,687.19
2023-03-15,2,9,610.05
2023-03-16,2,9,375.87
2023-03-17,2,9,644.19
2023-03-18,2,9,972.58
2023-03-19,2,9,666.67
2023-03-20,2,9,570.09
2023-03-21,2,9,681.01
2023-03-22,2,9,393.86
2023-03-23,2,9,588.44
2023-03-24,2,9,673.37
2023-03-25,2,9,762.6
2023-03-26,2,9,671.03
2023-03-27,2,9,521.14
2023-03-28,2,9,486.64
2023-03-29,2,9,581.31
2023-03-30,2,9,744.62
2023-03-31,2,9,871.05
2023-04-01,2,9,822.47
2023-04-02,2,9,912.93
2023-04-03,2,9,541.2
2023-04-04,2,9,432.72
2023-04-05,2,9,806.24
2023-04-06,2,9,575.05
2023-04-07,2,9,699.97
2023-04-08,2,9,841.5
2023-04-09,2,9,945.24
2023-04-10,2,9,723.76
2023-04-11,2,9,659.97
2023-04-12,2,9,670.89
2023-04-13,2,9,749.84
2023-04-14,2,9,595.86
2023-04-15,2,9,1018.62
2023-04-16,2,9,738.71
2023-04-17,2,9,643.48
2023-04-18,2,9,696.69
2023-04-19,2,9,481.37
2023-04-20,2,9,769.61
2023-04-21,2,9,683.44
2023-04-22,2,9,1240.73
2023-04-23,2,9,1089.57
2023-04-24,2,9,638.16
2023-04-25,2,9,810.95
2023-04-26,2,9,721.42
2023-04-27,2,9,662.7
2023-04-28,2,9,481.4
2023-04-29,2,9,655.74
2023-04-30,2,9,834.88
2023-05-01,2,9,557.41
2023-05-02,2,9,622.91
2023-05-03,2,9,727.09
2023-05-04,2,9,681.66
2023-05-05,2,9,540.72
2023-05-06,2,9,894.41
2023-05-07,2,9,678.2
2023-05-08,2,9,501.34
2023-05-09,2,9,640.06
2023-05-10,2,9,531.79
2023-05-11,2,9,547.85
2023-05-12,2,9,697.06
2023-05-13,2,9,866.97
2023-05-14,2,9,745.62
2023-05-15,2,9,459.66
2023-05-16,2,9,541.16
2023-05-17,2,9,785.95
2023-05-18,2,9,697.35
2023-05-19,2,9,739.6
2023-05-20,2,9,823.27
2023-05-21,2,9,751.57
2023-05-22,2,9,693.59
2023-05-23,2,9,728.57
2023-05-24,2,9,567.48
2023-05-25,2,9,546.43
2023-05-26,2,9,472.57
2023-05-27,2,9,708.28
2023-05-28,2,9,877.01
2023-05-29,2,9,558.64
2023-05-30,2,9,699.72
2023-05-31,2,9,795.59
2023-06-01,2,9,560.92
2023-06-02,2,9,557.85
2023-06-03,2,9,787.32
2023-06-04,2,9,665.21
2023-06-05,2,9,505.91
2023-06-06,2,9,508.75
2023-06-07,2,9,464.64
2023-06-08,2,9,637.2
2023-06-09,2,9,519.94
2023-06-10,2,9,852.64
2023-06-11,2,9,789.34
2023-06-12,2,9,560.97
2023-06-13,2,9,631.67
2023-06-14,2,9,483.87
2023-06-15,2,9,497.98
2023-06-16,2,9,624.78
2023-06-17,2,9,492.36
2023-06-18,2,9,736.25
2023-06-19,2,9,615.56
2023-06-20,2,9,677.11
2023-06-21,2,9,694.93
2023-06-22,2,9,555.51
2023-06-23,2,9,632.46
2023-06-24,2,9,648.53
2023-06-25,2,9,688.9
2023-06-26,2,9,684.59
2023-06-27,2,9,565.02
2023-06-28,2,9,582.42
2023-06-29,2,9,480.96
2023-06-30,2,9,605.63
2023-07-01,2,9,742.2
2023-07-02,2,9,739.58
2023-07-03,2,9,420.26
2023-07-04,2,9,590.99
2023-07-05,2,9,437.25
2023-07-06,2,9,512.53
2023-07-07,2,9,389.93
2023-07-08,2,9,651.77
2023-07-09,2,9,569.34
2023-07-10,2,9,481.16
2023-07-11,2,9,520.87
2023-07-12,2,9,580.66
2023-07-13,2,9,578.37
2023-07-14,2,9,335.89
2023-07-15,2,9,741.28
2023-07-16,2,9,694.08
2023-07-17,2,9,474.67
2023-07-18,2,9,450.07
2023-07-19,2,9,514.02
2023-07-20,2,9,537.17
2023-07-21,2,9,548.99
2023-07-22,2,9,655.84
2023-07-23,2,9,420.21
2023-07-24,2,9,481.87
2023-07-25,2,9,428.39
2023-07-26,2,9,681.88
2023-07-27,2,9,526.18
2023-07-28,2,9,579.88
2023-07-29,2,9,743.53
2023-07-30,2,9,710.91
2023-07-31,2,9,490.22
2023-08-01,2,9,441.43
2023-08-02,2,9,335.18
2023-08-03,2,9,491.51
2023-08-04,2,9,503.25
2023-08-05,2,9,621.92
2023-08-06,2,9,640.3
2023-08-07,2,9,395.16
2023-08-08,2,9,461.48
2023-08-09,2,9,435.99
2023-08-10,2,9,531.6
2023-08-11,2,9,486.66
2023-08-12,2,9,568.8
2023-08-13,2,9,614.48
2023-08-14,2,9,409.04
2023-08-15,2,9,461.04
2023-08-16,2,9,527.62
2023-08-17,2,9,388.49
2023-08-18,2,9,481.36
2023-08-19,2,9,560.87
2023-08-20,2,9,506.05
2023-08-21,2,9,622.92
2023-08-22,2,9,578.64
2023-08-23,2,9,443.62
2023-08-24,2,9,466.45
2023-08-25,2,9,339.94
2023-08-26,2,9,483.11
2023-08-27,2,9,527.67
2023-08-28,2,9,486.41
2023-08-29,2,9,480.76
2023-08-30,2,9,513.83
2023-08-31,2,9,539.64
2023-09-01,2,9,493.98
2023-09-02,2,9,516.79
2023-09-03,2,9,647.23
2023-09-04,2,9,520.37
2023-09-05,2,9,444.92
2023-09-06,2,9,343.93
2023-09-07,2,9,560.51
2023-09-08,2,9,482.58
2023-09-09,2,9,361.85
2023-09-10,2,9,812.42
2023-09-11,2,9,442.89
2023-09-12,2,9,652.12
2023-09-13,2,9,504.79
2023-09-14,2,9,463.5
2023-09-15,2,9,491.51
2023-09-16,2,9,556.02
2023-09-17,2,9,628.33
2023-09-18,2,9,623.75
2023-09-19,2,9,414.88
2023-09-20,2,9,518.19
2023-09-21,2,9,428.27
2023-09-22,2,9,468.29
2023-09-23,2,9,810.18
2023-09-24,2,9,674.66
2023-09-25,2,9,535.11
2023-09-26,2,9,486.69
2023-09-27,2,9,676.7
2023-09-28,2,9,413.48
2023-09-29,2,9,368.16
2023-09-30,2,9,786.3
2023-10-01,2,9,611.85
2023-10-02,2,9,530.28
2023-10-03,2,9,628.53
2023-10-04,2,9,531.92
2023-10-05,2,9,667.91
2023-10-06,2,9,510.98
2023-10-07,2,9,582.19
2023-10-08,2,9,421.68
2023-10-09,2,9,524.29
2023-10-10,2,9,333.58
2023-10-11,2,9,526.74
2023-10-12,2,9,612.61
2023-10-13,2,9,501.6
2023-10-14,2,9,672.8
2023-10-15,2,9,744.45
2023-10-16,2,9,554.4
2023-10-17,2,9,591.86
2023-10-18,2,9,502.96
2023-10-19,2,9,334.29
2023-10-20,2,9,594.11
2023-10-21,2,9,633.39
2023-10-22,2,9,570.69
2023-10-23,2,9,531.43
2023-10-24,2,9,520.41
2023-10-25,2,9,449.6
2023-10-26,2,9,409.11
2023-10-27,2,9,542.79
2023-10-28,2,9,575.6
2023-10-29,2,9,671.42
2023-10-30,2,9,536.53
2023-10-31,2,9,582.2
2023-11-01,2,9,729.73
2023-11-02,2,9,573.76
2023-11-03,2,9,519.01
2023-11-04,2,9,900.52
2023-11-05,2,9,835.0
2023-11-06,2,9,569.4
2023-11-07,2,9,575.42
2023-11-08,2,9,558.28
2023-11-09,2,9,569.91
2023-11-10,2,9,548.2
2023-11-11,2,9,618.26
2023-11-12,2,9,725.54
2023-11-13,2,9,704.7
2023-11-14,2,9,489.72
2023-11-15,2,9,535.64
2023-11-16,2,9,483.95
2023-11-17,2,9,656.07
2023-11-18,2,9,817.66
2023-11-19,2,9,588.08
2023-11-20,2,9,390.46
2023-11-21,2,9,633.12
2023-11-22,2,9,448.05
2023-11-23,2,9,630.72
2023-11-24,2,9,507.62
2023-11-25,2,9,806.31
2023-11-26,2,9,779.29
2023-11-27,2,9,517.09
2023-11-28,2,9,488.49
2023-11-29,2,9,611.63
2023-11-30,2,9,504.81
2023-12-01,2,9,730.48
2023-12-02,2,9,712.96
2023-12-03,2,9,857.99
2023-12-04,2,9,590.68
2023-12-05,2,9,628.31
2023-12-06,2,9,562.14
2023-12-07,2,9,611.67
2023-12-08,2,9,387.23
2023-12-09,2,9,718.28
2023-12-10,2,9,746.36
2023-12-11,2,9,623.19
2023-12-12,2,9,752.63
2023-12-13,2,9,564.71
2023-12-14,2,9,764.95
2023-12-15,2,9,549.87
2023-12-16,2,9,684.85
2023-12-17,2,9,589.57
2023-12-18,2,9,690.14
2023-12-19,2,9,641.1
2023-12-20,2,9,685.32
2023-12-21,2,9,646.18
2023-12-22,2,9,633.17
2023-12-23,2,9,859.92
2023-12-24,2,9,1091.65
2023-12-25,2,9,589.99
2023-12-26,2,9,831.35
2023-12-27,2,9,717.19
2023-12-28,2,9,671.11
2023-12-29,2,9,689.58
2023-12-30,2,9,431.15
2023-12-31,2,9,796.05
2022-01-01,2,10,293.4
2022-01-02,2,10,287.51
2022-01-03,2,10,387.11
2022-01-04,2,10,321.1
2022-01-05,2,10,332.6
2022-01-06,2,10,236.99
2022-01-07,2,10,287.7
2022-01-08,2,10,403.36
2022-01-09,2,10,435.66
2022-01-10,2,10,305.86
2022-01-11,2,10,274.97
2022-01-12,2,10,287.6
2022-01-13,2,10,385.42
2022-01-14,2,10,338.59
2022-01-15,2,10,464.03
2022-01-16,2,10,368.06
2022-01-17,2,10,182.43
2022-01-18,2,10,302.16
2022-01-19,2,10,285.55
2022-01-20,2,10,345.74
2022-01-21,2,10,490.94
2022-01-22,2,10,472.56
2022-01-23,2,10,604.15
2022-01-24,2,10,357.97
2022-01-25,2,10,298.96
2022-01-26,2,10,347.72
2022-01-27,2,10,419.15
2022-01-28,2,10,421.99
2022-01-29,2,10,393.69
2022-01-30,2,10,447.67
2022-01-31,2,10,260.89
2022-02-01,2,10,398.38
2022-02-02,2,10,437.56
2022-02-03,2,10,357.34
2022-02-04,2,10,319.97
2022-02-05,2,10,487.67
2022-02-06,2,10,492.12
2022-02-07,2,10,360.93
2022-02-08,2,10,366.5
2022-02-09,2,10,347.96
2022-02-10,2,10,411.05
2022-02-11,2,10,397.5
2022-02-12,2,10,397.11
2022-02-13,2,10,395.57
2022-02-14,2,10,345.3
2022-02-15,2,10,399.06
2022-02-16,2,10,367.67
2022-02-17,2,10,325.3
2022-02-18,2,10,374.51
2022-02-19,2,10,445.66
2022-02-20,2,10,531.37
2022-02-21,2,10,379.46
2022-02-22,2,10,344.64
2022-02-23,2,10,374.67
2022-02-24,2,10,433.93
2022-02-25,2,10,331.78
2022-02-26,2,10,500.57
2022-02-27,2,10,467.51
2022-02-28,2,10,387.11
2022-03-01,2,10,335.9
2022-03-02,2,10,378.99
2022-03-03,2,10,435.19
2022-03-04,2,10,321.03
2022-03-05,2,10,389.12
2022-03-06,2,10,392.26
2022-03-07,2,10,308.81
2022-03-08,2,10,408.42
2022-03-09,2,10,296.15
2022-03-10,2,10,358.85
2022-03-11,2,10,410.86
2022-03-12,2,10,519.82
2022-03-13,2,10,461.38
2022-03-14,2,10,387.84
2022-03-15,2,10,383.46
2022-03-16,2,10,365.04
2022-03-17,2,10,366.14
2022-03-18,2,10,505.35
2022-03-19,2,10,552.23
2022-03-20,2,10,676.31
2022-03-21,2,10,351.22
2022-03-22,2,10,375.02
2022-03-23,2,10,304.24
2022-03-24,2,10,334.35
2022-03-25,2,10,489.58
2022-03-26,2,10,456.83
2022-03-27,2,10,638.93
2022-03-28,2,10,310.73
2022-03-29,2,10,321.91
2022-03-30,2,10,363.09
2022-03-31,2,10,379.36
2022-04-01,2,10,426.71
2022-04-02,2,10,520.68
2022-04-03,2,10,457.67
2022-04-04,2,10,368.33
2022-04-05,2,10,358.19
2022-04-06,2,10,324.88
2022-04-07,2,10,326.68
2022-04-08,2,10,435.38
2022-04-09,2,10,356.24
2022-04-10,2,10,610.47
2022-04-11,2,10,358.79
2022-04-12,2,10,334.73
2022-04-13,2,10,420.99
2022-04-14,2,10,463.78
2022-04-15,2,10,443.27
2022-04-16,2,10,531.15
2022-04-17,2,10,575.02
2022-04-18,2,10,282.65
2022-04-19,2,10,351.18
2022-04-20,2,10,329.23
2022-04-21,2,10,451.81
2022-04-22,2,10,360.06
2022-04-23,2,10,560.13
2022-04-24,2,10,537.53
2022-04-25,2,10,333.52
2022-04-26,2,10,349.66
2022-04-27,2,10,458.23
2022-04-28,2,10,339.42
2022-04-29,2,10,391.64
2022-04-30,2,10,441.51
2022-05-01,2,10,447.32
2022-05-02,2,10,358.92
2022-05-03,2,10,319.27
2022-05-04,2,10,309.91
2022-05-05,2,10,377.95
2022-05-06,2,10,316.75
2022-05-07,2,10,414.56
2022-05-08,2,10,405.83
2022-05-09,2,10,359.43
2022-05-10,2,10,415.53
2022-05-11,2,10,446.65
2022-05-12,2,10,324.94
2022-05-13,2,10,482.69
2022-05-14,2,10,403.31
2022-05-15,2,10,552.55
2022-05-16,2,10,326.32
2022-05-17,2,10,318.41
2022-05-18,2,10,325.63
2022-05-19,2,10,364.02
2022-05-20,2,10,399.17
2022-05-21,2,10,525.82
2022-05-22,2,10,410.52
2022-05-23,2,10,313.54
2022-05-24,2,10,317.85
2022-05-25,2,10,362.68
2022-05-26,2,10,357.52
2022-05-27,2,10,316.82
2022-05-28,2,10,500.19
2022-05-29,2,10,644.47
2022-05-30,2,10,342.4
2022-05-31,2,10,346.66
2022-06-01,2,10,365.68
2022-06-02,2,10,309.35
2022-06-03,2,10,371.86
2022-06-04,2,10,392.32
2022-06-05,2,10,561.04
2022-06-06,2,10,356.35
2022-06-07,2,10,307.58
2022-06-08,2,10,309.44
2022-06-09,2,10,313.52
2022-06-10,2,10,410.01
2022-06-11,2,10,358.19
2022-06-12,2,10,398.4
2022-06-13,2,10,312.16
2022-06-14,2,10,340.37
2022-06-15,2,10,327.58
2022-06-16,2,10,265.31
2022-06-17,2,10,321.54
2022-06-18,2,10,438.4
2022-06-19,2,10,403.46
2022-06-20,2,10,378.26
2022-06-21,2,10,390.56
2022-06-22,2,10,339.48
2022-06-23,2,10,355.7
2022-06-24,2,10,232.56
2022-06-25,2,10,419.43
2022-06-26,2,10,515.63
2022-06-27,2,10,323.07
2022-06-28,2,10,307.09
2022-06-29,2,10,463.63
2022-06-30,2,10,440.23
2022-07-01,2,10,333.39
2022-07-02,2,10,474.59
2022-07-03,2,10,270.23
2022-07-04,2,10,275.43
2022-07-05,2,10,290.56
2022-07-06,2,10,301.78
2022-07-07,2,10,290.11
2022-07-08,2,10,193.51
2022-07-09,2,10,431.35
2022-07-10,2,10,441.36
2022-07-11,2,10,389.67
2022-07-12,2,10,277.26
2022-07-13,2,10,273.63
2022-07-14,2,10,188.35
2022-07-15,2,10,301.35
2022-07-16,2,10,465.58
2022-07-17,2,10,372.82
2022-07-18,2,10,417.63
2022-07-19,2,10,304.11
2022-07-20,2,10,323.53
2022-07-21,2,10,252.04
2022-07-22,2,10,330.74
2022-07-23,2,10,290.06
2022-07-24,2,10,455.85
2022-07-25,2,10,352.41
2022-07-26,2,10,383.0
2022-07-27,2,10,269.68
2022-07-28,2,10,326.33
2022-07-29,2,10,345.9
2022-07-30,2,10,442.47
2022-07-31,2,10,361.38
2022-08-01,2,10,188.33
2022-08-02,2,10,309.25
2022-08-03,2,10,287.46
2022-08-04,2,10,269.41
2022-08-05,2,10,328.45
2022-08-06,2,10,380.81
2022-08-07,2,10,307.78
2022-08-08,2,10,209.82
2022-08-09,2,10,245.58
2022-08-10,2,10,402.1
2022-08-11,2,10,328.24
2022-08-12,2,10,304.76
2022-08-13,2,10,375.1
2022-08-14,2,10,371.6
2022-08-15,2,10,349.12
2022-08-16,2,10,275.46
2022-08-17,2,10,323.34
2022-08-18,2,10,282.26
2022-08-19,2,10,384.82
2022-08-20,2,10,430.99
2022-08-21,2,10,460.64
2022-08-22,2,10,272.61
2022-08-23,2,10,346.5
2022-08-24,2,10,285.25
2022-08-25,2,10,304.47
2022-08-26,2,10,373.29
2022-08-27,2,10,329.01
2022-08-28,2,10,402.23
2022-08-29,2,10,320.24
2022-08-30,2,10,324.19
2022-08-31,2,10,280.63
2022-09-01,2,10,382.67
2022-09-02,2,10,235.04
2022-09-03,2,10,462.56
2022-09-04,2,10,449.04
2022-09-05,2,10,375.77
2022-09-06,2,10,222.92
2022-09-07,2,10,254.7
2022-09-08,2,10,358.69
2022-09-09,2,10,210.75
2022-09-10,2,10,289.68
2022-09-11,2,10,353.97
2022-09-12,2,10,302.51
2022-09-13,2,10,364.56
2022-09-14,2,10,286.32
2022-09-15,2,10,267.85
2022-09-16,2,10,308.75
2022-09-17,2,10,410.81
2022-09-18,2,10,409.5
2022-09-19,2,10,287.79
2022-09-20,2,10,209.13
2022-09-21,2,10,255.39
2022-09-22,2,10,359.53
2022-09-23,2,10,304.94
2022-09-24,2,10,367.24
2022-09-25,2,10,450.99
2022-09-26,2,10,246.92
2022-09-27,2,10,287.5
2022-09-28,2,10,303.94
2022-09-29,2,10,278.29
2022-09-30,2,10,302.77
2022-10-01,2,10,389.75
2022-10-02,2,10,317.11
2022-10-03,2,10,317.39
2022-10-04,2,10,247.61
2022-10-05,2,10,317.15
2022-10-06,2,10,373.54
2022-10-07,2,10,296.88
2022-10-08,2,10,332.39
2022-10-09,2,10,395.87
2022-10-10,2,10,271.9
2022-10-11,2,10,338.64
2022-10-12,2,10,304.25
2022-10-13,2,10,391.26
2022-10-14,2,10,366.01
2022-10-15,2,10,396.14
2022-10-16,2,10,449.32
2022-10-17,2,10,293.94
2022-10-18,2,10,314.2
2022-10-19,2,10,295.89
2022-10-20,2,10,349.09
2022-10-21,2,10,380.69
2022-10-22,2,10,456.49
2022-10-23,2,10,464.39
2022-10-24,2,10,357.55
2022-10-25,2,10,340.3
2022-10-26,2,10,260.8
2022-10-27,2,10,395.11
2022-10-28,2,10,400.3
2022-10-29,2,10,395.48
2022-10-30,2,10,387.37
2022-10-31,2,10,344.77
2022-11-01,2,10,372.4
2022-11-02,2,10,333.82
2022-11-03,2,10,279.91
2022-11-04,2,10,360.58
2022-11-05,2,10,485.65
2022-11-06,2,10,497.77
2022-11-07,2,10,363.67
2022-11-08,2,10,331.77
2022-11-09,2,10,397.7
2022-11-10,2,10,349.78
2022-11-11,2,10,322.45
2022-11-12,2,10,438.73
2022-11-13,2,10,333.1
2022-11-14,2,10,337.92
2022-11-15,2,10,383.58
2022-11-16,2,10,365.67
2022-11-17,2,10,427.63
2022-11-18,2,10,334.72
2022-11-19,2,10,486.49
2022-11-20,2,10,507.64
2022-11-21,2,10,472.0
2022-11-22,2,10,357.11
2022-11-23,2,10,295.0
2022-11-24,2,10,394.57
2022-11-25,2,10,448.35
2022-11-26,2,10,433.7
2022-11-27,2,10,513.64
2022-11-28,2,10,415.82
2022-11-29,2,10,404.97
2022-11-30,2,10,358.26
2022-12-01,2,10,350.03
2022-12-02,2,10,386.52
2022-12-03,2,10,544.08
2022-12-04,2,10,578.84
2022-12-05,2,10,411.81
2022-12-06,2,10,370.1
2022-12-07,2,10,425.47
2022-12-08,2,10,443.76
2022-12-09,2,10,415.74
2022-12-10,2,10,447.54
2022-12-11,2,10,498.17
2022-12-12,2,10,450.27
2022-12-13,2,10,312.67
2022-12-14,2,10,270.85
2022-12-15,2,10,484.48
2022-12-16,2,10,425.72
2022-12-17,2,10,561.21
2022-12-18,2,10,431.63
2022-12-19,2,10,440.11
2022-12-20,2,10,412.94
2022-12-21,2,10,302.55
2022-12-22,2,10,482.0
2022-12-23,2,10,406.91
2022-12-24,2,10,486.34
2022-12-25,2,10,488.1
2022-12-26,2,10,277.92
2022-12-27,2,10,434.09
2022-12-28,2,10,414.58
2022-12-29,2,10,387.58
2022-12-30,2,10,476.11
2022-12-31,2,10,411.84
2023-01-01,2,10,520.91
2023-01-02,2,10,384.26
2023-01-03,2,10,422.3
2023-01-04,2,10,445.52
2023-01-05,2,10,469.85
2023-01-06,2,10,418.71
2023-01-07,2,10,499.01
2023-01-08,2,10,720.48
2023-01-09,2,10,602.8
2023-01-10,2,10,452.51
2023-01-11,2,10,392.99
2023-01-12,2,10,541.82
2023-01-13,2,10,347.61
2023-01-14,2,10,548.56
2023-01-15,2,10,517.63
2023-01-16,2,10,367.54
2023-01-17,2,10,426.55
2023-01-18,2,10,387.81
2023-01-19,2,10,446.74
2023-01-20,2,10,448.04
2023-01-21,2,10,526.4
2023-01-22,2,10,548.63
2023-01-23,2,10,431.7
2023-01-24,2,10,501.87
2023-01-25,2,10,437.86
2023-01-26,2,10,503.59
2023-01-27,2,10,487.88
2023-01-28,2,10,633.45
2023-01-29,2,10,705.4
2023-01-30,2,10,373.98
2023-01-31,2,10,417.84
2023-02-01,2,10,607.01
2023-02-02,2,10,461.84
2023-02-03,2,10,277.73
2023-02-04,2,10,606.35
2023-02-05,2,10,638.51
2023-02-06,2,10,292.64
2023-02-07,2,10,578.57
2023-02-08,2,10,430.8
2023-02-09,2,10,506.58
2023-02-10,2,10,466.76
2023-02-11,2,10,507.06
2023-02-12,2,10,527.97
2023-02-13,2,10,416.26
2023-02-14,2,10,563.41
2023-02-15,2,10,474.12
2023-02-16,2,10,447.22
2023-02-17,2,10,417.47
2023-02-18,2,10,744.98
2023-02-19,2,10,770.93
2023-02-20,2,10,573.04
2023-02-21,2,10,522.88
2023-02-22,2,10,508.44
2023-02-23,2,10,398.67
2023-02-24,2,10,469.96
2023-02-25,2,10,569.66
2023-02-26,2,10,461.28
2023-02-27,2,10,566.51
2023-02-28,2,10,438.25
2023-03-01,2,10,590.7
2023-03-02,2,10,567.49
2023-03-03,2,10,543.44
2023-03-04,2,10,712.46
2023-03-05,2,10,592.67
2023-03-06,2,10,642.68
2023-03-07,2,10,506.22
2023-03-08,2,10,526.11
2023-03-09,2,10,454.63
2023-03-10,2,10,433.62
2023-03-11,2,10,702.62
2023-03-12,2,10,677.54
2023-03-13,2,10,445.27
2023-03-14,2,10,396.37
2023-03-15,2,10,409.43
2023-03-16,2,10,596.94
2023-03-17,2,10,459.89
2023-03-18,2,10,625.38
2023-03-19,2,10,802.78
2023-03-20,2,10,422.1
2023-03-21,2,10,452.5
2023-03-22,2,10,449.63
2023-03-23,2,10,632.03
2023-03-24,2,10,661.12
2023-03-25,2,10,736.72
2023-03-26,2,10,740.39
2023-03-27,2,10,465.6
2023-03-28,2,10,659.42
2023-03-29,2,10,531.21
2023-03-30,2,10,576.45
2023-03-31,2,10,503.31
2023-04-01,2,10,624.28
2023-04-02,2,10,813.24
2023-04-03,2,10,541.58
2023-04-04,2,10,610.51
2023-04-05,2,10,520.92
2023-04-06,2,10,438.16
2023-04-07,2,10,458.43
2023-04-08,2,10,663.65
2023-04-09,2,10,592.54
2023-04-10,2,10,419.79
2023-04-11,2,10,594.55
2023-04-12,2,10,462.91
2023-04-13,2,10,514.91
2023-04-14,2,10,527.22
2023-04-15,2,10,598.75
2023-04-16,2,10,800.14
2023-04-17,2,10,421.07
2023-04-18,2,10,526.04
2023-04-19,2,10,525.22
2023-04-20,2,10,502.74
2023-04-21,2,10,408.53
2023-04-22,2,10,746.0
2023-04-23,2,10,733.9
2023-04-24,2,10,456.73
2023-04-25,2,10,562.55
2023-04-26,2,10,537.54
2023-04-27,2,10,411.44
2023-04-28,2,10,444.34
2023-04-29,2,10,776.13
2023-04-30,2,10,694.18
2023-05-01,2,10,438.25
2023-05-02,2,10,417.41
2023-05-03,2,10,442.36
2023-05-04,2,10,447.76
2023-05-05,2,10,419.15
2023-05-06,2,10,461.35
2023-05-07,2,10,731.79
2023-05-08,2,10,551.07
2023-05-09,2,10,389.43
2023-05-10,2,10,491.53
2023-05-11,2,10,416.77
2023-05-12,2,10,463.4
2023-05-13,2,10,595.0
2023-05-14,2,10,587.57
2023-05-15,2,10,628.5
2023-05-16,2,10,451.67
2023-05-17,2,10,425.27
2023-05-18,2,10,428.87
2023-05-19,2,10,560.45
2023-05-20,2,10,474.16
2023-05-21,2,10,558.64
2023-05-22,2,10,590.93
2023-05-23,2,10,503.66
2023-05-24,2,10,500.19
2023-05-25,2,10,642.12
2023-05-26,2,10,504.83
2023-05-27,2,10,566.04
2023-05-28,2,10,606.92
2023-05-29,2,10,404.73
2023-05-30,2,10,580.09
2023-05-31,2,10,530.55
2023-06-01,2,10,519.28
2023-06-02,2,10,525.53
2023-06-03,2,10,542.47
2023-06-04,2,10,496.77
2023-06-05,2,10,442.06
2023-06-06,2,10,387.44
2023-06-07,2,10,457.14
2023-06-08,2,10,522.2
2023-06-09,2,10,435.42
2023-06-10,2,10,594.15
2023-06-11,2,10,573.27
2023-06-12,2,10,501.46
2023-06-13,2,10,403.0
2023-06-14,2,10,300.5
2023-06-15,2,10,480.12
2023-06-16,2,10,515.23
2023-06-17,2,10,622.83
2023-06-18,2,10,528.03
2023-06-19,2,10,373.07
2023-06-20,2,10,483.28
2023-06-21,2,10,459.76
2023-06-22,2,10,442.0
2023-06-23,2,10,574.02
2023-06-24,2,10,503.13
2023-06-25,2,10,743.02
2023-06-26,2,10,453.82
2023-06-27,2,10,327.52
2023-06-28,2,10,440.1
2023-06-29,2,10,517.68
2023-06-30,2,10,428.04
2023-07-01,2,10,412.89
2023-07-02,2,10,517.42
2023-07-03,2,10,355.84
2023-07-04,2,10,438.76
2023-07-05,2,10,456.31
2023-07-06,2,10,344.32
2023-07-07,2,10,366.06
2023-07-08,2,10,593.01
2023-07-09,2,10,464.26
2023-07-10,2,10,343.61
2023-07-11,2,10,337.89
2023-07-12,2,10,432.41
2023-07-13,2,10,430.05
2023-07-14,2,10,369.05
2023-07-15,2,10,535.38
2023-07-16,2,10,657.93
2023-07-17,2,10,351.84
2023-07-18,2,10,291.6
2023-07-19,2,10,440.73
2023-07-20,2,10,406.0
2023-07-21,2,10,369.1
2023-07-22,2,10,589.93
2023-07-23,2,10,605.4
2023-07-24,2,10,276.79
2023-07-25,2,10,373.61
2023-07-26,2,10,558.48
2023-07-27,2,10,450.97
2023-07-28,2,10,457.02
2023-07-29,2,10,634.73
2023-07-30,2,10,541.49
2023-07-31,2,10,465.42
2023-08-01,2,10,423.32
2023-08-02,2,10,413.32
2023-08-03,2,10,364.16
2023-08-04,2,10,392.77
2023-08-05,2,10,454.11
2023-08-06,2,10,499.34
2023-08-07,2,10,316.38
2023-08-08,2,10,338.33
2023-08-09,2,10,367.83
2023-08-10,2,10,329.94
2023-08-11,2,10,355.45
2023-08-12,2,10,487.97
2023-08-13,2,10,530.8
2023-08-14,2,10,440.18
2023-08-15,2,10,358.73
2023-08-16,2,10,463.06
2023-08-17,2,10,440.39
2023-08-18,2,10,415.49
2023-08-19,2,10,514.06
2023-08-20,2,10,526.86
2023-08-21,2,10,455.92
2023-08-22,2,10,458.33
2023-08-23,2,10,465.09
2023-08-24,2,10,390.14
2023-08-25,2,10,420.27
2023-08-26,2,10,606.4
2023-08-27,2,10,457.75
2023-08-28,2,10,370.14
2023-08-29,2,10,389.88
2023-08-30,2,10,441.71
2023-08-31,2,10,442.89
2023-09-01,2,10,363.99
2023-09-02,2,10,379.48
2023-09-03,2,10,508.89
2023-09-04,2,10,325.71
2023-09-05,2,10,293.51
2023-09-06,2,10,306.51
2023-09-07,2,10,396.98
2023-09-08,2,10,456.0
2023-09-09,2,10,495.47
2023-09-10,2,10,508.53
2023-09-11,2,10,446.71
2023-09-12,2,10,291.68
2023-09-13,2,10,409.5
2023-09-14,2,10,379.43
2023-09-15,2,10,412.62
2023-09-16,2,10,458.85
2023-09-17,2,10,434.3
2023-09-18,2,10,389.06
2023-09-19,2,10,475.58
2023-09-20,2,10,430.77
2023-09-21,2,10,352.66
2023-09-22,2,10,305.14
2023-09-23,2,10,371.5
2023-09-24,2,10,595.32
2023-09-25,2,10,327.85
2023-09-26,2,10,364.21
2023-09-27,2,10,459.07
2023-09-28,2,10,290.57
2023-09-29,2,10,469.48
2023-09-30,2,10,480.01
2023-10-01,2,10,427.12
2023-10-02,2,10,382.45
2023-10-03,2,10,354.35
2023-10-04,2,10,423.97
2023-10-05,2,10,359.23
2023-10-06,2,10,283.99
2023-10-07,2,10,500.78
2023-10-08,2,10,412.78
2023-10-09,2,10,411.11
2023-10-10,2,10,328.05
2023-10-11,2,10,370.13
2023-10-12,2,10,410.55
2023-10-13,2,10,387.11
2023-10-14,2,10,539.66
2023-10-15,2,10,573.54
2023-10-16,2,10,331.0
2023-10-17,2,10,396.95
2023-10-18,2,10,200.76
2023-10-19,2,10,416.19
2023-10-20,2,10,383.43
2023-10-21,2,10,445.28
2023-10-22,2,10,547.39
2023-10-23,2,10,473.04
2023-10-24,2,10,373.78
2023-10-25,2,10,345.68
2023-10-26,2,10,412.98
2023-10-27,2,10,322.46
2023-10-28,2,10,472.57
2023-10-29,2,10,621.08
2023-10-30,2,10,407.74
2023-10-31,2,10,290.26
2023-11-01,2,10,321.59
2023-11-02,2,10,451.24
2023-11-03,2,10,497.82
2023-11-04,2,10,434.25
2023-11-05,2,10,612.42
2023-11-06,2,10,529.71
2023-11-07,2,10,566.97
2023-11-08,2,10,464.08
2023-11-09,2,10,476.01
2023-11-10,2,10,301.01
2023-11-11,2,10,757.12
2023-11-12,2,10,526.39
2023-11-13,2,10,381.34
2023-11-14,2,10,426.71
2023-11-15,2,10,544.63
2023-11-16,2,10,591.35
2023-11-17,2,10,452.85
2023-11-18,2,10,664.74
2023-11-19,2,10,582.27
2023-11-20,2,10,375.96
2023-11-21,2,10,544.24
2023-11-22,2,10,404.2
2023-11-23,2,10,548.81
2023-11-24,2,10,533.27
2023-11-25,2,10,634.05
2023-11-26,2,10,740.29
2023-11-27,2,10,596.85
2023-11-28,2,10,435.63
2023-11-29,2,10,393.34
2023-11-30,2,10,322.66
2023-12-01,2,10,665.65
2023-12-02,2,10,605.03
2023-12-03,2,10,758.48
2023-12-04,2,10,443.39
2023-12-05,2,10,614.33
2023-12-06,2,10,446.99
2023-12-07,2,10,410.41
2023-12-08,2,10,484.39
2023-12-09,2,10,598.54
2023-12-10,2,10,709.01
2023-12-11,2,10,497.05
2023-12-12,2,10,548.39
2023-12-13,2,10,479.6
2023-12-14,2,10,451.73
2023-12-15,2,10,458.13
2023-12-16,2,10,853.42
2023-12-17,2,10,675.54
2023-12-18,2,10,353.3
2023-12-19,2,10,463.98
2023-12-20,2,10,510.86
2023-12-21,2,10,643.31
2023-12-22,2,10,581.92
2023-12-23,2,10,565.09
2023-12-24,2,10,894.15
2023-12-25,2,10,502.65
2023-12-26,2,10,599.77
2023-12-27,2,10,418.0
2023-12-28,2,10,323.91
2023-12-29,2,10,399.25
2023-12-30,2,10,337.41
2023-12-31,2,10,867.52
2022-01-01,3,1,693.56
2022-01-02,3,1,579.32
2022-01-03,3,1,553.07
2022-01-04,3,1,533.15
2022-01-05,3,1,567.27
2022-01-06,3,1,613.7
2022-01-07,3,1,497.36
2022-01-08,3,1,587.34
2022-01-09,3,1,761.41
2022-01-10,3,1,584.29
2022-01-11,3,1,529.93
2022-01-12,3,1,693.24
2022-01-13,3,1,488.72
2022-01-14,3,1,452.92
2022-01-15,3,1,724.07
2022-01-16,3,1,612.97
2022-01-17,3,1,564.18
2022-01-18,3,1,459.98
2022-01-19,3,1,494.59
2022-01-20,3,1,676.08
2022-01-21,3,1,495.14
2022-01-22,3,1,603.84
2022-01-23,3,1,807.31
2022-01-24,3,1,445.4
2022-01-25,3,1,474.26
2022-01-26,3,1,575.61
2022-01-27,3,1,604.96
2022-01-28,3,1,628.01
2022-01-29,3,1,613.33
2022-01-30,3,1,753.24
2022-01-31,3,1,495.16
2022-02-01,3,1,516.73
2022-02-02,3,1,671.59
2022-02-03,3,1,522.52
2022-02-04,3,1,593.8
2022-02-05,3,1,759.04
2022-02-06,3,1,623.2
2022-02-07,3,1,654.51
2022-02-08,3,1,620.31
2022-02-09,3,1,402.12
2022-02-10,3,1,597.18
2022-02-11,3,1,507.33
2022-02-12,3,1,869.64
2022-02-13,3,1,585.41
2022-02-14,3,1,544.75
2022-02-15,3,1,607.36
2022-02-16,3,1,581.33
2022-02-17,3,1,643.24
2022-02-18,3,1,446.15
2022-02-19,3,1,938.05
2022-02-20,3,1,811.76
2022-02-21,3,1,697.56
2022-02-22,3,1,655.99
2022-02-23,3,1,579.48
2022-02-24,3,1,469.11
2022-02-25,3,1,532.43
2022-02-26,3,1,937.23
2022-02-27,3,1,914.92
2022-02-28,3,1,529.04
2022-03-01,3,1,344.7
2022-03-02,3,1,578.62
2022-03-03,3,1,572.44
2022-03-04,3,1,576.39
2022-03-05,3,1,840.98
2022-03-06,3,1,882.44
2022-03-07,3,1,689.72
2022-03-08,3,1,641.26
2022-03-09,3,1,439.13
2022-03-10,3,1,571.38
2022-03-11,3,1,811.09
2022-03-12,3,1,828.36
2022-03-13,3,1,828.38
2022-03-14,3,1,637.05
2022-03-15,3,1,642.72
2022-03-16,3,1,389.11
2022-03-17,3,1,584.37
2022-03-18,3,1,603.27
2022-03-19,3,1,941.22
2022-03-20,3,1,795.85
2022-03-21,3,1,458.14
2022-03-22,3,1,648.26
2022-03-23,3,1,536.04
2022-03-24,3,1,498.74
2022-03-25,3,1,534.25
2022-03-26,3,1,859.25
2022-03-27,3,1,945.5
2022-03-28,3,1,656.71
2022-03-29,3,1,671.02
2022-03-30,3,1,657.01
2022-03-31,3,1,623.38
2022-04-01,3,1,663.7
2022-04-02,3,1,498.19
2022-04-03,3,1,795.62
2022-04-04,3,1,508.1
2022-04-05,3,1,708.29
2022-04-06,3,1,590.32
2022-04-07,3,1,607.0
2022-04-08,3,1,468.22
2022-04-09,3,1,906.9
2022-04-10,3,1,861.71
2022-04-11,3,1,657.06
2022-04-12,3,1,532.93
2022-04-13,3,1,537.0
2022-04-14,3,1,628.45
2022-04-15,3,1,545.2
2022-04-16,3,1,843.56
2022-04-17,3,1,535.7
2022-04-18,3,1,565.63
2022-04-19,3,1,775.43
2022-04-20,3,1,651.66
2022-04-21,3,1,627.22
2022-04-22,3,1,794.84
2022-04-23,3,1,517.68
2022-04-24,3,1,700.09
2022-04-25,3,1,577.16
2022-04-26,3,1,693.81
2022-04-27,3,1,696.03
2022-04-28,3,1,535.78
2022-04-29,3,1,708.58
2022-04-30,3,1,753.42
2022-05-01,3,1,889.34
2022-05-02,3,1,489.67
2022-05-03,3,1,569.2
2022-05-04,3,1,537.77
2022-05-05,3,1,672.99
2022-05-06,3,1,535.88
2022-05-07,3,1,751.78
2022-05-08,3,1,814.84
2022-05-09,3,1,630.72
2022-05-10,3,1,661.19
2022-05-11,3,1,602.56
2022-05-12,3,1,547.91
2022-05-13,3,1,554.41
2022-05-14,3,1,764.23
2022-05-15,3,1,790.5
2022-05-16,3,1,573.7
2022-05-17,3,1,588.86
2022-05-18,3,1,453.93
2022-05-19,3,1,647.08
2022-05-20,3,1,604.71
2022-05-21,3,1,881.12
2022-05-22,3,1,766.7
2022-05-23,3,1,436.35
2022-05-24,3,1,559.02
2022-05-25,3,1,573.57
2022-05-26,3,1,657.77
2022-05-27,3,1,408.39
2022-05-28,3,1,775.47
2022-05-29,3,1,830.82
2022-05-30,3,1,534.96
2022-05-31,3,1,601.06
2022-06-01,3,1,489.97
2022-06-02,3,1,482.07
2022-06-03,3,1,508.59
2022-06-04,3,1,629.77
2022-06-05,3,1,777.88
2022-06-06,3,1,483.3
2022-06-07,3,1,470.03
2022-06-08,3,1,688.42
2022-06-09,3,1,623.08
2022-06-10,3,1,392.87
2022-06-11,3,1,627.84
2022-06-12,3,1,735.62
2022-06-13,3,1,573.01
2022-06-14,3,1,424.66
2022-06-15,3,1,642.55
2022-06-16,3,1,615.7
2022-06-17,3,1,587.99
2022-06-18,3,1,858.67
2022-06-19,3,1,762.53
2022-06-20,3,1,586.76
2022-06-21,3,1,678.8
2022-06-22,3,1,641.67
2022-06-23,3,1,481.6
2022-06-24,3,1,604.04
2022-06-25,3,1,646.23
2022-06-26,3,1,772.68
2022-06-27,3,1,592.59
2022-06-28,3,1,438.66
2022-06-29,3,1,543.87
2022-06-30,3,1,576.53
2022-07-01,3,1,466.76
2022-07-02,3,1,680.5
2022-07-03,3,1,728.99
2022-07-04,3,1,498.41
2022-07-05,3,1,518.02
2022-07-06,3,1,605.63
2022-07-07,3,1,537.61
2022-07-08,3,1,517.53
2022-07-09,3,1,559.73
2022-07-10,3,1,720.07
2022-07-11,3,1,528.61
2022-07-12,3,1,601.16
2022-07-13,3,1,508.06
2022-07-14,3,1,367.37
2022-07-15,3,1,376.48
2022-07-16,3,1,730.08
2022-07-17,3,1,601.78
2022-07-18,3,1,539.82
2022-07-19,3,1,515.74
2022-07-20,3,1,494.78
2022-07-21,3,1,500.56
2022-07-22,3,1,442.34
2022-07-23,3,1,659.8
2022-07-24,3,1,603.88
2022-07-25,3,1,481.14
2022-07-26,3,1,485.25
2022-07-27,3,1,493.08
2022-07-28,3,1,581.52
2022-07-29,3,1,501.33
2022-07-30,3,1,767.36
2022-07-31,3,1,819.34
2022-08-01,3,1,531.24
2022-08-02,3,1,509.03
2022-08-03,3,1,494.76
2022-08-04,3,1,533.3
2022-08-05,3,1,478.75
2022-08-06,3,1,705.42
2022-08-07,3,1,671.81
2022-08-08,3,1,448.02
2022-08-09,3,1,537.66
2022-08-10,3,1,480.87
2022-08-11,3,1,467.19
2022-08-12,3,1,441.19
2022-08-13,3,1,633.57
2022-08-14,3,1,711.16
2022-08-15,3,1,539.81
2022-08-16,3,1,501.96
2022-08-17,3,1,519.99
2022-08-18,3,1,568.54
2022-08-19,3,1,467.1
2022-08-20,3,1,517.69
2022-08-21,3,1,743.66
2022-08-22,3,1,440.95
2022-08-23,3,1,429.76
2022-08-24,3,1,350.52
2022-08-25,3,1,521.33
2022-08-26,3,1,363.69
2022-08-27,3,1,554.88
2022-08-28,3,1,680.97
2022-08-29,3,1,533.9
2022-08-30,3,1,435.0
2022-08-31,3,1,472.81
2022-09-01,3,1,406.09
2022-09-02,3,1,429.16
2022-09-03,3,1,632.7
2022-09-04,3,1,563.08
2022-09-05,3,1,451.59
2022-09-06,3,1,366.06
2022-09-07,3,1,549.3
2022-09-08,3,1,505.84
2022-09-09,3,1,526.19
2022-09-10,3,1,730.25
2022-09-11,3,1,536.52
2022-09-12,3,1,446.05
2022-09-13,3,1,337.68
2022-09-14,3,1,694.55
2022-09-15,3,1,461.91
2022-09-16,3,1,546.57
2022-09-17,3,1,500.98
2022-09-18,3,1,707.76
2022-09-19,3,1,606.1
2022-09-20,3,1,470.11
2022-09-21,3,1,402.78
2022-09-22,3,1,465.26
2022-09-23,3,1,316.69
2022-09-24,3,1,615.15
2022-09-25,3,1,695.4
2022-09-26,3,1,474.09
2022-09-27,3,1,456.7
2022-09-28,3,1,515.18
2022-09-29,3,1,521.07
2022-09-30,3,1,359.1
2022-10-01,3,1,651.49
2022-10-02,3,1,878.54
2022-10-03,3,1,396.14
2022-10-04,3,1,489.37
2022-10-05,3,1,640.61
2022-10-06,3,1,578.73
2022-10-07,3,1,458.62
2022-10-08,3,1,666.45
2022-10-09,3,1,646.76
2022-10-10,3,1,442.17
2022-10-11,3,1,492.89
2022-10-12,3,1,477.88
2022-10-13,3,1,507.66
2022-10-14,3,1,443.52
2022-10-15,3,1,525.53
2022-10-16,3,1,646.47
2022-10-17,3,1,629.61
2022-10-18,3,1,507.34
2022-10-19,3,1,476.6
2022-10-20,3,1,558.72
2022-10-21,3,1,490.4
2022-10-22,3,1,836.65
2022-10-23,3,1,653.65
2022-10-24,3,1,556.4
2022-10-25,3,1,446.85
2022-10-26,3,1,542.32
2022-10-27,3,1,525.48
2022-10-28,3,1,500.77
2022-10-29,3,1,607.61
2022-10-30,3,1,594.64
2022-10-31,3,1,527.65
2022-11-01,3,1,603.48
2022-11-02,3,1,541.35
2022-11-03,3,1,576.1
2022-11-04,3,1,549.58
2022-11-05,3,1,729.72
2022-11-06,3,1,698.01
2022-11-07,3,1,555.49
2022-11-08,3,1,778.79
2022-11-09,3,1,580.78
2022-11-10,3,1,609.01
2022-11-11,3,1,592.2
2022-11-12,3,1,694.44
2022-11-13,3,1,863.92
2022-11-14,3,1,532.63
2022-11-15,3,1,645.59
2022-11-16,3,1,529.84
2022-11-17,3,1,477.84
2022-11-18,3,1,589.26
2022-11-19,3,1,606.36
2022-11-20,3,1,785.78
2022-11-21,3,1,459.62
2022-11-22,3,1,533.52
2022-11-23,3,1,440.33
2022-11-24,3,1,798.91
2022-11-25,3,1,422.28
2022-11-26,3,1,731.71
2022-11-27,3,1,856.58
2022-11-28,3,1,650.38
2022-11-29,3,1,635.23
2022-11-30,3,1,536.9
2022-12-01,3,1,753.86
2022-12-02,3,1,713.24
2022-12-03,3,1,842.08
2022-12-04,3,1,846.18
2022-12-05,3,1,600.04
2022-12-06,3,1,543.33
2022-12-07,3,1,746.49
2022-12-08,3,1,754.14
2022-12-09,3,1,546.96
2022-12-10,3,1,801.45
2022-12-11,3,1,803.32
2022-12-12,3,1,628.9
2022-12-13,3,1,638.56
2022-12-14,3,1,722.83
2022-12-15,3,1,562.41
2022-12-16,3,1,553.4
2022-12-17,3,1,977.61
2022-12-18,3,1,767.99
2022-12-19,3,1,514.93
2022-12-20,3,1,589.49
2022-12-21,3,1,604.73
2022-12-22,3,1,785.2
2022-12-23,3,1,725.55
2022-12-24,3,1,971.6
2022-12-25,3,1,931.56
2022-12-26,3,1,729.21
2022-12-27,3,1,573.09
2022-12-28,3,1,620.46
2022-12-29,3,1,544.95
2022-12-30,3,1,620.23
2022-12-31,3,1,918.7
2023-01-01,3,1,935.71
2023-01-02,3,1,844.94
2023-01-03,3,1,585.59
2023-01-04,3,1,760.14
2023-01-05,3,1,575.1
2023-01-06,3,1,718.12
2023-01-07,3,1,1023.52
2023-01-08,3,1,892.23
2023-01-09,3,1,768.33
2023-01-10,3,1,607.95
2023-01-11,3,1,533.34
2023-01-12,3,1,770.64
2023-01-13,3,1,897.92
2023-01-14,3,1,787.59
2023-01-15,3,1,1096.47
2023-01-16,3,1,717.93
2023-01-17,3,1,570.79
2023-01-18,3,1,593.08
2023-01-19,3,1,716.53
2023-01-20,3,1,671.95
2023-01-21,3,1,747.35
2023-01-22,3,1,694.65
2023-01-23,3,1,625.85
2023-01-24,3,1,738.28
2023-01-25,3,1,717.25
2023-01-26,3,1,664.44
2023-01-27,3,1,740.74
2023-01-28,3,1,1081.25
2023-01-29,3,1,991.34
2023-01-30,3,1,707.41
2023-01-31,3,1,821.41
2023-02-01,3,1,658.77
2023-02-02,3,1,744.14
2023-02-03,3,1,747.43
2023-02-04,3,1,816.57
2023-02-05,3,1,940.12
2023-02-06,3,1,531.95
2023-02-07,3,1,994.57
2023-02-08,3,1,664.68
2023-02-09,3,1,958.13
2023-02-10,3,1,778.96
2023-02-11,3,1,1092.99
2023-02-12,3,1,934.4
2023-02-13,3,1,800.4
2023-02-14,3,1,852.53
2023-02-15,3,1,854.77
2023-02-16,3,1,868.24
2023-02-17,3,1,735.39
2023-02-18,3,1,939.67
2023-02-19,3,1,771.03
2023-02-20,3,1,841.27
2023-02-21,3,1,907.34
2023-02-22,3,1,970.5
2023-02-23,3,1,817.49
2023-02-24,3,1,692.32
2023-02-25,3,1,758.59
2023-02-26,3,1,1177.48
2023-02-27,3,1,572.69
2023-02-28,3,1,744.38
2023-03-01,3,1,775.92
2023-03-02,3,1,795.13
2023-03-03,3,1,808.38
2023-03-04,3,1,1067.7
2023-03-05,3,1,667.51
2023-03-06,3,1,807.53
2023-03-07,3,1,536.66
2023-03-08,3,1,895.51
2023-03-09,3,1,740.21
2023-03-10,3,1,546.58
2023-03-11,3,1,922.77
2023-03-12,3,1,961.94
2023-03-13,3,1,954.32
2023-03-14,3,1,834.17
2023-03-15,3,1,852.73
2023-03-16,3,1,955.16
2023-03-17,3,1,800.25
2023-03-18,3,1,1175.78
2023-03-19,3,1,1165.44
2023-03-20,3,1,656.64
2023-03-21,3,1,994.12
2023-03-22,3,1,641.19
2023-03-23,3,1,927.54
2023-03-24,3,1,630.24
2023-03-25,3,1,1157.14
2023-03-26,3,1,1358.79
2023-03-27,3,1,791.48
2023-03-28,3,1,786.7
2023-03-29,3,1,893.69
2023-03-30,3,1,778.81
2023-03-31,3,1,1043.46
2023-04-01,3,1,1072.79
2023-04-02,3,1,993.33
2023-04-03,3,1,738.11
2023-04-04,3,1,691.27
2023-04-05,3,1,728.57
2023-04-06,3,1,762.52
2023-04-07,3,1,746.49
2023-04-08,3,1,944.31
2023-04-09,3,1,1378.55
2023-04-10,3,1,682.36
2023-04-11,3,1,825.38
2023-04-12,3,1,879.99
2023-04-13,3,1,885.15
2023-04-14,3,1,802.15
2023-04-15,3,1,1014.75
2023-04-16,3,1,1124.83
2023-04-17,3,1,843.34
2023-04-18,3,1,779.95
2023-04-19,3,1,621.78
2023-04-20,3,1,755.54
2023-04-21,3,1,673.28
2023-04-22,3,1,951.92
2023-04-23,3,1,1063.77
2023-04-24,3,1,858.62
2023-04-25,3,1,1033.08
2023-04-26,3,1,750.11
2023-04-27,3,1,911.3
2023-04-28,3,1,854.48
2023-04-29,3,1,1269.4
2023-04-30,3,1,1155.44
2023-05-01,3,1,651.45
2023-05-02,3,1,569.56
2023-05-03,3,1,804.48
2023-05-04,3,1,708.14
2023-05-05,3,1,656.45
2023-05-06,3,1,810.82
2023-05-07,3,1,1026.05
2023-05-08,3,1,945.58
2023-05-09,3,1,724.39
2023-05-10,3,1,840.58
2023-05-11,3,1,760.87
2023-05-12,3,1,623.69
2023-05-13,3,1,1116.76
2023-05-14,3,1,841.28
2023-05-15,3,1,777.31
2023-05-16,3,1,735.59
2023-05-17,3,1,879.76
2023-05-18,3,1,653.12
2023-05-19,3,1,822.41
2023-05-20,3,1,883.29
2023-05-21,3,1,933.73
2023-05-22,3,1,353.96
2023-05-23,3,1,1023.37
2023-05-24,3,1,843.81
2023-05-25,3,1,690.19
2023-05-26,3,1,648.81
2023-05-27,3,1,939.81
2023-05-28,3,1,1125.21
2023-05-29,3,1,560.08
2023-05-30,3,1,765.93
2023-05-31,3,1,991.04
2023-06-01,3,1,591.18
2023-06-02,3,1,721.41
2023-06-03,3,1,1233.73
2023-06-04,3,1,1015.87
2023-06-05,3,1,727.72
2023-06-06,3,1,769.01
2023-06-07,3,1,672.16
2023-06-08,3,1,855.14
2023-06-09,3,1,673.21
2023-06-10,3,1,657.79
2023-06-11,3,1,877.44
2023-06-12,3,1,613.47
2023-06-13,3,1,687.7
2023-06-14,3,1,690.53
2023-06-15,3,1,848.05
2023-06-16,3,1,794.42
2023-06-17,3,1,972.78
2023-06-18,3,1,936.02
2023-06-19,3,1,606.32
2023-06-20,3,1,485.29
2023-06-21,3,1,733.99
2023-06-22,3,1,808.3
2023-06-23,3,1,710.94
2023-06-24,3,1,864.68
2023-06-25,3,1,1006.25
2023-06-26,3,1,715.04
2023-06-27,3,1,907.78
2023-06-28,3,1,859.1
2023-06-29,3,1,829.92
2023-06-30,3,1,808.49
2023-07-01,3,1,685.45
2023-07-02,3,1,935.07
2023-07-03,3,1,691.6
2023-07-04,3,1,714.65
2023-07-05,3,1,703.92
2023-07-06,3,1,700.46
2023-07-07,3,1,922.24
2023-07-08,3,1,844.03
2023-07-09,3,1,974.33
2023-07-10,3,1,611.14
2023-07-11,3,1,736.07
2023-07-12,3,1,751.22
2023-07-13,3,1,694.89
2023-07-14,3,1,824.37
2023-07-15,3,1,743.88
2023-07-16,3,1,795.46
2023-07-17,3,1,681.61
2023-07-18,3,1,748.32
2023-07-19,3,1,679.21
2023-07-20,3,1,789.48
2023-07-21,3,1,596.52
2023-07-22,3,1,714.09
2023-07-23,3,1,901.87
2023-07-24,3,1,655.84
2023-07-25,3,1,718.01
2023-07-26,3,1,661.64
2023-07-27,3,1,630.89
2023-07-28,3,1,657.74
2023-07-29,3,1,869.07
2023-07-30,3,1,826.27
2023-07-31,3,1,646.18
2023-08-01,3,1,575.57
2023-08-02,3,1,691.83
2023-08-03,3,1,631.29
2023-08-04,3,1,821.62
2023-08-05,3,1,817.73
2023-08-06,3,1,732.97
2023-08-07,3,1,861.36
2023-08-08,3,1,653.56
2023-08-09,3,1,707.22
2023-08-10,3,1,670.88
2023-08-11,3,1,674.16
2023-08-12,3,1,866.46
2023-08-13,3,1,669.85
2023-08-14,3,1,651.77
2023-08-15,3,1,495.27
2023-08-16,3,1,602.31
2023-08-17,3,1,551.52
2023-08-18,3,1,652.47
2023-08-19,3,1,845.92
2023-08-20,3,1,864.23
2023-08-21,3,1,647.17
2023-08-22,3,1,564.31
2023-08-23,3,1,596.89
2023-08-24,3,1,707.41
2023-08-25,3,1,721.61
2023-08-26,3,1,669.91
2023-08-27,3,1,623.68
2023-08-28,3,1,555.21
2023-08-29,3,1,721.3
2023-08-30,3,1,737.63
2023-08-31,3,1,537.72
2023-09-01,3,1,632.32
2023-09-02,3,1,1002.64
2023-09-03,3,1,835.79
2023-09-04,3,1,734.71
2023-09-05,3,1,696.74
2023-09-06,3,1,523.56
2023-09-07,3,1,589.43
2023-09-08,3,1,610.26
2023-09-09,3,1,802.04
2023-09-10,3,1,898.81
2023-09-11,3,1,645.5
2023-09-12,3,1,340.55
2023-09-13,3,1,489.05
2023-09-14,3,1,409.42
2023-09-15,3,1,625.76
2023-09-16,3,1,821.74
2023-09-17,3,1,827.33
2023-09-18,3,1,522.99
2023-09-19,3,1,673.03
2023-09-20,3,1,677.31
2023-09-21,3,1,496.76
2023-09-22,3,1,477.69
2023-09-23,3,1,796.53
2023-09-24,3,1,1011.25
2023-09-25,3,1,769.9
2023-09-26,3,1,665.73
2023-09-27,3,1,546.97
2023-09-28,3,1,696.37
2023-09-29,3,1,573.25
2023-09-30,3,1,707.87
2023-10-01,3,1,561.22
2023-10-02,3,1,646.53
2023-10-03,3,1,576.94
2023-10-04,3,1,646.75
2023-10-05,3,1,417.9
2023-10-06,3,1,654.56
2023-10-07,3,1,527.51
2023-10-08,3,1,966.38
2023-10-09,3,1,689.53
2023-10-10,3,1,613.11
2023-10-11,3,1,694.29
2023-10-12,3,1,546.65
2023-10-13,3,1,647.98
2023-10-14,3,1,933.24
2023-10-15,3,1,447.09
2023-10-16,3,1,599.11
2023-10-17,3,1,640.39
2023-10-18,3,1,624.03
2023-10-19,3,1,783.97
2023-10-20,3,1,535.22
2023-10-21,3,1,759.35
2023-10-22,3,1,597.09
2023-10-23,3,1,791.01
2023-10-24,3,1,621.46
2023-10-25,3,1,603.22
2023-10-26,3,1,640.99
2023-10-27,3,1,708.16
2023-10-28,3,1,884.72
2023-10-29,3,1,1175.6
2023-10-30,3,1,691.72
2023-10-31,3,1,602.79
2023-11-01,3,1,646.38
2023-11-02,3,1,664.63
2023-11-03,3,1,547.47
2023-11-04,3,1,924.7
2023-11-05,3,1,1027.85
2023-11-06,3,1,642.8
2023-11-07,3,1,622.56
2023-11-08,3,1,869.94
2023-11-09,3,1,557.45
2023-11-10,3,1,489.52
2023-11-11,3,1,763.43
2023-11-12,3,1,710.19
2023-11-13,3,1,752.07
2023-11-14,3,1,672.83
2023-11-15,3,1,688.28
2023-11-16,3,1,835.32
2023-11-17,3,1,638.69
2023-11-18,3,1,1034.67
2023-11-19,3,1,1137.71
2023-11-20,3,1,665.06
2023-11-21,3,1,793.24
2023-11-22,3,1,688.77
2023-11-23,3,1,814.24
2023-11-24,3,1,546.87
2023-11-25,3,1,701.02
2023-11-26,3,1,876.64
2023-11-27,3,1,621.23
2023-11-28,3,1,661.64
2023-11-29,3,1,694.02
2023-11-30,3,1,795.63
2023-12-01,3,1,749.52
2023-12-02,3,1,910.11
2023-12-03,3,1,984.27
2023-12-04,3,1,707.48
2023-12-05,3,1,688.1
2023-12-06,3,1,606.96
2023-12-07,3,1,809.5
2023-12-08,3,1,733.24
2023-12-09,3,1,1193.85
2023-12-10,3,1,816.81
2023-12-11,3,1,737.74
2023-12-12,3,1,1022.0
2023-12-13,3,1,690.66
2023-12-14,3,1,775.9
2023-12-15,3,1,658.12
2023-12-16,3,1,835.23
2023-12-17,3,1,1290.75
2023-12-18,3,1,827.01
2023-12-19,3,1,822.97
2023-12-20,3,1,601.86
2023-12-21,3,1,851.2
2023-12-22,3,1,948.52
2023-12-23,3,1,1232.53
2023-12-24,3,1,1157.33
2023-12-25,3,1,672.44
2023-12-26,3,1,848.13
2023-12-27,3,1,891.72
2023-12-28,3,1,592.72
2023-12-29,3,1,675.0
2023-12-30,3,1,1196.17
2023-12-31,3,1,1194.95
2022-01-01,3,2,464.02
2022-01-02,3,2,423.57
2022-01-03,3,2,408.68
2022-01-04,3,2,349.75
2022-01-05,3,2,305.43
2022-01-06,3,2,279.29
2022-01-07,3,2,189.31
2022-01-08,3,2,569.78
2022-01-09,3,2,384.85
2022-01-10,3,2,387.86
2022-01-11,3,2,292.37
2022-01-12,3,2,348.04
2022-01-13,3,2,362.8
2022-01-14,3,2,276.97
2022-01-15,3,2,506.26
2022-01-16,3,2,429.97
2022-01-17,3,2,369.5
2022-01-18,3,2,416.07
2022-01-19,3,2,379.82
2022-01-20,3,2,337.36
2022-01-21,3,2,442.45
2022-01-22,3,2,442.78
2022-01-23,3,2,452.43
2022-01-24,3,2,335.13
2022-01-25,3,2,280.68
2022-01-26,3,2,275.26
2022-01-27,3,2,315.93
2022-01-28,3,2,292.46
2022-01-29,3,2,430.13
2022-01-30,3,2,504.93
2022-01-31,3,2,324.69
2022-02-01,3,2,381.48
2022-02-02,3,2,341.6
2022-02-03,3,2,511.27
2022-02-04,3,2,454.16
2022-02-05,3,2,464.05
2022-02-06,3,2,502.11
2022-02-07,3,2,296.76
2022-02-08,3,2,359.85
2022-02-09,3,2,338.65
2022-02-10,3,2,414.03
2022-02-11,3,2,320.85
2022-02-12,3,2,605.86
2022-02-13,3,2,480.91
2022-02-14,3,2,325.19
2022-02-15,3,2,376.12
2022-02-16,3,2,416.08
2022-02-17,3,2,404.3
2022-02-18,3,2,384.2
2022-02-19,3,2,552.77
2022-02-20,3,2,548.82
2022-02-21,3,2,422.85
2022-02-22,3,2,361.24
2022-02-23,3,2,361.19
2022-02-24,3,2,365.79
2022-02-25,3,2,349.89
2022-02-26,3,2,499.52
2022-02-27,3,2,491.78
2022-02-28,3,2,473.05
2022-03-01,3,2,358.61
2022-03-02,3,2,330.88
2022-03-03,3,2,426.37
2022-03-04,3,2,393.26
2022-03-05,3,2,454.17
2022-03-06,3,2,566.22
2022-03-07,3,2,373.86
2022-03-08,3,2,479.85
2022-03-09,3,2,335.21
2022-03-10,3,2,357.2
2022-03-11,3,2,399.15
2022-03-12,3,2,613.42
2022-03-13,3,2,455.51
2022-03-14,3,2,414.93
2022-03-15,3,2,324.48
2022-03-16,3,2,447.59
2022-03-17,3,2,355.34
2022-03-18,3,2,430.81
2022-03-19,3,2,564.54
2022-03-20,3,2,373.58
2022-03-21,3,2,407.73
2022-03-22,3,2,365.67
2022-03-23,3,2,425.67
2022-03-24,3,2,344.44
2022-03-25,3,2,362.18
2022-03-26,3,2,609.11
2022-03-27,3,2,603.67
2022-03-28,3,2,338.55
2022-03-29,3,2,505.56
2022-03-30,3,2,244.23
2022-03-31,3,2,411.82
2022-04-01,3,2,315.21
2022-04-02,3,2,536.33
2022-04-03,3,2,488.53
2022-04-04,3,2,331.74
2022-04-05,3,2,348.52
2022-04-06,3,2,345.94
2022-04-07,3,2,397.08
2022-04-08,3,2,450.39
2022-04-09,3,2,661.51
2022-04-10,3,2,498.63
2022-04-11,3,2,411.67
2022-04-12,3,2,464.54
2022-04-13,3,2,368.15
2022-04-14,3,2,348.68
2022-04-15,3,2,511.02
2022-04-16,3,2,500.67
2022-04-17,3,2,531.8
2022-04-18,3,2,301.13
2022-04-19,3,2,365.69
2022-04-20,3,2,509.68
2022-04-21,3,2,425.2
2022-04-22,3,2,396.24
2022-04-23,3,2,626.06
2022-04-24,3,2,390.38
2022-04-25,3,2,374.2
2022-04-26,3,2,535.68
2022-04-27,3,2,396.75
2022-04-28,3,2,396.69
2022-04-29,3,2,471.29
2022-04-30,3,2,618.66
2022-05-01,3,2,393.52
2022-05-02,3,2,400.65
2022-05-03,3,2,476.06
2022-05-04,3,2,340.77
2022-05-05,3,2,356.4
2022-05-06,3,2,379.46
2022-05-07,3,2,542.81
2022-05-08,3,2,386.67
2022-05-09,3,2,201.96
2022-05-10,3,2,391.42
2022-05-11,3,2,445.87
2022-05-12,3,2,362.06
2022-05-13,3,2,345.37
2022-05-14,3,2,482.27
2022-05-15,3,2,613.74
2022-05-16,3,2,343.18
2022-05-17,3,2,414.15
2022-05-18,3,2,315.78
2022-05-19,3,2,318.8
2022-05-20,3,2,431.01
2022-05-21,3,2,619.74
2022-05-22,3,2,564.59
2022-05-23,3,2,265.38
2022-05-24,3,2,359.69
2022-05-25,3,2,397.97
2022-05-26,3,2,387.98
2022-05-27,3,2,274.05
2022-05-28,3,2,403.34
2022-05-29,3,2,440.93
2022-05-30,3,2,381.97
2022-05-31,3,2,274.17
2022-06-01,3,2,383.05
2022-06-02,3,2,346.81
2022-06-03,3,2,296.94
2022-06-04,3,2,471.33
2022-06-05,3,2,359.4
2022-06-06,3,2,350.18
2022-06-07,3,2,257.83
2022-06-08,3,2,265.79
2022-06-09,3,2,329.76
2022-06-10,3,2,316.11
2022-06-11,3,2,487.37
2022-06-12,3,2,459.91
2022-06-13,3,2,466.95
2022-06-14,3,2,341.25
2022-06-15,3,2,179.65
2022-06-16,3,2,247.36
2022-06-17,3,2,292.37
2022-06-18,3,2,698.94
2022-06-19,3,2,461.43
2022-06-20,3,2,416.61
2022-06-21,3,2,411.53
2022-06-22,3,2,289.83
2022-06-23,3,2,261.8
2022-06-24,3,2,392.97
2022-06-25,3,2,311.03
2022-06-26,3,2,535.21
2022-06-27,3,2,353.04
2022-06-28,3,2,392.89
2022-06-29,3,2,376.35
2022-06-30,3,2,379.55
2022-07-01,3,2,329.6
2022-07-02,3,2,440.06
2022-07-03,3,2,425.51
2022-07-04,3,2,258.17
2022-07-05,3,2,306.38
2022-07-06,3,2,431.96
2022-07-07,3,2,341.53
2022-07-08,3,2,382.38
2022-07-09,3,2,362.09
2022-07-10,3,2,361.29
2022-07-11,3,2,268.19
2022-07-12,3,2,262.11
2022-07-13,3,2,248.04
2022-07-14,3,2,339.57
2022-07-15,3,2,310.84
2022-07-16,3,2,483.33
2022-07-17,3,2,407.68
2022-07-18,3,2,210.52
2022-07-19,3,2,351.39
2022-07-20,3,2,229.31
2022-07-21,3,2,340.62
2022-07-22,3,2,292.07
2022-07-23,3,2,444.72
2022-07-24,3,2,336.95
2022-07-25,3,2,369.77
2022-07-26,3,2,333.25
2022-07-27,3,2,314.54
2022-07-28,3,2,247.55
2022-07-29,3,2,422.43
2022-07-30,3,2,373.44
2022-07-31,3,2,449.65
2022-08-01,3,2,262.4
2022-08-02,3,2,479.7
2022-08-03,3,2,313.32
2022-08-04,3,2,278.42
2022-08-05,3,2,334.85
2022-08-06,3,2,444.3
2022-08-07,3,2,423.36
2022-08-08,3,2,292.78
2022-08-09,3,2,328.31
2022-08-10,3,2,301.04
2022-08-11,3,2,307.3
2022-08-12,3,2,272.35
2022-08-13,3,2,313.49
2022-08-14,3,2,435.96
2022-08-15,3,2,337.63
2022-08-16,3,2,369.97
2022-08-17,3,2,312.24
2022-08-18,3,2,300.2
2022-08-19,3,2,244.83
2022-08-20,3,2,401.57
2022-08-21,3,2,426.14
2022-08-22,3,2,226.29
2022-08-23,3,2,361.45
2022-08-24,3,2,278.45
2022-08-25,3,2,302.83
2022-08-26,3,2,340.25
2022-08-27,3,2,405.82
2022-08-28,3,2,492.18
2022-08-29,3,2,342.54
2022-08-30,3,2,306.3
2022-08-31,3,2,166.78
2022-09-01,3,2,348.97
2022-09-02,3,2,250.09
2022-09-03,3,2,445.83
2022-09-04,3,2,424.73
2022-09-05,3,2,295.5
2022-09-06,3,2,348.41
2022-09-07,3,2,328.91
2022-09-08,3,2,320.35
2022-09-09,3,2,226.89
2022-09-10,3,2,399.92
2022-09-11,3,2,323.69
2022-09-12,3,2,255.94
2022-09-13,3,2,289.93
2022-09-14,3,2,374.12
2022-09-15,3,2,323.85
2022-09-16,3,2,327.14
2022-09-17,3,2,445.96
2022-09-18,3,2,347.59
2022-09-19,3,2,235.17
2022-09-20,3,2,227.14
2022-09-21,3,2,319.18
2022-09-22,3,2,354.42
2022-09-23,3,2,351.28
2022-09-24,3,2,351.88
2022-09-25,3,2,484.1
2022-09-26,3,2,404.62
2022-09-27,3,2,338.2
2022-09-28,3,2,379.4
2022-09-29,3,2,351.1
2022-09-30,3,2,299.98
2022-10-01,3,2,376.1
2022-10-02,3,2,316.92
2022-10-03,3,2,300.38
2022-10-04,3,2,310.66
2022-10-05,3,2,311.97
2022-10-06,3,2,317.16
2022-10-07,3,2,211.78
2022-10-08,3,2,469.13
2022-10-09,3,2,476.81
2022-10-10,3,2,341.63
2022-10-11,3,2,267.06
2022-10-12,3,2,341.96
2022-10-13,3,2,325.47
2022-10-14,3,2,347.73
2022-10-15,3,2,520.61
2022-10-16,3,2,411.35
2022-10-17,3,2,334.24
2022-10-18,3,2,283.42
2022-10-19,3,2,370.94
2022-10-20,3,2,360.52
2022-10-21,3,2,336.99
2022-10-22,3,2,357.56
2022-10-23,3,2,381.41
2022-10-24,3,2,237.29
2022-10-25,3,2,293.27
2022-10-26,3,2,362.52
2022-10-27,3,2,347.37
2022-10-28,3,2,336.02
2022-10-29,3,2,521.99
2022-10-30,3,2,446.78
2022-10-31,3,2,300.44
2022-11-01,3,2,320.69
2022-11-02,3,2,346.13
2022-11-03,3,2,334.63
2022-11-04,3,2,410.48
2022-11-05,3,2,496.77
2022-11-06,3,2,445.17
2022-11-07,3,2,344.76
2022-11-08,3,2,398.24
2022-11-09,3,2,415.18
2022-11-10,3,2,261.03
2022-11-11,3,2,351.79
2022-11-12,3,2,476.18
2022-11-13,3,2,508.75
2022-11-14,3,2,368.02
2022-11-15,3,2,384.28
2022-11-16,3,2,349.55
2022-11-17,3,2,318.87
2022-11-18,3,2,405.68
2022-11-19,3,2,530.03
2022-11-20,3,2,518.8
2022-11-21,3,2,409.09
2022-11-22,3,2,311.02
2022-11-23,3,2,336.63
2022-11-24,3,2,425.89
2022-11-25,3,2,384.41
2022-11-26,3,2,478.74
2022-11-27,3,2,457.14
2022-11-28,3,2,435.29
2022-11-29,3,2,268.81
2022-11-30,3,2,382.44
2022-12-01,3,2,403.22
2022-12-02,3,2,331.01
2022-12-03,3,2,658.85
2022-12-04,3,2,316.49
2022-12-05,3,2,415.94
2022-12-06,3,2,441.22
2022-12-07,3,2,349.28
2022-12-08,3,2,426.45
2022-12-09,3,2,395.93
2022-12-10,3,2,612.05
2022-12-11,3,2,814.59
2022-12-12,3,2,431.5
2022-12-13,3,2,448.18
2022-12-14,3,2,351.1
2022-12-15,3,2,424.82
2022-12-16,3,2,388.82
2022-12-17,3,2,598.42
2022-12-18,3,2,421.52
2022-12-19,3,2,346.31
2022-12-20,3,2,486.2
2022-12-21,3,2,426.41
2022-12-22,3,2,495.85
2022-12-23,3,2,436.59
2022-12-24,3,2,579.79
2022-12-25,3,2,513.97
2022-12-26,3,2,402.87
2022-12-27,3,2,475.29
2022-12-28,3,2,406.6
2022-12-29,3,2,489.66
2022-12-30,3,2,409.28
2022-12-31,3,2,445.58
2023-01-01,3,2,482.36
2023-01-02,3,2,446.94
2023-01-03,3,2,522.16
2023-01-04,3,2,413.6
2023-01-05,3,2,510.24
2023-01-06,3,2,467.06
2023-01-07,3,2,653.0
2023-01-08,3,2,572.98
2023-01-09,3,2,473.77
2023-01-10,3,2,526.43
2023-01-11,3,2,460.59
2023-01-12,3,2,425.74
2023-01-13,3,2,336.36
2023-01-14,3,2,650.5
2023-01-15,3,2,532.38
2023-01-16,3,2,427.28
2023-01-17,3,2,389.3
2023-01-18,3,2,448.12
2023-01-19,3,2,610.61
2023-01-20,3,2,489.35
2023-01-21,3,2,546.26
2023-01-22,3,2,563.7
2023-01-23,3,2,365.29
2023-01-24,3,2,387.09
2023-01-25,3,2,376.25
2023-01-26,3,2,485.75
2023-01-27,3,2,498.46
2023-01-28,3,2,614.82
2023-01-29,3,2,641.92
2023-01-30,3,2,414.36
2023-01-31,3,2,387.81
2023-02-01,3,2,413.44
2023-02-02,3,2,410.41
2023-02-03,3,2,527.7
2023-02-04,3,2,848.22
2023-02-05,3,2,549.5
2023-02-06,3,2,476.09
2023-02-07,3,2,517.47
2023-02-08,3,2,481.51
2023-02-09,3,2,528.02
2023-02-10,3,2,459.83
2023-02-11,3,2,587.89
2023-02-12,3,2,637.25
2023-02-13,3,2,529.04
2023-02-14,3,2,601.78
2023-02-15,3,2,533.59
2023-02-16,3,2,486.29
2023-02-17,3,2,568.8
2023-02-18,3,2,756.67
2023-02-19,3,2,628.47
2023-02-20,3,2,495.75
2023-02-21,3,2,474.71
2023-02-22,3,2,570.06
2023-02-23,3,2,513.57
2023-02-24,3,2,401.12
2023-02-25,3,2,701.51
2023-02-26,3,2,809.54
2023-02-27,3,2,629.2
2023-02-28,3,2,473.08
2023-03-01,3,2,467.2
2023-03-02,3,2,670.71
2023-03-03,3,2,645.23
2023-03-04,3,2,727.3
2023-03-05,3,2,505.46
2023-03-06,3,2,475.93
2023-03-07,3,2,437.98
2023-03-08,3,2,666.81
2023-03-09,3,2,404.59
2023-03-10,3,2,667.06
2023-03-11,3,2,672.18
2023-03-12,3,2,560.68
2023-03-13,3,2,603.99
2023-03-14,3,2,576.19
2023-03-15,3,2,426.78
2023-03-16,3,2,525.22
2023-03-17,3,2,636.44
2023-03-18,3,2,644.13
2023-03-19,3,2,859.85
2023-03-20,3,2,469.62
2023-03-21,3,2,400.33
2023-03-22,3,2,533.0
2023-03-23,3,2,413.7
2023-03-24,3,2,540.07
2023-03-25,3,2,690.19
2023-03-26,3,2,611.57
2023-03-27,3,2,680.95
2023-03-28,3,2,531.29
2023-03-29,3,2,600.95
2023-03-30,3,2,606.5
2023-03-31,3,2,673.42
2023-04-01,3,2,554.61
2023-04-02,3,2,499.26
2023-04-03,3,2,656.85
2023-04-04,3,2,567.77
2023-04-05,3,2,532.51
2023-04-06,3,2,512.51
2023-04-07,3,2,498.94
2023-04-08,3,2,768.72
2023-04-09,3,2,533.71
2023-04-10,3,2,561.94
2023-04-11,3,2,605.93
2023-04-12,3,2,583.66
2023-04-13,3,2,519.84
2023-04-14,3,2,525.62
2023-04-15,3,2,815.96
2023-04-16,3,2,744.26
2023-04-17,3,2,665.62
2023-04-18,3,2,389.43
2023-04-19,3,2,599.38
2023-04-20,3,2,463.73
2023-04-21,3,2,522.56
2023-04-22,3,2,829.16
2023-04-23,3,2,584.36
2023-04-24,3,2,697.41
2023-04-25,3,2,617.63
2023-04-26,3,2,576.18
2023-04-27,3,2,456.32
2023-04-28,3,2,516.53
2023-04-29,3,2,653.44
2023-04-30,3,2,563.29
2023-05-01,3,2,580.55
2023-05-02,3,2,468.79
2023-05-03,3,2,486.25
2023-05-04,3,2,490.36
2023-05-05,3,2,484.0
2023-05-06,3,2,702.29
2023-05-07,3,2,590.16
2023-05-08,3,2,577.62
2023-05-09,3,2,456.59
2023-05-10,3,2,499.6
2023-05-11,3,2,403.68
2023-05-12,3,2,583.19
2023-05-13,3,2,783.56
2023-05-14,3,2,724.25
2023-05-15,3,2,516.3
2023-05-16,3,2,501.03
2023-05-17,3,2,385.97
2023-05-18,3,2,401.93
2023-05-19,3,2,561.6
2023-05-20,3,2,638.83
2023-05-21,3,2,523.11
2023-05-22,3,2,399.16
2023-05-23,3,2,554.32
2023-05-24,3,2,572.85
2023-05-25,3,2,390.18
2023-05-26,3,2,518.69
2023-05-27,3,2,698.08
2023-05-28,3,2,602.34
2023-05-29,3,2,602.62
2023-05-30,3,2,482.17
2023-05-31,3,2,377.77
2023-06-01,3,2,449.34
2023-06-02,3,2,558.2
2023-06-03,3,2,571.28
2023-06-04,3,2,508.23
2023-06-05,3,2,507.8
2023-06-06,3,2,482.38
2023-06-07,3,2,464.48
2023-06-08,3,2,498.27
2023-06-09,3,2,417.02
2023-06-10,3,2,550.8
2023-06-11,3,2,671.77
2023-06-12,3,2,398.63
2023-06-13,3,2,579.52
2023-06-14,3,2,552.91
2023-06-15,3,2,386.96
2023-06-16,3,2,570.91
2023-06-17,3,2,621.94
2023-06-18,3,2,734.84
2023-06-19,3,2,477.72
2023-06-20,3,2,456.2
2023-06-21,3,2,449.16
2023-06-22,3,2,296.84
2023-06-23,3,2,534.87
2023-06-24,3,2,546.05
2023-06-25,3,2,699.24
2023-06-26,3,2,588.62
2023-06-27,3,2,430.0
2023-06-28,3,2,426.11
2023-06-29,3,2,542.66
2023-06-30,3,2,438.63
2023-07-01,3,2,661.37
2023-07-02,3,2,495.32
2023-07-03,3,2,517.12
2023-07-04,3,2,406.12
2023-07-05,3,2,447.01
2023-07-06,3,2,488.98
2023-07-07,3,2,459.18
2023-07-08,3,2,643.85
2023-07-09,3,2,433.88
2023-07-10,3,2,401.19
2023-07-11,3,2,431.61
2023-07-12,3,2,378.71
2023-07-13,3,2,490.45
2023-07-14,3,2,395.47
2023-07-15,3,2,493.44
2023-07-16,3,2,636.27
2023-07-17,3,2,361.9
2023-07-18,3,2,365.27
2023-07-19,3,2,462.52
2023-07-20,3,2,516.71
2023-07-21,3,2,440.74
2023-07-22,3,2,424.08
2023-07-23,3,2,617.66
2023-07-24,3,2,392.81
2023-07-25,3,2,503.93
2023-07-26,3,2,407.1
2023-07-27,3,2,506.08
2023-07-28,3,2,405.14
2023-07-29,3,2,504.17
2023-07-30,3,2,400.79
2023-07-31,3,2,390.21
2023-08-01,3,2,408.67
2023-08-02,3,2,404.34
2023-08-03,3,2,435.16
2023-08-04,3,2,473.27
2023-08-05,3,2,521.05
2023-08-06,3,2,524.42
2023-08-07,3,2,466.3
2023-08-08,3,2,413.71
2023-08-09,3,2,344.7
2023-08-10,3,2,369.0
2023-08-11,3,2,272.62
2023-08-12,3,2,447.89
2023-08-13,3,2,389.23
2023-08-14,3,2,422.5
2023-08-15,3,2,474.6
2023-08-16,3,2,345.15
2023-08-17,3,2,347.62
2023-08-18,3,2,459.3
2023-08-19,3,2,488.01
2023-08-20,3,2,543.91
2023-08-21,3,2,448.07
2023-08-22,3,2,360.54
2023-08-23,3,2,361.94
2023-08-24,3,2,373.21
2023-08-25,3,2,309.96
2023-08-26,3,2,564.09
2023-08-27,3,2,573.45
2023-08-28,3,2,409.74
2023-08-29,3,2,487.78
2023-08-30,3,2,389.52
2023-08-31,3,2,443.23
2023-09-01,3,2,421.38
2023-09-02,3,2,449.66
2023-09-03,3,2,599.77
2023-09-04,3,2,401.05
2023-09-05,3,2,451.29
2023-09-06,3,2,317.09
2023-09-07,3,2,400.71
2023-09-08,3,2,367.21
2023-09-09,3,2,447.58
2023-09-10,3,2,621.99
2023-09-11,3,2,406.77
2023-09-12,3,2,307.83
2023-09-13,3,2,366.17
2023-09-14,3,2,451.7
2023-09-15,3,2,345.49
2023-09-16,3,2,441.52
2023-09-17,3,2,504.29
2023-09-18,3,2,424.85
2023-09-19,3,2,353.76
2023-09-20,3,2,420.68
2023-09-21,3,2,399.72
2023-09-22,3,2,407.22
2023-09-23,3,2,330.87
2023-09-24,3,2,519.12
2023-09-25,3,2,383.63
2023-09-26,3,2,422.21
2023-09-27,3,2,359.96
2023-09-28,3,2,377.13
2023-09-29,3,2,431.55
2023-09-30,3,2,632.51
2023-10-01,3,2,430.73
2023-10-02,3,2,445.58
2023-10-03,3,2,489.74
2023-10-04,3,2,457.4
2023-10-05,3,2,486.15
2023-10-06,3,2,380.93
2023-10-07,3,2,639.58
2023-10-08,3,2,481.16
2023-10-09,3,2,418.94
2023-10-10,3,2,384.42
2023-10-11,3,2,387.16
2023-10-12,3,2,308.78
2023-10-13,3,2,293.32
2023-10-14,3,2,637.43
2023-10-15,3,2,395.83
2023-10-16,3,2,432.94
2023-10-17,3,2,336.16
2023-10-18,3,2,364.6
2023-10-19,3,2,460.93
2023-10-20,3,2,428.44
2023-10-21,3,2,533.71
2023-10-22,3,2,637.89
2023-10-23,3,2,400.83
2023-10-24,3,2,496.64
2023-10-25,3,2,352.24
2023-10-26,3,2,344.87
2023-10-27,3,2,411.34
2023-10-28,3,2,546.65
2023-10-29,3,2,476.32
2023-10-30,3,2,403.37
2023-10-31,3,2,507.25
2023-11-01,3,2,431.48
2023-11-02,3,2,325.6
2023-11-03,3,2,339.09
2023-11-04,3,2,784.2
2023-11-05,3,2,727.65
2023-11-06,3,2,429.9
2023-11-07,3,2,516.22
2023-11-08,3,2,478.52
2023-11-09,3,2,548.63
2023-11-10,3,2,386.99
2023-11-11,3,2,505.93
2023-11-12,3,2,718.89
2023-11-13,3,2,358.45
2023-11-14,3,2,467.02
2023-11-15,3,2,459.35
2023-11-16,3,2,517.17
2023-11-17,3,2,472.72
2023-11-18,3,2,590.34
2023-11-19,3,2,568.22
2023-11-20,3,2,394.62
2023-11-21,3,2,452.54
2023-11-22,3,2,545.54
2023-11-23,3,2,444.73
2023-11-24,3,2,563.0
2023-11-25,3,2,671.08
2023-11-26,3,2,648.38
2023-11-27,3,2,454.45
2023-11-28,3,2,422.1
2023-11-29,3,2,583.92
2023-11-30,3,2,522.12
2023-12-01,3,2,507.88
2023-12-02,3,2,846.71
2023-12-03,3,2,738.84
2023-12-04,3,2,408.92
2023-12-05,3,2,486.68
2023-12-06,3,2,576.99
2023-12-07,3,2,638.27
2023-12-08,3,2,705.35
2023-12-09,3,2,680.12
2023-12-10,3,2,740.58
2023-12-11,3,2,473.91
2023-12-12,3,2,452.59
2023-12-13,3,2,390.29
2023-12-14,3,2,553.27
2023-12-15,3,2,622.2
2023-12-16,3,2,759.47
2023-12-17,3,2,689.59
2023-12-18,3,2,620.08
2023-12-19,3,2,756.25
2023-12-20,3,2,459.09
2023-12-21,3,2,334.04
2023-12-22,3,2,552.11
2023-12-23,3,2,793.99
2023-12-24,3,2,524.84
2023-12-25,3,2,591.76
2023-12-26,3,2,499.74
2023-12-27,3,2,553.27
2023-12-28,3,2,454.32
2023-12-29,3,2,449.72
2023-12-30,3,2,572.21
2023-12-31,3,2,754.96
2022-01-01,3,3,538.07
2022-01-02,3,3,480.63
2022-01-03,3,3,442.97
2022-01-04,3,3,432.76
2022-01-05,3,3,449.48
2022-01-06,3,3,451.36
2022-01-07,3,3,378.59
2022-01-08,3,3,398.43
2022-01-09,3,3,406.53
2022-01-10,3,3,255.35
2022-01-11,3,3,311.59
2022-01-12,3,3,376.29
2022-01-13,3,3,341.51
2022-01-14,3,3,363.1
2022-01-15,3,3,521.5
2022-01-16,3,3,463.92
2022-01-17,3,3,311.3
2022-01-18,3,3,371.66
2022-01-19,3,3,324.48
2022-01-20,3,3,360.14
2022-01-21,3,3,451.44
2022-01-22,3,3,469.12
2022-01-23,3,3,619.46
2022-01-24,3,3,457.79
2022-01-25,3,3,344.45
2022-01-26,3,3,314.67
2022-01-27,3,3,374.99
2022-01-28,3,3,443.79
2022-01-29,3,3,456.12
2022-01-30,3,3,559.92
2022-01-31,3,3,448.22
2022-02-01,3,3,358.06
2022-02-02,3,3,364.36
2022-02-03,3,3,449.26
2022-02-04,3,3,415.52
2022-02-05,3,3,474.25
2022-02-06,3,3,501.21
2022-02-07,3,3,403.13
2022-02-08,3,3,312.11
2022-02-09,3,3,455.11
2022-02-10,3,3,379.28
2022-02-11,3,3,238.23
2022-02-12,3,3,530.33
2022-02-13,3,3,473.48
2022-02-14,3,3,514.11
2022-02-15,3,3,374.53
2022-02-16,3,3,343.31
2022-02-17,3,3,442.72
2022-02-18,3,3,370.97
2022-02-19,3,3,473.16
2022-02-20,3,3,577.31
2022-02-21,3,3,348.5
2022-02-22,3,3,322.99
2022-02-23,3,3,520.85
2022-02-24,3,3,450.12
2022-02-25,3,3,398.09
2022-02-26,3,3,539.1
2022-02-27,3,3,580.86
2022-02-28,3,3,476.39
2022-03-01,3,3,377.33
2022-03-02,3,3,449.39
2022-03-03,3,3,393.99
2022-03-04,3,3,414.7
2022-03-05,3,3,568.75
2022-03-06,3,3,555.32
2022-03-07,3,3,475.23
2022-03-08,3,3,459.71
2022-03-09,3,3,331.8
2022-03-10,3,3,341.79
2022-03-11,3,3,405.79
2022-03-12,3,3,712.35
2022-03-13,3,3,488.06
2022-03-14,3,3,417.36
2022-03-15,3,3,396.53
2022-03-16,3,3,395.75
2022-03-17,3,3,443.57
2022-03-18,3,3,523.28
2022-03-19,3,3,601.16
2022-03-20,3,3,495.31
2022-03-21,3,3,612.71
2022-03-22,3,3,439.15
2022-03-23,3,3,396.82
2022-03-24,3,3,526.94
2022-03-25,3,3,404.61
2022-03-26,3,3,707.59
2022-03-27,3,3,492.82
2022-03-28,3,3,530.06
2022-03-29,3,3,450.02
2022-03-30,3,3,521.92
2022-03-31,3,3,562.49
2022-04-01,3,3,355.51
2022-04-02,3,3,663.9
2022-04-03,3,3,439.89
2022-04-04,3,3,361.99
2022-04-05,3,3,378.04
2022-04-06,3,3,462.74
2022-04-07,3,3,432.76
2022-04-08,3,3,420.21
2022-04-09,3,3,573.14
2022-04-10,3,3,611.13
2022-04-11,3,3,475.52
2022-04-12,3,3,503.59
2022-04-13,3,3,551.19
2022-04-14,3,3,431.99
2022-04-15,3,3,399.86
2022-04-16,3,3,616.35
2022-04-17,3,3,467.96
2022-04-18,3,3,390.67
2022-04-19,3,3,500.6
2022-04-20,3,3,427.62
2022-04-21,3,3,357.09
2022-04-22,3,3,338.97
2022-04-23,3,3,572.14
2022-04-24,3,3,665.87
2022-04-25,3,3,511.79
2022-04-26,3,3,445.38
2022-04-27,3,3,570.62
2022-04-28,3,3,431.98
2022-04-29,3,3,430.14
2022-04-30,3,3,351.44
2022-05-01,3,3,500.38
2022-05-02,3,3,465.74
2022-05-03,3,3,510.3
2022-05-04,3,3,362.18
2022-05-05,3,3,442.78
2022-05-06,3,3,479.52
2022-05-07,3,3,540.16
2022-05-08,3,3,354.88
2022-05-09,3,3,430.96
2022-05-10,3,3,463.42
2022-05-11,3,3,357.12
2022-05-12,3,3,400.77
2022-05-13,3,3,344.74
2022-05-14,3,3,333.42
2022-05-15,3,3,626.74
2022-05-16,3,3,417.89
2022-05-17,3,3,518.78
2022-05-18,3,3,472.73
2022-05-19,3,3,396.95
2022-05-20,3,3,414.36
2022-05-21,3,3,592.32
2022-05-22,3,3,625.68
2022-05-23,3,3,441.06
2022-05-24,3,3,490.9
2022-05-25,3,3,402.68
2022-05-26,3,3,358.72
2022-05-27,3,3,418.07
2022-05-28,3,3,566.21
2022-05-29,3,3,450.7
2022-05-30,3,3,338.41
2022-05-31,3,3,452.08
2022-06-01,3,3,361.97
2022-06-02,3,3,376.21
2022-06-03,3,3,365.31
2022-06-04,3,3,617.01
2022-06-05,3,3,598.03
2022-06-06,3,3,315.29
2022-06-07,3,3,356.51
2022-06-08,3,3,437.26
2022-06-09,3,3,423.2
2022-06-10,3,3,386.07
2022-06-11,3,3,419.21
2022-06-12,3,3,454.11
2022-06-13,3,3,359.3
2022-06-14,3,3,406.02
2022-06-15,3,3,489.87
2022-06-16,3,3,350.26
2022-06-17,3,3,330.68
2022-06-18,3,3,500.23
2022-06-19,3,3,587.71
2022-06-20,3,3,306.79
2022-06-21,3,3,477.68
2022-06-22,3,3,382.38
2022-06-23,3,3,349.57
2022-06-24,3,3,298.8
2022-06-25,3,3,565.78
2022-06-26,3,3,498.85
2022-06-27,3,3,404.27
2022-06-28,3,3,341.21
2022-06-29,3,3,375.95
2022-06-30,3,3,366.34
2022-07-01,3,3,350.59
2022-07-02,3,3,416.63
2022-07-03,3,3,356.87
2022-07-04,3,3,502.93
2022-07-05,3,3,284.13
2022-07-06,3,3,367.2
2022-07-07,3,3,262.68
2022-07-08,3,3,250.81
2022-07-09,3,3,472.73
2022-07-10,3,3,478.48
2022-07-11,3,3,426.91
2022-07-12,3,3,380.81
2022-07-13,3,3,351.5
2022-07-14,3,3,308.62
2022-07-15,3,3,441.17
2022-07-16,3,3,533.93
2022-07-17,3,3,381.34
2022-07-18,3,3,363.15
2022-07-19,3,3,369.2
2022-07-20,3,3,342.94
2022-07-21,3,3,403.91
2022-07-22,3,3,407.5
2022-07-23,3,3,457.91
2022-07-24,3,3,451.89
2022-07-25,3,3,444.86
2022-07-26,3,3,414.36
2022-07-27,3,3,367.75
2022-07-28,3,3,275.12
2022-07-29,3,3,383.21
2022-07-30,3,3,523.77
2022-07-31,3,3,278.45
2022-08-01,3,3,348.27
2022-08-02,3,3,314.88
2022-08-03,3,3,325.01
2022-08-04,3,3,290.64
2022-08-05,3,3,329.22
2022-08-06,3,3,529.54
2022-08-07,3,3,409.08
2022-08-08,3,3,386.42
2022-08-09,3,3,296.95
2022-08-10,3,3,376.57
2022-08-11,3,3,338.45
2022-08-12,3,3,356.52
2022-08-13,3,3,441.07
2022-08-14,3,3,483.39
2022-08-15,3,3,208.73
2022-08-16,3,3,267.39
2022-08-17,3,3,361.3
2022-08-18,3,3,235.99
2022-08-19,3,3,313.47
2022-08-20,3,3,439.5
2022-08-21,3,3,388.39
2022-08-22,3,3,305.99
2022-08-23,3,3,355.61
2022-08-24,3,3,393.74
2022-08-25,3,3,293.04
2022-08-26,3,3,312.97
2022-08-27,3,3,396.75
2022-08-28,3,3,284.01
2022-08-29,3,3,350.65
2022-08-30,3,3,391.8
2022-08-31,3,3,396.35
2022-09-01,3,3,289.53
2022-09-02,3,3,270.72
2022-09-03,3,3,435.03
2022-09-04,3,3,487.96
2022-09-05,3,3,341.86
2022-09-06,3,3,348.87
2022-09-07,3,3,391.95
2022-09-08,3,3,297.77
2022-09-09,3,3,324.11
2022-09-10,3,3,542.99
2022-09-11,3,3,423.53
2022-09-12,3,3,272.1
2022-09-13,3,3,302.48
2022-09-14,3,3,289.15
2022-09-15,3,3,354.82
2022-09-16,3,3,291.75
2022-09-17,3,3,456.33
2022-09-18,3,3,390.4
2022-09-19,3,3,230.24
2022-09-20,3,3,353.67
2022-09-21,3,3,345.92
2022-09-22,3,3,364.95
2022-09-23,3,3,304.71
2022-09-24,3,3,389.38
2022-09-25,3,3,467.87
2022-09-26,3,3,417.13
2022-09-27,3,3,340.56
2022-09-28,3,3,361.93
2022-09-29,3,3,324.1
2022-09-30,3,3,261.89
2022-10-01,3,3,524.73
2022-10-02,3,3,521.08
2022-10-03,3,3,390.68
2022-10-04,3,3,343.67
2022-10-05,3,3,385.26
2022-10-06,3,3,401.31
2022-10-07,3,3,440.21
2022-10-08,3,3,529.07
2022-10-09,3,3,465.53
2022-10-10,3,3,285.32
2022-10-11,3,3,363.55
2022-10-12,3,3,369.22
2022-10-13,3,3,393.65
2022-10-14,3,3,428.4
2022-10-15,3,3,456.66
2022-10-16,3,3,609.74
2022-10-17,3,3,262.73
2022-10-18,3,3,379.66
2022-10-19,3,3,314.65
2022-10-20,3,3,255.4
2022-10-21,3,3,347.19
2022-10-22,3,3,363.98
2022-10-23,3,3,454.86
2022-10-24,3,3,360.73
2022-10-25,3,3,419.39
2022-10-26,3,3,278.13
2022-10-27,3,3,408.7
2022-10-28,3,3,365.26
2022-10-29,3,3,540.58
2022-10-30,3,3,438.32
2022-10-31,3,3,288.69
2022-11-01,3,3,321.26
2022-11-02,3,3,317.12
2022-11-03,3,3,421.86
2022-11-04,3,3,481.22
2022-11-05,3,3,469.09
2022-11-06,3,3,561.31
2022-11-07,3,3,304.62
2022-11-08,3,3,405.84
2022-11-09,3,3,435.11
2022-11-10,3,3,309.79
2022-11-11,3,3,383.94
2022-11-12,3,3,570.59
2022-11-13,3,3,288.73
2022-11-14,3,3,476.48
2022-11-15,3,3,418.33
2022-11-16,3,3,440.3
2022-11-17,3,3,373.23
2022-11-18,3,3,295.27
2022-11-19,3,3,559.5
2022-11-20,3,3,511.97
2022-11-21,3,3,400.99
2022-11-22,3,3,464.52
2022-11-23,3,3,445.36
2022-11-24,3,3,515.24
2022-11-25,3,3,409.51
2022-11-26,3,3,466.76
2022-11-27,3,3,506.41
2022-11-28,3,3,426.19
2022-11-29,3,3,462.66
2022-11-30,3,3,313.37
2022-12-01,3,3,447.33
2022-12-02,3,3,555.03
2022-12-03,3,3,560.7
2022-12-04,3,3,663.38
2022-12-05,3,3,481.24
2022-12-06,3,3,512.73
2022-12-07,3,3,394.26
2022-12-08,3,3,394.85
2022-12-09,3,3,450.8
2022-12-10,3,3,450.32
2022-12-11,3,3,561.46
2022-12-12,3,3,467.53
2022-12-13,3,3,571.45
2022-12-14,3,3,478.36
2022-12-15,3,3,493.78
2022-12-16,3,3,530.69
2022-12-17,3,3,502.7
2022-12-18,3,3,573.62
2022-12-19,3,3,617.51
2022-12-20,3,3,447.74
2022-12-21,3,3,529.39
2022-12-22,3,3,519.39
2022-12-23,3,3,353.44
2022-12-24,3,3,618.31
2022-12-25,3,3,604.25
2022-12-26,3,3,477.66
2022-12-27,3,3,403.94
2022-12-28,3,3,379.44
2022-12-29,3,3,423.57
2022-12-30,3,3,449.77
2022-12-31,3,3,699.4
2023-01-01,3,3,831.91
2023-01-02,3,3,608.64
2023-01-03,3,3,568.57
2023-01-04,3,3,428.04
2023-01-05,3,3,473.39
2023-01-06,3,3,520.59
2023-01-07,3,3,594.3
2023-01-08,3,3,713.95
2023-01-09,3,3,560.46
2023-01-10,3,3,546.89
2023-01-11,3,3,584.43
2023-01-12,3,3,438.12
2023-01-13,3,3,578.25
2023-01-14,3,3,591.07
2023-01-15,3,3,567.2
2023-01-16,3,3,548.96
2023-01-17,3,3,601.53
2023-01-18,3,3,546.38
2023-01-19,3,3,511.07
2023-01-20,3,3,533.57
2023-01-21,3,3,676.86
2023-01-22,3,3,551.66
2023-01-23,3,3,415.72
2023-01-24,3,3,505.28
2023-01-25,3,3,517.82
2023-01-26,3,3,512.93
2023-01-27,3,3,564.4
2023-01-28,3,3,645.09
2023-01-29,3,3,723.46
2023-01-30,3,3,502.4
2023-01-31,3,3,654.46
2023-02-01,3,3,555.14
2023-02-02,3,3,741.61
2023-02-03,3,3,578.29
2023-02-04,3,3,691.68
2023-02-05,3,3,618.61
2023-02-06,3,3,431.32
2023-02-07,3,3,468.93
2023-02-08,3,3,478.52
2023-02-09,3,3,584.31
2023-02-10,3,3,508.47
2023-02-11,3,3,738.29
2023-02-12,3,3,856.86
2023-02-13,3,3,545.93
2023-02-14,3,3,726.26
2023-02-15,3,3,456.29
2023-02-16,3,3,541.87
2023-02-17,3,3,509.9
2023-02-18,3,3,823.12
2023-02-19,3,3,479.59
2023-02-20,3,3,435.62
2023-02-21,3,3,547.4
2023-02-22,3,3,686.31
2023-02-23,3,3,576.02
2023-02-24,3,3,444.51
2023-02-25,3,3,595.06
2023-02-26,3,3,907.96
2023-02-27,3,3,506.66
2023-02-28,3,3,480.02
2023-03-01,3,3,699.1
2023-03-02,3,3,659.54
2023-03-03,3,3,682.6
2023-03-04,3,3,639.29
2023-03-05,3,3,575.38
2023-03-06,3,3,585.76
2023-03-07,3,3,603.58
2023-03-08,3,3,606.54
2023-03-09,3,3,703.1
2023-03-10,3,3,426.13
2023-03-11,3,3,845.8
2023-03-12,3,3,626.39
2023-03-13,3,3,651.18
2023-03-14,3,3,536.36
2023-03-15,3,3,507.34
2023-03-16,3,3,525.4
2023-03-17,3,3,453.22
2023-03-18,3,3,757.41
2023-03-19,3,3,666.05
2023-03-20,3,3,648.31
2023-03-21,3,3,636.03
2023-03-22,3,3,727.77
2023-03-23,3,3,613.05
2023-03-24,3,3,626.94
2023-03-25,3,3,915.38
2023-03-26,3,3,685.75
2023-03-27,3,3,452.64
2023-03-28,3,3,600.63
2023-03-29,3,3,459.01
2023-03-30,3,3,798.87
2023-03-31,3,3,711.91
2023-04-01,3,3,984.42
2023-04-02,3,3,750.66
2023-04-03,3,3,619.74
2023-04-04,3,3,533.38
2023-04-05,3,3,649.17
2023-04-06,3,3,469.05
2023-04-07,3,3,355.06
2023-04-08,3,3,658.19
2023-04-09,3,3,584.13
2023-04-10,3,3,702.74
2023-04-11,3,3,732.38
2023-04-12,3,3,454.79
2023-04-13,3,3,688.08
2023-04-14,3,3,659.1
2023-04-15,3,3,573.66
2023-04-16,3,3,706.89
2023-04-17,3,3,527.67
2023-04-18,3,3,643.25
2023-04-19,3,3,472.08
2023-04-20,3,3,570.56
2023-04-21,3,3,519.91
2023-04-22,3,3,807.44
2023-04-23,3,3,729.89
2023-04-24,3,3,534.09
2023-04-25,3,3,562.52
2023-04-26,3,3,759.1
2023-04-27,3,3,545.51
2023-04-28,3,3,491.36
2023-04-29,3,3,823.78
2023-04-30,3,3,741.68
2023-05-01,3,3,430.93
2023-05-02,3,3,730.67
2023-05-03,3,3,518.83
2023-05-04,3,3,517.1
2023-05-05,3,3,561.69
2023-05-06,3,3,898.76
2023-05-07,3,3,534.14
2023-05-08,3,3,572.39
2023-05-09,3,3,722.21
2023-05-10,3,3,561.0
2023-05-11,3,3,448.69
2023-05-12,3,3,499.99
2023-05-13,3,3,739.17
2023-05-14,3,3,860.61
2023-05-15,3,3,524.11
2023-05-16,3,3,621.11
2023-05-17,3,3,433.9
2023-05-18,3,3,433.5
2023-05-19,3,3,513.59
2023-05-20,3,3,875.64
2023-05-21,3,3,728.2
2023-05-22,3,3,578.91
2023-05-23,3,3,578.32
2023-05-24,3,3,647.96
2023-05-25,3,3,505.02
2023-05-26,3,3,613.7
2023-05-27,3,3,633.44
2023-05-28,3,3,939.52
2023-05-29,3,3,490.46
2023-05-30,3,3,483.92
2023-05-31,3,3,604.13
2023-06-01,3,3,513.79
2023-06-02,3,3,532.95
2023-06-03,3,3,683.43
2023-06-04,3,3,553.16
2023-06-05,3,3,632.24
2023-06-06,3,3,577.66
2023-06-07,3,3,613.62
2023-06-08,3,3,469.63
2023-06-09,3,3,542.28
2023-06-10,3,3,683.6
2023-06-11,3,3,776.79
2023-06-12,3,3,600.39
2023-06-13,3,3,526.55
2023-06-14,3,3,395.47
2023-06-15,3,3,649.18
2023-06-16,3,3,555.49
2023-06-17,3,3,606.12
2023-06-18,3,3,708.12
2023-06-19,3,3,397.29
2023-06-20,3,3,595.45
2023-06-21,3,3,400.89
2023-06-22,3,3,497.69
2023-06-23,3,3,533.96
2023-06-24,3,3,774.44
2023-06-25,3,3,681.19
2023-06-26,3,3,565.24
2023-06-27,3,3,514.24
2023-06-28,3,3,514.26
2023-06-29,3,3,523.72
2023-06-30,3,3,502.75
2023-07-01,3,3,452.52
2023-07-02,3,3,536.31
2023-07-03,3,3,483.71
2023-07-04,3,3,449.44
2023-07-05,3,3,456.27
2023-07-06,3,3,444.81
2023-07-07,3,3,407.19
2023-07-08,3,3,563.51
2023-07-09,3,3,580.88
2023-07-10,3,3,469.06
2023-07-11,3,3,496.67
2023-07-12,3,3,456.59
2023-07-13,3,3,397.07
2023-07-14,3,3,371.36
2023-07-15,3,3,849.42
2023-07-16,3,3,507.99
2023-07-17,3,3,434.18
2023-07-18,3,3,507.64
2023-07-19,3,3,496.92
2023-07-20,3,3,508.56
2023-07-21,3,3,440.66
2023-07-22,3,3,635.97
2023-07-23,3,3,620.05
2023-07-24,3,3,450.77
2023-07-25,3,3,490.63
2023-07-26,3,3,548.48
2023-07-27,3,3,472.24
2023-07-28,3,3,473.01
2023-07-29,3,3,715.56
2023-07-30,3,3,706.13
2023-07-31,3,3,587.88
2023-08-01,3,3,321.63
2023-08-02,3,3,496.26
2023-08-03,3,3,476.67
2023-08-04,3,3,379.37
2023-08-05,3,3,590.58
2023-08-06,3,3,659.25
2023-08-07,3,3,383.81
2023-08-08,3,3,467.72
2023-08-09,3,3,496.24
2023-08-10,3,3,368.6
2023-08-11,3,3,430.05
2023-08-12,3,3,597.43
2023-08-13,3,3,503.67
2023-08-14,3,3,382.2
2023-08-15,3,3,431.61
2023-08-16,3,3,493.82
2023-08-17,3,3,483.68
2023-08-18,3,3,384.34
2023-08-19,3,3,630.31
2023-08-20,3,3,502.46
2023-08-21,3,3,335.4
2023-08-22,3,3,418.11
2023-08-23,3,3,517.33
2023-08-24,3,3,486.62
2023-08-25,3,3,443.2
2023-08-26,3,3,540.62
2023-08-27,3,3,543.28
2023-08-28,3,3,451.39
2023-08-29,3,3,373.19
2023-08-30,3,3,421.47
2023-08-31,3,3,430.58
2023-09-01,3,3,343.51
2023-09-02,3,3,489.93
2023-09-03,3,3,595.29
2023-09-04,3,3,432.24
2023-09-05,3,3,411.89
2023-09-06,3,3,373.07
2023-09-07,3,3,534.7
2023-09-08,3,3,378.3
2023-09-09,3,3,584.09
2023-09-10,3,3,521.98
2023-09-11,3,3,435.85
2023-09-12,3,3,463.54
2023-09-13,3,3,344.82
2023-09-14,3,3,433.87
2023-09-15,3,3,512.18
2023-09-16,3,3,714.65
2023-09-17,3,3,554.6
2023-09-18,3,3,438.09
2023-09-19,3,3,580.14
2023-09-20,3,3,510.11
2023-09-21,3,3,395.79
2023-09-22,3,3,395.92
2023-09-23,3,3,649.18
2023-09-24,3,3,481.92
2023-09-25,3,3,508.59
2023-09-26,3,3,459.45
2023-09-27,3,3,471.78
2023-09-28,3,3,421.18
2023-09-29,3,3,396.91
2023-09-30,3,3,695.2
2023-10-01,3,3,567.8
2023-10-02,3,3,425.86
2023-10-03,3,3,448.65
2023-10-04,3,3,467.54
2023-10-05,3,3,384.36
2023-10-06,3,3,416.39
2023-10-07,3,3,536.92
2023-10-08,3,3,667.22
2023-10-09,3,3,395.2
2023-10-10,3,3,335.94
2023-10-11,3,3,321.68
2023-10-12,3,3,355.89
2023-10-13,3,3,550.18
2023-10-14,3,3,595.74
2023-10-15,3,3,639.37
2023-10-16,3,3,494.54
2023-10-17,3,3,461.84
2023-10-18,3,3,453.12
2023-10-19,3,3,530.38
2023-10-20,3,3,468.86
2023-10-21,3,3,722.07
2023-10-22,3,3,652.79
2023-10-23,3,3,417.05
2023-10-24,3,3,425.62
2023-10-25,3,3,409.98
2023-10-26,3,3,544.57
2023-10-27,3,3,432.76
2023-10-28,3,3,527.55
2023-10-29,3,3,628.46
2023-10-30,3,3,454.86
2023-10-31,3,3,482.27
2023-11-01,3,3,645.66
2023-11-02,3,3,572.3
2023-11-03,3,3,505.7
2023-11-04,3,3,516.74
2023-11-05,3,3,606.38
2023-11-06,3,3,558.38
2023-11-07,3,3,416.18
2023-11-08,3,3,667.4
2023-11-09,3,3,506.56
2023-11-10,3,3,509.47
2023-11-11,3,3,592.1
2023-11-12,3,3,707.33
2023-11-13,3,3,418.66
2023-11-14,3,3,671.6
2023-11-15,3,3,607.51
2023-11-16,3,3,582.52
2023-11-17,3,3,401.95
2023-11-18,3,3,680.99
2023-11-19,3,3,780.91
2023-11-20,3,3,554.05
2023-11-21,3,3,432.56
2023-11-22,3,3,459.71
2023-11-23,3,3,475.13
2023-11-24,3,3,463.83
2023-11-25,3,3,815.5
2023-11-26,3,3,472.5
2023-11-27,3,3,561.16
2023-11-28,3,3,412.1
2023-11-29,3,3,437.74
2023-11-30,3,3,357.51
2023-12-01,3,3,522.13
2023-12-02,3,3,907.85
2023-12-03,3,3,769.98
2023-12-04,3,3,467.54
2023-12-05,3,3,657.35
2023-12-06,3,3,676.07
2023-12-07,3,3,579.92
2023-12-08,3,3,745.72
2023-12-09,3,3,834.76
2023-12-10,3,3,819.76
2023-12-11,3,3,503.37
2023-12-12,3,3,626.58
2023-12-13,3,3,591.65
2023-12-14,3,3,618.06
2023-12-15,3,3,514.77
2023-12-16,3,3,760.56
2023-12-17,3,3,655.17
2023-12-18,3,3,389.6
2023-12-19,3,3,661.13
2023-12-20,3,3,445.7
2023-12-21,3,3,584.95
2023-12-22,3,3,604.8
2023-12-23,3,3,785.98
2023-12-24,3,3,717.87
2023-12-25,3,3,600.51
2023-12-26,3,3,618.16
2023-12-27,3,3,641.39
2023-12-28,3,3,728.34
2023-12-29,3,3,598.69
2023-12-30,3,3,759.55
2023-12-31,3,3,650.37
2022-01-01,3,4,252.57
2022-01-02,3,4,249.15
2022-01-03,3,4,209.2
2022-01-04,3,4,180.84
2022-01-05,3,4,222.26
2022-01-06,3,4,164.06
2022-01-07,3,4,230.28
2022-01-08,3,4,254.19
2022-01-09,3,4,243.93
2022-01-10,3,4,149.09
2022-01-11,3,4,158.42
2022-01-12,3,4,200.25
2022-01-13,3,4,169.95
2022-01-14,3,4,219.07
2022-01-15,3,4,258.74
2022-01-16,3,4,195.22
2022-01-17,3,4,213.01
2022-01-18,3,4,186.71
2022-01-19,3,4,190.24
2022-01-20,3,4,221.79
2022-01-21,3,4,151.79
2022-01-22,3,4,207.63
2022-01-23,3,4,262.21
2022-01-24,3,4,143.45
2022-01-25,3,4,175.14
2022-01-26,3,4,221.18
2022-01-27,3,4,189.92
2022-01-28,3,4,153.41
2022-01-29,3,4,258.61
2022-01-30,3,4,236.43
2022-01-31,3,4,173.4
2022-02-01,3,4,317.3
2022-02-02,3,4,224.98
2022-02-03,3,4,198.5
2022-02-04,3,4,235.48
2022-02-05,3,4,258.25
2022-02-06,3,4,249.29
2022-02-07,3,4,217.47
2022-02-08,3,4,224.22
2022-02-09,3,4,237.48
2022-02-10,3,4,253.29
2022-02-11,3,4,246.14
2022-02-12,3,4,306.79
2022-02-13,3,4,311.28
2022-02-14,3,4,246.76
2022-02-15,3,4,232.06
2022-02-16,3,4,160.0
2022-02-17,3,4,225.81
2022-02-18,3,4,253.77
2022-02-19,3,4,240.73
2022-02-20,3,4,257.84
2022-02-21,3,4,209.03
2022-02-22,3,4,217.15
2022-02-23,3,4,193.73
2022-02-24,3,4,213.35
2022-02-25,3,4,228.03
2022-02-26,3,4,192.43
2022-02-27,3,4,278.87
2022-02-28,3,4,200.15
2022-03-01,3,4,161.73
2022-03-02,3,4,236.01
2022-03-03,3,4,227.97
2022-03-04,3,4,223.4
2022-03-05,3,4,309.65
2022-03-06,3,4,297.62
2022-03-07,3,4,194.42
2022-03-08,3,4,242.56
2022-03-09,3,4,248.41
2022-03-10,3,4,183.53
2022-03-11,3,4,248.43
2022-03-12,3,4,273.4
2022-03-13,3,4,312.08
2022-03-14,3,4,225.07
2022-03-15,3,4,214.58
2022-03-16,3,4,238.3
2022-03-17,3,4,209.65
2022-03-18,3,4,256.67
2022-03-19,3,4,341.07
2022-03-20,3,4,264.07
2022-03-21,3,4,215.94
2022-03-22,3,4,209.26
2022-03-23,3,4,234.4
2022-03-24,3,4,265.76
2022-03-25,3,4,166.71
2022-03-26,3,4,227.74
2022-03-27,3,4,285.92
2022-03-28,3,4,229.15
2022-03-29,3,4,191.63
2022-03-30,3,4,229.4
2022-03-31,3,4,198.7
2022-04-01,3,4,204.1
2022-04-02,3,4,338.85
2022-04-03,3,4,270.24
2022-04-04,3,4,207.49
2022-04-05,3,4,223.9
2022-04-06,3,4,255.77
2022-04-07,3,4,218.54
2022-04-08,3,4,201.73
2022-04-09,3,4,311.36
2022-04-10,3,4,321.69
2022-04-11,3,4,258.67
2022-04-12,3,4,219.78
2022-04-13,3,4,236.93
2022-04-14,3,4,247.61
2022-04-15,3,4,227.61
2022-04-16,3,4,345.36
2022-04-17,3,4,316.75
2022-04-18,3,4,284.92
2022-04-19,3,4,252.98
2022-04-20,3,4,158.25
2022-04-21,3,4,209.46
2022-04-22,3,4,168.86
2022-04-23,3,4,262.32
2022-04-24,3,4,274.21
2022-04-25,3,4,252.71
2022-04-26,3,4,209.02
2022-04-27,3,4,270.82
2022-04-28,3,4,201.7
2022-04-29,3,4,214.67
2022-04-30,3,4,237.66
2022-05-01,3,4,333.34
2022-05-02,3,4,260.88
2022-05-03,3,4,206.94
2022-05-04,3,4,164.38
2022-05-05,3,4,204.9
2022-05-06,3,4,219.06
2022-05-07,3,4,249.22
2022-05-08,3,4,372.91
2022-05-09,3,4,270.37
2022-05-10,3,4,156.72
2022-05-11,3,4,175.83
2022-05-12,3,4,227.47
2022-05-13,3,4,178.76
2022-05-14,3,4,284.76
2022-05-15,3,4,277.85
2022-05-16,3,4,212.31
2022-05-17,3,4,246.43
2022-05-18,3,4,271.96
2022-05-19,3,4,226.86
2022-05-20,3,4,175.36
2022-05-21,3,4,284.89
2022-05-22,3,4,254.66
2022-05-23,3,4,279.11
2022-05-24,3,4,237.44
2022-05-25,3,4,228.27
2022-05-26,3,4,236.45
2022-05-27,3,4,214.4
2022-05-28,3,4,333.28
2022-05-29,3,4,256.78
2022-05-30,3,4,247.34
2022-05-31,3,4,268.07
2022-06-01,3,4,172.86
2022-06-02,3,4,207.05
2022-06-03,3,4,209.56
2022-06-04,3,4,215.27
2022-06-05,3,4,204.11
2022-06-06,3,4,170.58
2022-06-07,3,4,196.38
2022-06-08,3,4,210.54
2022-06-09,3,4,187.27
2022-06-10,3,4,255.9
2022-06-11,3,4,297.93
2022-06-12,3,4,275.96
2022-06-13,3,4,186.1
2022-06-14,3,4,201.21
2022-06-15,3,4,232.22
2022-06-16,3,4,226.99
2022-06-17,3,4,226.86
2022-06-18,3,4,247.91
2022-06-19,3,4,239.58
2022-06-20,3,4,157.29
2022-06-21,3,4,216.2
2022-06-22,3,4,154.82
2022-06-23,3,4,200.19
2022-06-24,3,4,188.17
2022-06-25,3,4,270.02
2022-06-26,3,4,307.25
2022-06-27,3,4,242.23
2022-06-28,3,4,222.75
2022-06-29,3,4,178.56
2022-06-30,3,4,201.18
2022-07-01,3,4,157.99
2022-07-02,3,4,213.36
2022-07-03,3,4,253.91
2022-07-04,3,4,155.65
2022-07-05,3,4,170.01
2022-07-06,3,4,153.29
2022-07-07,3,4,200.79
2022-07-08,3,4,173.01
2022-07-09,3,4,158.86
2022-07-10,3,4,296.54
2022-07-11,3,4,211.24
2022-07-12,3,4,128.04
2022-07-13,3,4,203.92
2022-07-14,3,4,225.81
2022-07-15,3,4,178.83
2022-07-16,3,4,244.73
2022-07-17,3,4,228.12
2022-07-18,3,4,198.82
2022-07-19,3,4,213.2
2022-07-20,3,4,151.74
2022-07-21,3,4,165.32
2022-07-22,3,4,187.88
2022-07-23,3,4,251.98
2022-07-24,3,4,255.7
2022-07-25,3,4,180.16
2022-07-26,3,4,161.11
2022-07-27,3,4,213.29
2022-07-28,3,4,151.9
2022-07-29,3,4,172.39
2022-07-30,3,4,242.82
2022-07-31,3,4,260.02
2022-08-01,3,4,163.92
2022-08-02,3,4,190.94
2022-08-03,3,4,203.92
2022-08-04,3,4,155.79
2022-08-05,3,4,182.09
2022-08-06,3,4,232.03
2022-08-07,3,4,212.49
2022-08-08,3,4,123.11
2022-08-09,3,4,181.72
2022-08-10,3,4,184.71
2022-08-11,3,4,201.02
2022-08-12,3,4,164.28
2022-08-13,3,4,202.53
2022-08-14,3,4,194.34
2022-08-15,3,4,95.42
2022-08-16,3,4,163.01
2022-08-17,3,4,245.76
2022-08-18,3,4,206.96
2022-08-19,3,4,148.08
2022-08-20,3,4,208.87
2022-08-21,3,4,208.82
2022-08-22,3,4,210.97
2022-08-23,3,4,232.77
2022-08-24,3,4,177.03
2022-08-25,3,4,181.73
2022-08-26,3,4,188.61
2022-08-27,3,4,227.09
2022-08-28,3,4,237.45
2022-08-29,3,4,176.65
2022-08-30,3,4,188.11
2022-08-31,3,4,122.92
2022-09-01,3,4,157.87
2022-09-02,3,4,140.02
2022-09-03,3,4,244.42
2022-09-04,3,4,195.55
2022-09-05,3,4,130.6
2022-09-06,3,4,124.98
2022-09-07,3,4,182.45
2022-09-08,3,4,147.23
2022-09-09,3,4,167.65
2022-09-10,3,4,275.63
2022-09-11,3,4,235.46
2022-09-12,3,4,158.48
2022-09-13,3,4,141.47
2022-09-14,3,4,183.1
2022-09-15,3,4,168.69
2022-09-16,3,4,187.1
2022-09-17,3,4,143.9
2022-09-18,3,4,262.41
2022-09-19,3,4,128.23
2022-09-20,3,4,160.16
2022-09-21,3,4,208.88
2022-09-22,3,4,115.03
2022-09-23,3,4,170.86
2022-09-24,3,4,215.95
2022-09-25,3,4,224.44
2022-09-26,3,4,182.8
2022-09-27,3,4,174.06
2022-09-28,3,4,138.87
2022-09-29,3,4,176.48
2022-09-30,3,4,173.6
2022-10-01,3,4,231.95
2022-10-02,3,4,307.54
2022-10-03,3,4,216.51
2022-10-04,3,4,229.93
2022-10-05,3,4,189.94
2022-10-06,3,4,229.16
2022-10-07,3,4,157.67
2022-10-08,3,4,222.67
2022-10-09,3,4,215.04
2022-10-10,3,4,167.83
2022-10-11,3,4,182.59
2022-10-12,3,4,187.16
2022-10-13,3,4,193.49
2022-10-14,3,4,229.49
2022-10-15,3,4,182.52
2022-10-16,3,4,194.01
2022-10-17,3,4,115.53
2022-10-18,3,4,159.41
2022-10-19,3,4,170.43
2022-10-20,3,4,163.59
2022-10-21,3,4,151.63
2022-10-22,3,4,241.1
2022-10-23,3,4,224.3
2022-10-24,3,4,158.97
2022-10-25,3,4,187.6
2022-10-26,3,4,167.8
2022-10-27,3,4,215.6
2022-10-28,3,4,179.35
2022-10-29,3,4,226.65
2022-10-30,3,4,248.79
2022-10-31,3,4,128.84
2022-11-01,3,4,237.31
2022-11-02,3,4,224.57
2022-11-03,3,4,177.15
2022-11-04,3,4,167.1
2022-11-05,3,4,222.13
2022-11-06,3,4,206.58
2022-11-07,3,4,150.35
2022-11-08,3,4,158.17
2022-11-09,3,4,121.79
2022-11-10,3,4,191.12
2022-11-11,3,4,198.16
2022-11-12,3,4,313.77
2022-11-13,3,4,302.39
2022-11-14,3,4,180.44
2022-11-15,3,4,195.38
2022-11-16,3,4,236.67
2022-11-17,3,4,189.55
2022-11-18,3,4,208.58
2022-11-19,3,4,240.54
2022-11-20,3,4,266.35
2022-11-21,3,4,206.4
2022-11-22,3,4,193.32
2022-11-23,3,4,236.79
2022-11-24,3,4,177.82
2022-11-25,3,4,207.99
2022-11-26,3,4,337.15
2022-11-27,3,4,278.62
2022-11-28,3,4,180.44
2022-11-29,3,4,215.76
2022-11-30,3,4,280.09
2022-12-01,3,4,229.54
2022-12-02,3,4,255.56
2022-12-03,3,4,297.34
2022-12-04,3,4,309.61
2022-12-05,3,4,226.2
2022-12-06,3,4,194.08
2022-12-07,3,4,242.09
2022-12-08,3,4,187.31
2022-12-09,3,4,218.81
2022-12-10,3,4,384.31
2022-12-11,3,4,295.66
2022-12-12,3,4,198.22
2022-12-13,3,4,238.57
2022-12-14,3,4,211.29
2022-12-15,3,4,234.35
2022-12-16,3,4,190.04
2022-12-17,3,4,335.33
2022-12-18,3,4,306.06
2022-12-19,3,4,196.52
2022-12-20,3,4,243.94
2022-12-21,3,4,298.86
2022-12-22,3,4,204.12
2022-12-23,3,4,258.33
2022-12-24,3,4,320.69
2022-12-25,3,4,320.27
2022-12-26,3,4,263.87
2022-12-27,3,4,222.98
2022-12-28,3,4,238.14
2022-12-29,3,4,236.42
2022-12-30,3,4,203.23
2022-12-31,3,4,324.21
2023-01-01,3,4,315.76
2023-01-02,3,4,327.61
2023-01-03,3,4,237.64
2023-01-04,3,4,206.44
2023-01-05,3,4,300.9
2023-01-06,3,4,229.02
2023-01-07,3,4,274.34
2023-01-08,3,4,355.13
2023-01-09,3,4,310.0
2023-01-10,3,4,287.14
2023-01-11,3,4,236.55
2023-01-12,3,4,263.92
2023-01-13,3,4,247.94
2023-01-14,3,4,421.07
2023-01-15,3,4,315.21
2023-01-16,3,4,263.53
2023-01-17,3,4,266.46
2023-01-18,3,4,214.8
2023-01-19,3,4,252.71
2023-01-20,3,4,253.53
2023-01-21,3,4,408.77
2023-01-22,3,4,348.97
2023-01-23,3,4,246.18
2023-01-24,3,4,255.5
2023-01-25,3,4,258.75
2023-01-26,3,4,260.03
2023-01-27,3,4,298.16
2023-01-28,3,4,390.51
2023-01-29,3,4,290.12
2023-01-30,3,4,304.33
2023-01-31,3,4,292.08
2023-02-01,3,4,277.95
2023-02-02,3,4,218.38
2023-02-03,3,4,289.52
2023-02-04,3,4,345.62
2023-02-05,3,4,395.67
2023-02-06,3,4,308.44
2023-02-07,3,4,337.05
2023-02-08,3,4,236.75
2023-02-09,3,4,372.16
2023-02-10,3,4,319.84
2023-02-11,3,4,406.13
2023-02-12,3,4,472.61
2023-02-13,3,4,296.05
2023-02-14,3,4,326.62
2023-02-15,3,4,290.19
2023-02-16,3,4,318.9
2023-02-17,3,4,332.76
2023-02-18,3,4,427.21
2023-02-19,3,4,285.25
2023-02-20,3,4,266.36
2023-02-21,3,4,334.13
2023-02-22,3,4,305.63
2023-02-23,3,4,282.47
2023-02-24,3,4,306.47
2023-02-25,3,4,309.15
2023-02-26,3,4,414.48
2023-02-27,3,4,301.29
2023-02-28,3,4,289.24
2023-03-01,3,4,284.47
2023-03-02,3,4,302.66
2023-03-03,3,4,280.68
2023-03-04,3,4,362.31
2023-03-05,3,4,483.33
2023-03-06,3,4,223.53
2023-03-07,3,4,224.59
2023-03-08,3,4,328.19
2023-03-09,3,4,240.18
2023-03-10,3,4,205.76
2023-03-11,3,4,440.9
2023-03-12,3,4,455.33
2023-03-13,3,4,236.94
2023-03-14,3,4,215.55
2023-03-15,3,4,241.22
2023-03-16,3,4,264.38
2023-03-17,3,4,380.46
2023-03-18,3,4,359.76
2023-03-19,3,4,432.83
2023-03-20,3,4,328.29
2023-03-21,3,4,355.22
2023-03-22,3,4,268.77
2023-03-23,3,4,296.38
2023-03-24,3,4,287.27
2023-03-25,3,4,417.6
2023-03-26,3,4,457.21
2023-03-27,3,4,394.92
2023-03-28,3,4,280.41
2023-03-29,3,4,304.39
2023-03-30,3,4,337.05
2023-03-31,3,4,325.86
2023-04-01,3,4,477.27
2023-04-02,3,4,373.73
2023-04-03,3,4,274.98
2023-04-04,3,4,353.02
2023-04-05,3,4,306.12
2023-04-06,3,4,316.76
2023-04-07,3,4,290.02
2023-04-08,3,4,434.48
2023-04-09,3,4,332.17
2023-04-10,3,4,273.62
2023-04-11,3,4,177.22
2023-04-12,3,4,266.52
2023-04-13,3,4,335.56
2023-04-14,3,4,296.67
2023-04-15,3,4,330.15
2023-04-16,3,4,465.76
2023-04-17,3,4,301.36
2023-04-18,3,4,370.48
2023-04-19,3,4,333.61
2023-04-20,3,4,304.17
2023-04-21,3,4,377.51
2023-04-22,3,4,363.45
2023-04-23,3,4,322.07
2023-04-24,3,4,367.79
2023-04-25,3,4,323.74
2023-04-26,3,4,359.13
2023-04-27,3,4,336.52
2023-04-28,3,4,370.75
2023-04-29,3,4,357.23
2023-04-30,3,4,376.22
2023-05-01,3,4,271.09
2023-05-02,3,4,271.83
2023-05-03,3,4,214.04
2023-05-04,3,4,286.86
2023-05-05,3,4,313.44
2023-05-06,3,4,327.28
2023-05-07,3,4,314.75
2023-05-08,3,4,275.03
2023-05-09,3,4,314.0
2023-05-10,3,4,235.77
2023-05-11,3,4,379.86
2023-05-12,3,4,226.65
2023-05-13,3,4,334.85
2023-05-14,3,4,428.78
2023-05-15,3,4,323.01
2023-05-16,3,4,319.51
2023-05-17,3,4,253.41
2023-05-18,3,4,261.62
2023-05-19,3,4,246.49
2023-05-20,3,4,350.24
2023-05-21,3,4,389.29
2023-05-22,3,4,246.78
2023-05-23,3,4,209.21
2023-05-24,3,4,333.53
2023-05-25,3,4,276.28
2023-05-26,3,4,316.02
2023-05-27,3,4,352.49
2023-05-28,3,4,399.98
2023-05-29,3,4,384.04
2023-05-30,3,4,236.03
2023-05-31,3,4,251.81
2023-06-01,3,4,224.3
2023-06-02,3,4,341.41
2023-06-03,3,4,336.66
2023-06-04,3,4,382.77
2023-06-05,3,4,156.9
2023-06-06,3,4,274.8
2023-06-07,3,4,246.27
2023-06-08,3,4,314.8
2023-06-09,3,4,286.46
2023-06-10,3,4,317.79
2023-06-11,3,4,419.78
2023-06-12,3,4,326.72
2023-06-13,3,4,320.42
2023-06-14,3,4,291.47
2023-06-15,3,4,250.84
2023-06-16,3,4,271.02
2023-06-17,3,4,319.4
2023-06-18,3,4,352.23
2023-06-19,3,4,239.01
2023-06-20,3,4,255.9
2023-06-21,3,4,347.24
2023-06-22,3,4,275.19
2023-06-23,3,4,246.13
2023-06-24,3,4,285.77
2023-06-25,3,4,337.35
2023-06-26,3,4,293.08
2023-06-27,3,4,269.19
2023-06-28,3,4,261.82
2023-06-29,3,4,280.98
2023-06-30,3,4,279.93
2023-07-01,3,4,342.16
2023-07-02,3,4,343.62
2023-07-03,3,4,235.16
2023-07-04,3,4,233.52
2023-07-05,3,4,238.67
2023-07-06,3,4,258.86
2023-07-07,3,4,279.13
2023-07-08,3,4,295.12
2023-07-09,3,4,303.39
2023-07-10,3,4,210.19
2023-07-11,3,4,185.83
2023-07-12,3,4,195.2
2023-07-13,3,4,203.75
2023-07-14,3,4,216.05
2023-07-15,3,4,333.77
2023-07-16,3,4,262.22
2023-07-17,3,4,241.12
2023-07-18,3,4,270.88
2023-07-19,3,4,210.82
2023-07-20,3,4,223.17
2023-07-21,3,4,193.36
2023-07-22,3,4,268.82
2023-07-23,3,4,378.32
2023-07-24,3,4,259.86
2023-07-25,3,4,319.65
2023-07-26,3,4,215.13
2023-07-27,3,4,296.78
2023-07-28,3,4,215.7
2023-07-29,3,4,291.35
2023-07-30,3,4,443.95
2023-07-31,3,4,212.25
2023-08-01,3,4,276.13
2023-08-02,3,4,222.11
2023-08-03,3,4,187.25
2023-08-04,3,4,175.51
2023-08-05,3,4,295.28
2023-08-06,3,4,241.86
2023-08-07,3,4,213.97
2023-08-08,3,4,160.03
2023-08-09,3,4,236.09
2023-08-10,3,4,172.42
2023-08-11,3,4,222.44
2023-08-12,3,4,231.37
2023-08-13,3,4,345.89
2023-08-14,3,4,153.71
2023-08-15,3,4,215.47
2023-08-16,3,4,244.06
2023-08-17,3,4,237.44
2023-08-18,3,4,183.28
2023-08-19,3,4,216.74
2023-08-20,3,4,327.85
2023-08-21,3,4,221.68
2023-08-22,3,4,189.68
2023-08-23,3,4,253.9
2023-08-24,3,4,207.2
2023-08-25,3,4,204.11
2023-08-26,3,4,256.26
2023-08-27,3,4,261.16
2023-08-28,3,4,199.79
2023-08-29,3,4,238.18
2023-08-30,3,4,279.98
2023-08-31,3,4,179.67
2023-09-01,3,4,208.8
2023-09-02,3,4,279.21
2023-09-03,3,4,306.39
2023-09-04,3,4,253.15
2023-09-05,3,4,215.33
2023-09-06,3,4,199.65
2023-09-07,3,4,240.03
2023-09-08,3,4,166.64
2023-09-09,3,4,195.04
2023-09-10,3,4,399.46
2023-09-11,3,4,194.59
2023-09-12,3,4,207.81
2023-09-13,3,4,239.79
2023-09-14,3,4,233.38
2023-09-15,3,4,251.45
2023-09-16,3,4,329.35
2023-09-17,3,4,226.41
2023-09-18,3,4,264.73
2023-09-19,3,4,239.57
2023-09-20,3,4,235.28
2023-09-21,3,4,236.92
2023-09-22,3,4,148.28
2023-09-23,3,4,280.86
2023-09-24,3,4,248.1
2023-09-25,3,4,186.14
2023-09-26,3,4,207.12
2023-09-27,3,4,251.3
2023-09-28,3,4,233.39
2023-09-29,3,4,238.58
2023-09-30,3,4,271.74
2023-10-01,3,4,318.17
2023-10-02,3,4,224.89
2023-10-03,3,4,264.98
2023-10-04,3,4,256.32
2023-10-05,3,4,237.8
2023-10-06,3,4,204.45
2023-10-07,3,4,314.65
2023-10-08,3,4,313.46
2023-10-09,3,4,236.97
2023-10-10,3,4,216.32
2023-10-11,3,4,210.2
2023-10-12,3,4,244.51
2023-10-13,3,4,203.35
2023-10-14,3,4,292.1
2023-10-15,3,4,330.49
2023-10-16,3,4,249.28
2023-10-17,3,4,193.33
2023-10-18,3,4,244.56
2023-10-19,3,4,305.6
2023-10-20,3,4,258.11
2023-10-21,3,4,292.29
2023-10-22,3,4,364.86
2023-10-23,3,4,312.23
2023-10-24,3,4,265.35
2023-10-25,3,4,174.01
2023-10-26,3,4,256.97
2023-10-27,3,4,282.96
2023-10-28,3,4,211.36
2023-10-29,3,4,349.38
2023-10-30,3,4,228.59
2023-10-31,3,4,282.46
2023-11-01,3,4,254.21
2023-11-02,3,4,270.35
2023-11-03,3,4,271.16
2023-11-04,3,4,370.49
2023-11-05,3,4,357.3
2023-11-06,3,4,222.97
2023-11-07,3,4,247.7
2023-11-08,3,4,257.78
2023-11-09,3,4,305.84
2023-11-10,3,4,277.11
2023-11-11,3,4,302.9
2023-11-12,3,4,289.86
2023-11-13,3,4,284.22
2023-11-14,3,4,240.51
2023-11-15,3,4,288.39
2023-11-16,3,4,257.1
2023-11-17,3,4,316.24
2023-11-18,3,4,300.14
2023-11-19,3,4,410.52
2023-11-20,3,4,298.22
2023-11-21,3,4,242.86
2023-11-22,3,4,225.91
2023-11-23,3,4,335.62
2023-11-24,3,4,225.23
2023-11-25,3,4,354.42
2023-11-26,3,4,356.61
2023-11-27,3,4,261.35
2023-11-28,3,4,291.72
2023-11-29,3,4,224.8
2023-11-30,3,4,337.22
2023-12-01,3,4,254.69
2023-12-02,3,4,369.89
2023-12-03,3,4,296.67
2023-12-04,3,4,336.84
2023-12-05,3,4,373.83
2023-12-06,3,4,379.3
2023-12-07,3,4,341.31
2023-12-08,3,4,275.59
2023-12-09,3,4,379.71
2023-12-10,3,4,361.44
2023-12-11,3,4,239.15
2023-12-12,3,4,279.56
2023-12-13,3,4,332.59
2023-12-14,3,4,254.78
2023-12-15,3,4,192.77
2023-12-16,3,4,309.53
2023-12-17,3,4,428.2
2023-12-18,3,4,217.89
2023-12-19,3,4,272.92
2023-12-20,3,4,276.98
2023-12-21,3,4,305.44
2023-12-22,3,4,304.59
2023-12-23,3,4,405.7
2023-12-24,3,4,374.41
2023-12-25,3,4,252.99
2023-12-26,3,4,334.79
2023-12-27,3,4,217.02
2023-12-28,3,4,329.86
2023-12-29,3,4,346.13
2023-12-30,3,4,518.98
2023-12-31,3,4,341.0
2022-01-01,3,5,126.95
2022-01-02,3,5,143.82
2022-01-03,3,5,112.1
2022-01-04,3,5,95.82
2022-01-05,3,5,100.58
2022-01-06,3,5,101.23
2022-01-07,3,5,63.66
2022-01-08,3,5,95.71
2022-01-09,3,5,114.37
2022-01-10,3,5,88.7
2022-01-11,3,5,79.51
2022-01-12,3,5,107.96
2022-01-13,3,5,97.18
2022-01-14,3,5,94.11
2022-01-15,3,5,102.7
2022-01-16,3,5,125.82
2022-01-17,3,5,59.1
2022-01-18,3,5,95.24
2022-01-19,3,5,98.65
2022-01-20,3,5,101.37
2022-01-21,3,5,74.94
2022-01-22,3,5,131.71
2022-01-23,3,5,107.61
2022-01-24,3,5,86.23
2022-01-25,3,5,108.88
2022-01-26,3,5,128.12
2022-01-27,3,5,99.25
2022-01-28,3,5,86.5
2022-01-29,3,5,131.92
2022-01-30,3,5,146.5
2022-01-31,3,5,108.08
2022-02-01,3,5,148.99
2022-02-02,3,5,94.32
2022-02-03,3,5,109.76
2022-02-04,3,5,130.46
2022-02-05,3,5,168.47
2022-02-06,3,5,97.55
2022-02-07,3,5,106.12
2022-02-08,3,5,129.94
2022-02-09,3,5,152.5
2022-02-10,3,5,117.72
2022-02-11,3,5,100.7
2022-02-12,3,5,117.69
2022-02-13,3,5,185.02
2022-02-14,3,5,118.57
2022-02-15,3,5,93.38
2022-02-16,3,5,103.83
2022-02-17,3,5,112.18
2022-02-18,3,5,116.05
2022-02-19,3,5,120.78
2022-02-20,3,5,126.88
2022-02-21,3,5,80.92
2022-02-22,3,5,124.51
2022-02-23,3,5,102.28
2022-02-24,3,5,115.46
2022-02-25,3,5,131.06
2022-02-26,3,5,145.19
2022-02-27,3,5,138.3
2022-02-28,3,5,111.47
2022-03-01,3,5,111.95
2022-03-02,3,5,131.75
2022-03-03,3,5,116.29
2022-03-04,3,5,102.13
2022-03-05,3,5,167.46
2022-03-06,3,5,171.59
2022-03-07,3,5,89.14
2022-03-08,3,5,137.3
2022-03-09,3,5,117.85
2022-03-10,3,5,116.59
2022-03-11,3,5,128.85
2022-03-12,3,5,133.28
2022-03-13,3,5,166.67
2022-03-14,3,5,105.92
2022-03-15,3,5,87.51
2022-03-16,3,5,95.64
2022-03-17,3,5,122.15
2022-03-18,3,5,96.7
2022-03-19,3,5,182.03
2022-03-20,3,5,172.94
2022-03-21,3,5,135.59
2022-03-22,3,5,115.22
2022-03-23,3,5,117.58
2022-03-24,3,5,93.02
2022-03-25,3,5,130.35
2022-03-26,3,5,155.98
2022-03-27,3,5,160.28
2022-03-28,3,5,142.53
2022-03-29,3,5,103.49
2022-03-30,3,5,111.78
2022-03-31,3,5,119.63
2022-04-01,3,5,95.94
2022-04-02,3,5,141.12
2022-04-03,3,5,156.09
2022-04-04,3,5,106.44
2022-04-05,3,5,134.0
2022-04-06,3,5,86.7
2022-04-07,3,5,131.11
2022-04-08,3,5,123.45
2022-04-09,3,5,133.67
2022-04-10,3,5,125.99
2022-04-11,3,5,77.48
2022-04-12,3,5,99.28
2022-04-13,3,5,130.55
2022-04-14,3,5,111.98
2022-04-15,3,5,132.75
2022-04-16,3,5,133.4
2022-04-17,3,5,162.82
2022-04-18,3,5,101.14
2022-04-19,3,5,97.01
2022-04-20,3,5,111.72
2022-04-21,3,5,102.31
2022-04-22,3,5,87.42
2022-04-23,3,5,143.96
2022-04-24,3,5,150.5
2022-04-25,3,5,135.75
2022-04-26,3,5,130.2
2022-04-27,3,5,135.17
2022-04-28,3,5,126.72
2022-04-29,3,5,120.17
2022-04-30,3,5,121.48
2022-05-01,3,5,142.91
2022-05-02,3,5,117.24
2022-05-03,3,5,131.25
2022-05-04,3,5,118.9
2022-05-05,3,5,127.97
2022-05-06,3,5,91.28
2022-05-07,3,5,133.64
2022-05-08,3,5,149.7
2022-05-09,3,5,127.14
2022-05-10,3,5,106.02
2022-05-11,3,5,107.13
2022-05-12,3,5,119.76
2022-05-13,3,5,90.31
2022-05-14,3,5,175.48
2022-05-15,3,5,122.85
2022-05-16,3,5,77.6
2022-05-17,3,5,109.21
2022-05-18,3,5,136.95
2022-05-19,3,5,118.85
2022-05-20,3,5,121.66
2022-05-21,3,5,143.15
2022-05-22,3,5,139.13
2022-05-23,3,5,84.22
2022-05-24,3,5,72.54
2022-05-25,3,5,113.05
2022-05-26,3,5,131.55
2022-05-27,3,5,115.69
2022-05-28,3,5,156.53
2022-05-29,3,5,177.29
2022-05-30,3,5,115.74
2022-05-31,3,5,108.36
2022-06-01,3,5,88.11
2022-06-02,3,5,131.03
2022-06-03,3,5,108.57
2022-06-04,3,5,112.39
2022-06-05,3,5,108.01
2022-06-06,3,5,119.84
2022-06-07,3,5,85.26
2022-06-08,3,5,129.16
2022-06-09,3,5,59.32
2022-06-10,3,5,122.83
2022-06-11,3,5,141.33
2022-06-12,3,5,134.17
2022-06-13,3,5,98.82
2022-06-14,3,5,130.39
2022-06-15,3,5,112.45
2022-06-16,3,5,87.97
2022-06-17,3,5,75.58
2022-06-18,3,5,136.03
2022-06-19,3,5,132.6
2022-06-20,3,5,78.83
2022-06-21,3,5,101.34
2022-06-22,3,5,93.47
2022-06-23,3,5,102.51
2022-06-24,3,5,113.61
2022-06-25,3,5,163.15
2022-06-26,3,5,151.6
2022-06-27,3,5,91.6
2022-06-28,3,5,108.49
2022-06-29,3,5,103.86
2022-06-30,3,5,82.4
2022-07-01,3,5,98.3
2022-07-02,3,5,154.3
2022-07-03,3,5,121.38
2022-07-04,3,5,70.76
2022-07-05,3,5,93.49
2022-07-06,3,5,76.19
2022-07-07,3,5,105.3
2022-07-08,3,5,100.65
2022-07-09,3,5,118.29
2022-07-10,3,5,115.47
2022-07-11,3,5,90.56
2022-07-12,3,5,93.74
2022-07-13,3,5,82.85
2022-07-14,3,5,74.26
2022-07-15,3,5,109.89
2022-07-16,3,5,115.06
2022-07-17,3,5,125.28
2022-07-18,3,5,98.12
2022-07-19,3,5,98.72
2022-07-20,3,5,77.65
2022-07-21,3,5,70.62
2022-07-22,3,5,86.07
2022-07-23,3,5,130.12
2022-07-24,3,5,109.51
2022-07-25,3,5,89.6
2022-07-26,3,5,124.94
2022-07-27,3,5,68.56
2022-07-28,3,5,84.13
2022-07-29,3,5,121.97
2022-07-30,3,5,122.72
2022-07-31,3,5,110.55
2022-08-01,3,5,102.78
2022-08-02,3,5,88.25
2022-08-03,3,5,83.02
2022-08-04,3,5,90.19
2022-08-05,3,5,79.08
2022-08-06,3,5,96.73
2022-08-07,3,5,112.3
2022-08-08,3,5,74.62
2022-08-09,3,5,88.17
2022-08-10,3,5,92.78
2022-08-11,3,5,99.45
2022-08-12,3,5,103.17
2022-08-13,3,5,107.82
2022-08-14,3,5,123.51
2022-08-15,3,5,94.99
2022-08-16,3,5,92.88
2022-08-17,3,5,82.23
2022-08-18,3,5,75.0
2022-08-19,3,5,95.43
2022-08-20,3,5,85.9
2022-08-21,3,5,110.92
2022-08-22,3,5,54.89
2022-08-23,3,5,71.19
2022-08-24,3,5,77.38
2022-08-25,3,5,103.85
2022-08-26,3,5,98.46
2022-08-27,3,5,106.47
2022-08-28,3,5,128.93
2022-08-29,3,5,101.38
2022-08-30,3,5,87.38
2022-08-31,3,5,71.0
2022-09-01,3,5,84.07
2022-09-02,3,5,85.57
2022-09-03,3,5,92.11
2022-09-04,3,5,119.31
2022-09-05,3,5,90.71
2022-09-06,3,5,92.94
2022-09-07,3,5,90.85
2022-09-08,3,5,96.82
2022-09-09,3,5,84.99
2022-09-10,3,5,117.07
2022-09-11,3,5,106.94
2022-09-12,3,5,79.87
2022-09-13,3,5,105.2
2022-09-14,3,5,60.8
2022-09-15,3,5,99.3
2022-09-16,3,5,79.65
2022-09-17,3,5,101.41
2022-09-18,3,5,118.84
2022-09-19,3,5,68.36
2022-09-20,3,5,77.32
2022-09-21,3,5,76.94
2022-09-22,3,5,85.31
2022-09-23,3,5,77.66
2022-09-24,3,5,142.5
2022-09-25,3,5,145.99
2022-09-26,3,5,61.67
2022-09-27,3,5,95.83
2022-09-28,3,5,100.08
2022-09-29,3,5,95.96
2022-09-30,3,5,80.04
2022-10-01,3,5,115.03
2022-10-02,3,5,106.09
2022-10-03,3,5,86.2
2022-10-04,3,5,75.36
2022-10-05,3,5,90.55
2022-10-06,3,5,71.42
2022-10-07,3,5,89.51
2022-10-08,3,5,97.58
2022-10-09,3,5,123.88
2022-10-10,3,5,83.07
2022-10-11,3,5,96.61
2022-10-12,3,5,107.67
2022-10-13,3,5,114.82
2022-10-14,3,5,57.6
2022-10-15,3,5,105.61
2022-10-16,3,5,115.32
2022-10-17,3,5,99.43
2022-10-18,3,5,70.04
2022-10-19,3,5,79.43
2022-10-20,3,5,95.04
2022-10-21,3,5,94.48
2022-10-22,3,5,128.25
2022-10-23,3,5,129.55
2022-10-24,3,5,98.26
2022-10-25,3,5,96.3
2022-10-26,3,5,94.44
2022-10-27,3,5,103.07
2022-10-28,3,5,62.29
2022-10-29,3,5,150.3
2022-10-30,3,5,81.74
2022-10-31,3,5,78.8
2022-11-01,3,5,98.93
2022-11-02,3,5,112.84
2022-11-03,3,5,56.49
2022-11-04,3,5,102.22
2022-11-05,3,5,149.42
2022-11-06,3,5,153.59
2022-11-07,3,5,92.13
2022-11-08,3,5,98.32
2022-11-09,3,5,93.52
2022-11-10,3,5,97.05
2022-11-11,3,5,87.23
2022-11-12,3,5,116.36
2022-11-13,3,5,143.12
2022-11-14,3,5,105.48
2022-11-15,3,5,111.15
2022-11-16,3,5,106.92
2022-11-17,3,5,114.63
2022-11-18,3,5,117.42
2022-11-19,3,5,99.72
2022-11-20,3,5,117.77
2022-11-21,3,5,100.38
2022-11-22,3,5,103.71
2022-11-23,3,5,93.68
2022-11-24,3,5,118.48
2022-11-25,3,5,135.28
2022-11-26,3,5,139.48
2022-11-27,3,5,137.52
2022-11-28,3,5,117.86
2022-11-29,3,5,75.34
2022-11-30,3,5,105.14
2022-12-01,3,5,133.51
2022-12-02,3,5,105.26
2022-12-03,3,5,123.68
2022-12-04,3,5,147.45
2022-12-05,3,5,115.7
2022-12-06,3,5,100.92
2022-12-07,3,5,153.71
2022-12-08,3,5,108.62
2022-12-09,3,5,96.85
2022-12-10,3,5,150.22
2022-12-11,3,5,173.24
2022-12-12,3,5,117.68
2022-12-13,3,5,126.02
2022-12-14,3,5,102.18
2022-12-15,3,5,143.89
2022-12-16,3,5,127.64
2022-12-17,3,5,177.22
2022-12-18,3,5,161.66
2022-12-19,3,5,132.58
2022-12-20,3,5,102.61
2022-12-21,3,5,109.45
2022-12-22,3,5,142.13
2022-12-23,3,5,146.02
2022-12-24,3,5,127.46
2022-12-25,3,5,159.83
2022-12-26,3,5,110.93
2022-12-27,3,5,106.27
2022-12-28,3,5,123.85
2022-12-29,3,5,139.2
2022-12-30,3,5,127.0
2022-12-31,3,5,147.33
2023-01-01,3,5,183.5
2023-01-02,3,5,124.05
2023-01-03,3,5,139.34
2023-01-04,3,5,158.83
2023-01-05,3,5,90.47
2023-01-06,3,5,147.24
2023-01-07,3,5,131.59
2023-01-08,3,5,202.76
2023-01-09,3,5,119.21
2023-01-10,3,5,107.81
2023-01-11,3,5,145.76
2023-01-12,3,5,139.3
2023-01-13,3,5,112.37
2023-01-14,3,5,139.64
2023-01-15,3,5,167.25
2023-01-16,3,5,108.55
2023-01-17,3,5,111.46
2023-01-18,3,5,134.96
2023-01-19,3,5,113.53
2023-01-20,3,5,141.36
2023-01-21,3,5,211.47
2023-01-22,3,5,169.11
2023-01-23,3,5,135.74
2023-01-24,3,5,173.57
2023-01-25,3,5,109.58
2023-01-26,3,5,157.27
2023-01-27,3,5,154.98
2023-01-28,3,5,195.97
2023-01-29,3,5,207.52
2023-01-30,3,5,139.45
2023-01-31,3,5,122.2
2023-02-01,3,5,166.39
2023-02-02,3,5,167.33
2023-02-03,3,5,166.86
2023-02-04,3,5,187.45
2023-02-05,3,5,166.32
2023-02-06,3,5,147.56
2023-02-07,3,5,163.83
2023-02-08,3,5,165.71
2023-02-09,3,5,134.48
2023-02-10,3,5,150.65
2023-02-11,3,5,150.4
2023-02-12,3,5,214.94
2023-02-13,3,5,127.22
2023-02-14,3,5,161.25
2023-02-15,3,5,119.47
2023-02-16,3,5,166.81
2023-02-17,3,5,151.54
2023-02-18,3,5,166.02
2023-02-19,3,5,207.72
2023-02-20,3,5,132.04
2023-02-21,3,5,161.27
2023-02-22,3,5,139.11
2023-02-23,3,5,107.7
2023-02-24,3,5,123.87
2023-02-25,3,5,176.8
2023-02-26,3,5,227.95
2023-02-27,3,5,165.27
2023-02-28,3,5,181.18
2023-03-01,3,5,186.11
2023-03-02,3,5,137.26
2023-03-03,3,5,145.11
2023-03-04,3,5,182.28
2023-03-05,3,5,174.82
2023-03-06,3,5,108.31
2023-03-07,3,5,149.42
2023-03-08,3,5,120.96
2023-03-09,3,5,149.19
2023-03-10,3,5,197.69
2023-03-11,3,5,180.31
2023-03-12,3,5,201.06
2023-03-13,3,5,170.83
2023-03-14,3,5,156.81
2023-03-15,3,5,157.2
2023-03-16,3,5,142.5
2023-03-17,3,5,145.55
2023-03-18,3,5,167.92
2023-03-19,3,5,221.22
2023-03-20,3,5,111.64
2023-03-21,3,5,173.24
2023-03-22,3,5,119.46
2023-03-23,3,5,173.29
2023-03-24,3,5,143.49
2023-03-25,3,5,160.7
2023-03-26,3,5,214.4
2023-03-27,3,5,173.0
2023-03-28,3,5,141.97
2023-03-29,3,5,168.49
2023-03-30,3,5,100.01
2023-03-31,3,5,122.1
2023-04-01,3,5,231.2
2023-04-02,3,5,187.29
2023-04-03,3,5,107.5
2023-04-04,3,5,133.63
2023-04-05,3,5,128.69
2023-04-06,3,5,145.76
2023-04-07,3,5,141.26
2023-04-08,3,5,199.81
2023-04-09,3,5,192.69
2023-04-10,3,5,180.46
2023-04-11,3,5,159.54
2023-04-12,3,5,160.4
2023-04-13,3,5,176.45
2023-04-14,3,5,141.53
2023-04-15,3,5,158.51
2023-04-16,3,5,231.08
2023-04-17,3,5,153.67
2023-04-18,3,5,153.86
2023-04-19,3,5,136.48
2023-04-20,3,5,136.95
2023-04-21,3,5,170.19
2023-04-22,3,5,225.47
2023-04-23,3,5,219.7
2023-04-24,3,5,169.32
2023-04-25,3,5,164.35
2023-04-26,3,5,154.52
2023-04-27,3,5,147.64
2023-04-28,3,5,179.28
2023-04-29,3,5,186.32
2023-04-30,3,5,208.48
2023-05-01,3,5,125.36
2023-05-02,3,5,128.54
2023-05-03,3,5,137.69
2023-05-04,3,5,125.61
2023-05-05,3,5,160.04
2023-05-06,3,5,148.34
2023-05-07,3,5,188.84
2023-05-08,3,5,146.07
2023-05-09,3,5,104.39
2023-05-10,3,5,133.93
2023-05-11,3,5,149.02
2023-05-12,3,5,152.84
2023-05-13,3,5,181.09
2023-05-14,3,5,205.92
2023-05-15,3,5,141.54
2023-05-16,3,5,144.29
2023-05-17,3,5,149.53
2023-05-18,3,5,164.23
2023-05-19,3,5,129.66
2023-05-20,3,5,173.98
2023-05-21,3,5,168.97
2023-05-22,3,5,137.36
2023-05-23,3,5,175.61
2023-05-24,3,5,157.2
2023-05-25,3,5,120.28
2023-05-26,3,5,131.9
2023-05-27,3,5,199.11
2023-05-28,3,5,163.03
2023-05-29,3,5,129.44
2023-05-30,3,5,174.66
2023-05-31,3,5,132.05
2023-06-01,3,5,151.24
2023-06-02,3,5,157.31
2023-06-03,3,5,153.27
2023-06-04,3,5,149.32
2023-06-05,3,5,127.15
2023-06-06,3,5,111.06
2023-06-07,3,5,135.23
2023-06-08,3,5,128.81
2023-06-09,3,5,140.19
2023-06-10,3,5,209.26
2023-06-11,3,5,194.35
2023-06-12,3,5,143.04
2023-06-13,3,5,94.02
2023-06-14,3,5,142.31
2023-06-15,3,5,168.02
2023-06-16,3,5,73.27
2023-06-17,3,5,191.77
2023-06-18,3,5,169.76
2023-06-19,3,5,116.8
2023-06-20,3,5,150.05
2023-06-21,3,5,168.42
2023-06-22,3,5,149.73
2023-06-23,3,5,126.74
2023-06-24,3,5,149.89
2023-06-25,3,5,178.5
2023-06-26,3,5,152.09
2023-06-27,3,5,126.75
2023-06-28,3,5,128.79
2023-06-29,3,5,191.78
2023-06-30,3,5,156.64
2023-07-01,3,5,185.08
2023-07-02,3,5,123.35
2023-07-03,3,5,108.68
2023-07-04,3,5,123.02
2023-07-05,3,5,103.46
2023-07-06,3,5,151.06
2023-07-07,3,5,147.68
2023-07-08,3,5,145.88
2023-07-09,3,5,201.13
2023-07-10,3,5,122.05
2023-07-11,3,5,169.68
2023-07-12,3,5,124.94
2023-07-13,3,5,132.94
2023-07-14,3,5,148.16
2023-07-15,3,5,189.81
2023-07-16,3,5,171.59
2023-07-17,3,5,120.08
2023-07-18,3,5,132.23
2023-07-19,3,5,107.8
2023-07-20,3,5,125.72
2023-07-21,3,5,102.53
2023-07-22,3,5,117.26
2023-07-23,3,5,161.31
2023-07-24,3,5,146.56
2023-07-25,3,5,140.43
2023-07-26,3,5,121.87
2023-07-27,3,5,155.82
2023-07-28,3,5,113.0
2023-07-29,3,5,114.48
2023-07-30,3,5,108.18
2023-07-31,3,5,101.85
2023-08-01,3,5,127.72
2023-08-02,3,5,103.01
2023-08-03,3,5,121.81
2023-08-04,3,5,142.15
2023-08-05,3,5,123.82
2023-08-06,3,5,159.04
2023-08-07,3,5,123.45
2023-08-08,3,5,99.53
2023-08-09,3,5,137.59
2023-08-10,3,5,109.5
2023-08-11,3,5,107.91
2023-08-12,3,5,196.13
2023-08-13,3,5,160.73
2023-08-14,3,5,130.65
2023-08-15,3,5,138.12
2023-08-16,3,5,103.66
2023-08-17,3,5,136.49
2023-08-18,3,5,106.35
2023-08-19,3,5,137.39
2023-08-20,3,5,143.59
2023-08-21,3,5,104.48
2023-08-22,3,5,129.52
2023-08-23,3,5,120.0
2023-08-24,3,5,106.94
2023-08-25,3,5,127.2
2023-08-26,3,5,144.06
2023-08-27,3,5,142.96
2023-08-28,3,5,116.58
2023-08-29,3,5,123.86
2023-08-30,3,5,122.65
2023-08-31,3,5,109.63
2023-09-01,3,5,126.53
2023-09-02,3,5,141.16
2023-09-03,3,5,131.76
2023-09-04,3,5,87.7
2023-09-05,3,5,129.14
2023-09-06,3,5,112.82
2023-09-07,3,5,116.24
2023-09-08,3,5,130.44
2023-09-09,3,5,136.16
2023-09-10,3,5,116.5
2023-09-11,3,5,114.14
2023-09-12,3,5,118.25
2023-09-13,3,5,108.64
2023-09-14,3,5,138.19
2023-09-15,3,5,71.01
2023-09-16,3,5,172.05
2023-09-17,3,5,164.88
2023-09-18,3,5,121.22
2023-09-19,3,5,56.72
2023-09-20,3,5,135.46
2023-09-21,3,5,96.16
2023-09-22,3,5,105.07
2023-09-23,3,5,144.15
2023-09-24,3,5,157.07
2023-09-25,3,5,124.86
2023-09-26,3,5,129.27
2023-09-27,3,5,128.04
2023-09-28,3,5,118.48
2023-09-29,3,5,121.34
2023-09-30,3,5,124.26
2023-10-01,3,5,136.33
2023-10-02,3,5,134.14
2023-10-03,3,5,133.19
2023-10-04,3,5,131.26
2023-10-05,3,5,109.33
2023-10-06,3,5,134.74
2023-10-07,3,5,127.34
2023-10-08,3,5,179.23
2023-10-09,3,5,114.12
2023-10-10,3,5,148.86
2023-10-11,3,5,91.77
2023-10-12,3,5,150.45
2023-10-13,3,5,112.6
2023-10-14,3,5,146.05
2023-10-15,3,5,159.48
2023-10-16,3,5,106.8
2023-10-17,3,5,118.05
2023-10-18,3,5,106.2
2023-10-19,3,5,106.92
2023-10-20,3,5,128.29
2023-10-21,3,5,134.49
2023-10-22,3,5,137.68
2023-10-23,3,5,95.11
2023-10-24,3,5,110.79
2023-10-25,3,5,143.51
2023-10-26,3,5,104.76
2023-10-27,3,5,106.89
2023-10-28,3,5,160.72
2023-10-29,3,5,147.58
2023-10-30,3,5,160.48
2023-10-31,3,5,117.42
2023-11-01,3,5,137.68
2023-11-02,3,5,149.73
2023-11-03,3,5,149.44
2023-11-04,3,5,176.69
2023-11-05,3,5,166.69
2023-11-06,3,5,171.39
2023-11-07,3,5,129.59
2023-11-08,3,5,122.91
2023-11-09,3,5,118.95
2023-11-10,3,5,97.65
2023-11-11,3,5,192.56
2023-11-12,3,5,111.12
2023-11-13,3,5,131.91
2023-11-14,3,5,128.05
2023-11-15,3,5,176.6
2023-11-16,3,5,95.92
2023-11-17,3,5,114.45
2023-11-18,3,5,168.63
2023-11-19,3,5,167.14
2023-11-20,3,5,121.65
2023-11-21,3,5,131.04
2023-11-22,3,5,107.66
2023-11-23,3,5,139.93
2023-11-24,3,5,86.62
2023-11-25,3,5,172.19
2023-11-26,3,5,157.39
2023-11-27,3,5,153.42
2023-11-28,3,5,168.28
2023-11-29,3,5,126.67
2023-11-30,3,5,161.18
2023-12-01,3,5,141.24
2023-12-02,3,5,164.91
2023-12-03,3,5,243.51
2023-12-04,3,5,160.13
2023-12-05,3,5,148.72
2023-12-06,3,5,164.03
2023-12-07,3,5,154.91
2023-12-08,3,5,147.33
2023-12-09,3,5,155.12
2023-12-10,3,5,185.91
2023-12-11,3,5,163.08
2023-12-12,3,5,146.48
2023-12-13,3,5,169.52
2023-12-14,3,5,158.0
2023-12-15,3,5,129.8
2023-12-16,3,5,155.97
2023-12-17,3,5,189.98
2023-12-18,3,5,137.98
2023-12-19,3,5,157.4
2023-12-20,3,5,133.78
2023-12-21,3,5,136.17
2023-12-22,3,5,173.81
2023-12-23,3,5,199.58
2023-12-24,3,5,174.76
2023-12-25,3,5,150.76
2023-12-26,3,5,181.57
2023-12-27,3,5,157.17
2023-12-28,3,5,164.02
2023-12-29,3,5,133.71
2023-12-30,3,5,226.22
2023-12-31,3,5,264.36
2022-01-01,3,6,225.31
2022-01-02,3,6,217.24
2022-01-03,3,6,177.97
2022-01-04,3,6,163.31
2022-01-05,3,6,143.94
2022-01-06,3,6,174.9
2022-01-07,3,6,186.16
2022-01-08,3,6,219.18
2022-01-09,3,6,256.08
2022-01-10,3,6,164.08
2022-01-11,3,6,182.08
2022-01-12,3,6,130.03
2022-01-13,3,6,228.05
2022-01-14,3,6,164.99
2022-01-15,3,6,206.01
2022-01-16,3,6,213.63
2022-01-17,3,6,146.94
2022-01-18,3,6,141.43
2022-01-19,3,6,172.72
2022-01-20,3,6,174.77
2022-01-21,3,6,177.77
2022-01-22,3,6,222.68
2022-01-23,3,6,221.24
2022-01-24,3,6,141.37
2022-01-25,3,6,160.05
2022-01-26,3,6,177.02
2022-01-27,3,6,159.03
2022-01-28,3,6,180.77
2022-01-29,3,6,220.78
2022-01-30,3,6,220.74
2022-01-31,3,6,179.08
2022-02-01,3,6,198.92
2022-02-02,3,6,205.31
2022-02-03,3,6,241.05
2022-02-04,3,6,210.06
2022-02-05,3,6,188.25
2022-02-06,3,6,202.84
2022-02-07,3,6,178.82
2022-02-08,3,6,165.32
2022-02-09,3,6,197.81
2022-02-10,3,6,200.97
2022-02-11,3,6,173.64
2022-02-12,3,6,287.1
2022-02-13,3,6,297.05
2022-02-14,3,6,136.73
2022-02-15,3,6,147.66
2022-02-16,3,6,219.08
2022-02-17,3,6,212.87
2022-02-18,3,6,202.69
2022-02-19,3,6,245.66
2022-02-20,3,6,241.7
2022-02-21,3,6,204.23
2022-02-22,3,6,194.21
2022-02-23,3,6,226.53
2022-02-24,3,6,170.19
2022-02-25,3,6,190.25
2022-02-26,3,6,279.87
2022-02-27,3,6,253.22
2022-02-28,3,6,209.49
2022-03-01,3,6,214.05
2022-03-02,3,6,182.57
2022-03-03,3,6,165.3
2022-03-04,3,6,173.45
2022-03-05,3,6,212.88
2022-03-06,3,6,183.61
2022-03-07,3,6,228.0
2022-03-08,3,6,140.62
2022-03-09,3,6,251.09
2022-03-10,3,6,180.91
2022-03-11,3,6,188.44
2022-03-12,3,6,197.74
2022-03-13,3,6,270.9
2022-03-14,3,6,189.48
2022-03-15,3,6,199.19
2022-03-16,3,6,174.24
2022-03-17,3,6,212.01
2022-03-18,3,6,173.47
2022-03-19,3,6,260.6
2022-03-20,3,6,275.66
2022-03-21,3,6,241.7
2022-03-22,3,6,222.69
2022-03-23,3,6,201.54
2022-03-24,3,6,198.8
2022-03-25,3,6,208.59
2022-03-26,3,6,289.04
2022-03-27,3,6,230.5
2022-03-28,3,6,226.84
2022-03-29,3,6,171.86
2022-03-30,3,6,213.84
2022-03-31,3,6,216.6
2022-04-01,3,6,176.29
2022-04-02,3,6,196.06
2022-04-03,3,6,245.18
2022-04-04,3,6,119.03
2022-04-05,3,6,191.49
2022-04-06,3,6,160.06
2022-04-07,3,6,289.16
2022-04-08,3,6,228.62
2022-04-09,3,6,259.5
2022-04-10,3,6,308.3
2022-04-11,3,6,218.75
2022-04-12,3,6,163.45
2022-04-13,3,6,179.6
2022-04-14,3,6,229.01
2022-04-15,3,6,169.94
2022-04-16,3,6,273.67
2022-04-17,3,6,284.76
2022-04-18,3,6,191.31
2022-04-19,3,6,203.82
2022-04-20,3,6,224.34
2022-04-21,3,6,223.11
2022-04-22,3,6,213.24
2022-04-23,3,6,259.48
2022-04-24,3,6,283.15
2022-04-25,3,6,139.6
2022-04-26,3,6,244.92
2022-04-27,3,6,196.72
2022-04-28,3,6,178.74
2022-04-29,3,6,219.15
2022-04-30,3,6,284.05
2022-05-01,3,6,209.56
2022-05-02,3,6,190.94
2022-05-03,3,6,190.26
2022-05-04,3,6,188.57
2022-05-05,3,6,235.71
2022-05-06,3,6,189.13
2022-05-07,3,6,242.02
2022-05-08,3,6,221.84
2022-05-09,3,6,166.68
2022-05-10,3,6,201.57
2022-05-11,3,6,177.12
2022-05-12,3,6,185.34
2022-05-13,3,6,196.56
2022-05-14,3,6,250.74
2022-05-15,3,6,253.62
2022-05-16,3,6,195.16
2022-05-17,3,6,209.51
2022-05-18,3,6,267.68
2022-05-19,3,6,227.28
2022-05-20,3,6,181.63
2022-05-21,3,6,295.47
2022-05-22,3,6,210.59
2022-05-23,3,6,176.21
2022-05-24,3,6,213.18
2022-05-25,3,6,212.47
2022-05-26,3,6,210.5
2022-05-27,3,6,176.13
2022-05-28,3,6,229.43
2022-05-29,3,6,256.61
2022-05-30,3,6,186.42
2022-05-31,3,6,219.76
2022-06-01,3,6,169.1
2022-06-02,3,6,168.47
2022-06-03,3,6,133.65
2022-06-04,3,6,260.17
2022-06-05,3,6,241.3
2022-06-06,3,6,116.45
2022-06-07,3,6,189.2
2022-06-08,3,6,166.83
2022-06-09,3,6,198.35
2022-06-10,3,6,175.02
2022-06-11,3,6,203.45
2022-06-12,3,6,291.63
2022-06-13,3,6,220.32
2022-06-14,3,6,173.47
2022-06-15,3,6,188.57
2022-06-16,3,6,166.43
2022-06-17,3,6,133.1
2022-06-18,3,6,278.77
2022-06-19,3,6,205.09
2022-06-20,3,6,213.62
2022-06-21,3,6,198.28
2022-06-22,3,6,187.4
2022-06-23,3,6,178.71
2022-06-24,3,6,198.91
2022-06-25,3,6,201.48
2022-06-26,3,6,281.27
2022-06-27,3,6,184.31
2022-06-28,3,6,221.08
2022-06-29,3,6,177.42
2022-06-30,3,6,184.76
2022-07-01,3,6,169.39
2022-07-02,3,6,230.32
2022-07-03,3,6,269.81
2022-07-04,3,6,152.62
2022-07-05,3,6,160.35
2022-07-06,3,6,163.16
2022-07-07,3,6,106.89
2022-07-08,3,6,150.26
2022-07-09,3,6,197.59
2022-07-10,3,6,297.89
2022-07-11,3,6,170.69
2022-07-12,3,6,176.63
2022-07-13,3,6,128.33
2022-07-14,3,6,163.18
2022-07-15,3,6,188.02
2022-07-16,3,6,295.49
2022-07-17,3,6,192.65
2022-07-18,3,6,120.27
2022-07-19,3,6,146.18
2022-07-20,3,6,146.4
2022-07-21,3,6,146.76
2022-07-22,3,6,188.41
2022-07-23,3,6,226.86
2022-07-24,3,6,179.39
2022-07-25,3,6,201.57
2022-07-26,3,6,213.63
2022-07-27,3,6,123.94
2022-07-28,3,6,196.1
2022-07-29,3,6,162.55
2022-07-30,3,6,186.36
2022-07-31,3,6,169.79
2022-08-01,3,6,143.18
2022-08-02,3,6,141.71
2022-08-03,3,6,157.27
2022-08-04,3,6,203.57
2022-08-05,3,6,142.38
2022-08-06,3,6,158.22
2022-08-07,3,6,190.75
2022-08-08,3,6,178.65
2022-08-09,3,6,148.88
2022-08-10,3,6,169.88
2022-08-11,3,6,158.83
2022-08-12,3,6,156.43
2022-08-13,3,6,249.69
2022-08-14,3,6,172.53
2022-08-15,3,6,131.13
2022-08-16,3,6,134.32
2022-08-17,3,6,163.7
2022-08-18,3,6,157.02
2022-08-19,3,6,172.5
2022-08-20,3,6,200.52
2022-08-21,3,6,197.04
2022-08-22,3,6,163.99
2022-08-23,3,6,196.2
2022-08-24,3,6,129.24
2022-08-25,3,6,135.03
2022-08-26,3,6,157.75
2022-08-27,3,6,266.17
2022-08-28,3,6,171.33
2022-08-29,3,6,156.93
2022-08-30,3,6,136.59
2022-08-31,3,6,166.82
2022-09-01,3,6,105.24
2022-09-02,3,6,128.85
2022-09-03,3,6,236.55
2022-09-04,3,6,198.93
2022-09-05,3,6,135.83
2022-09-06,3,6,152.0
2022-09-07,3,6,151.72
2022-09-08,3,6,166.19
2022-09-09,3,6,105.65
2022-09-10,3,6,168.57
2022-09-11,3,6,171.15
2022-09-12,3,6,168.31
2022-09-13,3,6,153.76
2022-09-14,3,6,187.32
2022-09-15,3,6,173.33
2022-09-16,3,6,146.27
2022-09-17,3,6,199.23
2022-09-18,3,6,239.87
2022-09-19,3,6,187.89
2022-09-20,3,6,152.55
2022-09-21,3,6,132.0
2022-09-22,3,6,106.16
2022-09-23,3,6,106.24
2022-09-24,3,6,216.13
2022-09-25,3,6,215.69
2022-09-26,3,6,139.75
2022-09-27,3,6,186.01
2022-09-28,3,6,150.91
2022-09-29,3,6,142.11
2022-09-30,3,6,183.4
2022-10-01,3,6,242.43
2022-10-02,3,6,208.29
2022-10-03,3,6,174.14
2022-10-04,3,6,177.34
2022-10-05,3,6,214.66
2022-10-06,3,6,158.8
2022-10-07,3,6,133.42
2022-10-08,3,6,230.69
2022-10-09,3,6,213.04
2022-10-10,3,6,165.22
2022-10-11,3,6,161.85
2022-10-12,3,6,123.89
2022-10-13,3,6,169.25
2022-10-14,3,6,154.21
2022-10-15,3,6,202.23
2022-10-16,3,6,199.55
2022-10-17,3,6,162.41
2022-10-18,3,6,169.89
2022-10-19,3,6,162.91
2022-10-20,3,6,192.12
2022-10-21,3,6,182.47
2022-10-22,3,6,210.87
2022-10-23,3,6,180.24
2022-10-24,3,6,178.56
2022-10-25,3,6,156.62
2022-10-26,3,6,160.3
2022-10-27,3,6,132.07
2022-10-28,3,6,174.99
2022-10-29,3,6,297.75
2022-10-30,3,6,198.24
2022-10-31,3,6,180.57
2022-11-01,3,6,213.53
2022-11-02,3,6,165.92
2022-11-03,3,6,114.64
2022-11-04,3,6,199.13
2022-11-05,3,6,237.39
2022-11-06,3,6,245.74
2022-11-07,3,6,182.22
2022-11-08,3,6,212.34
2022-11-09,3,6,178.36
2022-11-10,3,6,240.14
2022-11-11,3,6,200.27
2022-11-12,3,6,271.64
2022-11-13,3,6,236.27
2022-11-14,3,6,190.17
2022-11-15,3,6,135.75
2022-11-16,3,6,166.23
2022-11-17,3,6,211.55
2022-11-18,3,6,180.43
2022-11-19,3,6,197.1
2022-11-20,3,6,212.94
2022-11-21,3,6,163.7
2022-11-22,3,6,181.74
2022-11-23,3,6,160.05
2022-11-24,3,6,222.16
2022-11-25,3,6,188.94
2022-11-26,3,6,188.47
2022-11-27,3,6,293.51
2022-11-28,3,6,182.37
2022-11-29,3,6,197.72
2022-11-30,3,6,192.37
2022-12-01,3,6,217.3
2022-12-02,3,6,194.11
2022-12-03,3,6,279.45
2022-12-04,3,6,260.48
2022-12-05,3,6,216.25
2022-12-06,3,6,199.55
2022-12-07,3,6,196.48
2022-12-08,3,6,160.49
2022-12-09,3,6,205.56
2022-12-10,3,6,276.66
2022-12-11,3,6,342.12
2022-12-12,3,6,221.01
2022-12-13,3,6,183.91
2022-12-14,3,6,175.06
2022-12-15,3,6,214.93
2022-12-16,3,6,183.69
2022-12-17,3,6,246.09
2022-12-18,3,6,239.02
2022-12-19,3,6,197.04
2022-12-20,3,6,230.31
2022-12-21,3,6,145.61
2022-12-22,3,6,248.05
2022-12-23,3,6,201.5
2022-12-24,3,6,244.71
2022-12-25,3,6,306.67
2022-12-26,3,6,201.88
2022-12-27,3,6,175.75
2022-12-28,3,6,161.01
2022-12-29,3,6,230.57
2022-12-30,3,6,232.75
2022-12-31,3,6,254.98
2023-01-01,3,6,358.53
2023-01-02,3,6,231.58
2023-01-03,3,6,276.43
2023-01-04,3,6,197.55
2023-01-05,3,6,193.46
2023-01-06,3,6,213.22
2023-01-07,3,6,282.53
2023-01-08,3,6,352.69
2023-01-09,3,6,241.71
2023-01-10,3,6,205.31
2023-01-11,3,6,232.25
2023-01-12,3,6,217.13
2023-01-13,3,6,204.2
2023-01-14,3,6,298.46
2023-01-15,3,6,293.64
2023-01-16,3,6,205.98
2023-01-17,3,6,205.75
2023-01-18,3,6,261.52
2023-01-19,3,6,248.02
2023-01-20,3,6,266.41
2023-01-21,3,6,290.69
2023-01-22,3,6,254.26
2023-01-23,3,6,213.75
2023-01-24,3,6,270.12
2023-01-25,3,6,177.99
2023-01-26,3,6,285.18
2023-01-27,3,6,195.5
2023-01-28,3,6,340.83
2023-01-29,3,6,258.62
2023-01-30,3,6,214.08
2023-01-31,3,6,162.64
2023-02-01,3,6,320.88
2023-02-02,3,6,272.91
2023-02-03,3,6,275.33
2023-02-04,3,6,302.91
2023-02-05,3,6,281.62
2023-02-06,3,6,281.32
2023-02-07,3,6,206.64
2023-02-08,3,6,246.0
2023-02-09,3,6,205.13
2023-02-10,3,6,257.38
2023-02-11,3,6,234.21
2023-02-12,3,6,255.9
2023-02-13,3,6,220.57
2023-02-14,3,6,276.77
2023-02-15,3,6,233.38
2023-02-16,3,6,291.21
2023-02-17,3,6,311.11
2023-02-18,3,6,315.07
2023-02-19,3,6,257.28
2023-02-20,3,6,291.35
2023-02-21,3,6,195.78
2023-02-22,3,6,220.32
2023-02-23,3,6,189.95
2023-02-24,3,6,292.08
2023-02-25,3,6,360.49
2023-02-26,3,6,412.88
2023-02-27,3,6,238.82
2023-02-28,3,6,224.29
2023-03-01,3,6,241.33
2023-03-02,3,6,209.73
2023-03-03,3,6,318.54
2023-03-04,3,6,514.1
2023-03-05,3,6,304.42
2023-03-06,3,6,286.24
2023-03-07,3,6,256.92
2023-03-08,3,6,280.68
2023-03-09,3,6,305.3
2023-03-10,3,6,218.41
2023-03-11,3,6,318.31
2023-03-12,3,6,405.1
2023-03-13,3,6,284.32
2023-03-14,3,6,277.32
2023-03-15,3,6,284.75
2023-03-16,3,6,288.85
2023-03-17,3,6,310.9
2023-03-18,3,6,383.57
2023-03-19,3,6,342.22
2023-03-20,3,6,279.5
2023-03-21,3,6,262.95
2023-03-22,3,6,236.07
2023-03-23,3,6,263.94
2023-03-24,3,6,261.64
2023-03-25,3,6,258.08
2023-03-26,3,6,386.8
2023-03-27,3,6,304.52
2023-03-28,3,6,288.69
2023-03-29,3,6,302.55
2023-03-30,3,6,260.23
2023-03-31,3,6,246.85
2023-04-01,3,6,388.6
2023-04-02,3,6,286.35
2023-04-03,3,6,219.06
2023-04-04,3,6,279.85
2023-04-05,3,6,278.96
2023-04-06,3,6,299.21
2023-04-07,3,6,195.34
2023-04-08,3,6,336.81
2023-04-09,3,6,284.06
2023-04-10,3,6,297.08
2023-04-11,3,6,316.19
2023-04-12,3,6,283.61
2023-04-13,3,6,241.76
2023-04-14,3,6,234.37
2023-04-15,3,6,322.24
2023-04-16,3,6,300.33
2023-04-17,3,6,258.24
2023-04-18,3,6,234.92
2023-04-19,3,6,210.01
2023-04-20,3,6,280.23
2023-04-21,3,6,283.49
2023-04-22,3,6,433.06
2023-04-23,3,6,322.89
2023-04-24,3,6,190.45
2023-04-25,3,6,298.53
2023-04-26,3,6,303.22
2023-04-27,3,6,311.98
2023-04-28,3,6,325.36
2023-04-29,3,6,423.99
2023-04-30,3,6,296.13
2023-05-01,3,6,308.56
2023-05-02,3,6,238.25
2023-05-03,3,6,280.78
2023-05-04,3,6,260.68
2023-05-05,3,6,214.45
2023-05-06,3,6,383.48
2023-05-07,3,6,304.49
2023-05-08,3,6,321.74
2023-05-09,3,6,222.94
2023-05-10,3,6,213.97
2023-05-11,3,6,227.03
2023-05-12,3,6,308.84
2023-05-13,3,6,251.02
2023-05-14,3,6,373.36
2023-05-15,3,6,322.25
2023-05-16,3,6,246.51
2023-05-17,3,6,238.18
2023-05-18,3,6,256.31
2023-05-19,3,6,210.77
2023-05-20,3,6,460.67
2023-05-21,3,6,363.06
2023-05-22,3,6,207.46
2023-05-23,3,6,223.35
2023-05-24,3,6,261.12
2023-05-25,3,6,205.05
2023-05-26,3,6,197.17
2023-05-27,3,6,345.83
2023-05-28,3,6,381.47
2023-05-29,3,6,290.16
2023-05-30,3,6,253.01
2023-05-31,3,6,244.95
2023-06-01,3,6,234.2
2023-06-02,3,6,267.16
2023-06-03,3,6,245.49
2023-06-04,3,6,267.41
2023-06-05,3,6,219.81
2023-06-06,3,6,224.69
2023-06-07,3,6,231.41
2023-06-08,3,6,232.6
2023-06-09,3,6,257.24
2023-06-10,3,6,223.55
2023-06-11,3,6,231.06
2023-06-12,3,6,210.73
2023-06-13,3,6,264.58
2023-06-14,3,6,211.47
2023-06-15,3,6,233.1
2023-06-16,3,6,239.21
2023-06-17,3,6,319.78
2023-06-18,3,6,377.2
2023-06-19,3,6,259.66
2023-06-20,3,6,270.52
2023-06-21,3,6,230.98
2023-06-22,3,6,287.69
2023-06-23,3,6,238.3
2023-06-24,3,6,216.75
2023-06-25,3,6,420.07
2023-06-26,3,6,237.87
2023-06-27,3,6,255.17
2023-06-28,3,6,198.62
2023-06-29,3,6,314.69
2023-06-30,3,6,208.66
2023-07-01,3,6,261.26
2023-07-02,3,6,213.82
2023-07-03,3,6,225.25
2023-07-04,3,6,204.69
2023-07-05,3,6,164.33
2023-07-06,3,6,211.82
2023-07-07,3,6,217.17
2023-07-08,3,6,268.2
2023-07-09,3,6,202.59
2023-07-10,3,6,223.9
2023-07-11,3,6,173.86
2023-07-12,3,6,243.47
2023-07-13,3,6,197.04
2023-07-14,3,6,245.02
2023-07-15,3,6,280.39
2023-07-16,3,6,282.72
2023-07-17,3,6,256.76
2023-07-18,3,6,189.27
2023-07-19,3,6,180.31
2023-07-20,3,6,233.92
2023-07-21,3,6,173.47
2023-07-22,3,6,247.38
2023-07-23,3,6,214.61
2023-07-24,3,6,253.87
2023-07-25,3,6,184.03
2023-07-26,3,6,195.47
2023-07-27,3,6,174.91
2023-07-28,3,6,204.47
2023-07-29,3,6,276.25
2023-07-30,3,6,317.49
2023-07-31,3,6,174.32
2023-08-01,3,6,181.86
2023-08-02,3,6,242.69
2023-08-03,3,6,231.38
2023-08-04,3,6,179.9
2023-08-05,3,6,258.57
2023-08-06,3,6,337.61
2023-08-07,3,6,164.7
2023-08-08,3,6,142.91
2023-08-09,3,6,184.74
2023-08-10,3,6,198.5
2023-08-11,3,6,176.94
2023-08-12,3,6,299.99
2023-08-13,3,6,270.09
2023-08-14,3,6,183.25
2023-08-15,3,6,185.35
2023-08-16,3,6,179.19
2023-08-17,3,6,227.03
2023-08-18,3,6,187.71
2023-08-19,3,6,215.78
2023-08-20,3,6,300.91
2023-08-21,3,6,194.02
2023-08-22,3,6,161.22
2023-08-23,3,6,254.73
2023-08-24,3,6,221.36
2023-08-25,3,6,204.33
2023-08-26,3,6,255.57
2023-08-27,3,6,253.02
2023-08-28,3,6,194.13
2023-08-29,3,6,195.08
2023-08-30,3,6,185.55
2023-08-31,3,6,200.52
2023-09-01,3,6,179.17
2023-09-02,3,6,265.12
2023-09-03,3,6,255.78
2023-09-04,3,6,176.81
2023-09-05,3,6,195.12
2023-09-06,3,6,213.92
2023-09-07,3,6,130.94
2023-09-08,3,6,215.24
2023-09-09,3,6,210.24
2023-09-10,3,6,240.05
2023-09-11,3,6,114.2
2023-09-12,3,6,215.4
2023-09-13,3,6,176.61
2023-09-14,3,6,183.89
2023-09-15,3,6,201.62
2023-09-16,3,6,182.26
2023-09-17,3,6,261.32
2023-09-18,3,6,218.66
2023-09-19,3,6,204.62
2023-09-20,3,6,187.74
2023-09-21,3,6,200.89
2023-09-22,3,6,197.51
2023-09-23,3,6,289.44
2023-09-24,3,6,308.98
2023-09-25,3,6,187.81
2023-09-26,3,6,207.22
2023-09-27,3,6,180.32
2023-09-28,3,6,213.04
2023-09-29,3,6,214.48
2023-09-30,3,6,254.45
2023-10-01,3,6,290.9
2023-10-02,3,6,207.83
2023-10-03,3,6,206.36
2023-10-04,3,6,180.52
2023-10-05,3,6,213.48
2023-10-06,3,6,190.19
2023-10-07,3,6,306.22
2023-10-08,3,6,236.76
2023-10-09,3,6,217.03
2023-10-10,3,6,200.59
2023-10-11,3,6,217.22
2023-10-12,3,6,207.17
2023-10-13,3,6,183.47
2023-10-14,3,6,316.66
2023-10-15,3,6,235.97
2023-10-16,3,6,229.7
2023-10-17,3,6,156.23
2023-10-18,3,6,200.67
2023-10-19,3,6,258.03
2023-10-20,3,6,201.34
2023-10-21,3,6,277.14
2023-10-22,3,6,339.06
2023-10-23,3,6,205.89
2023-10-24,3,6,218.7
2023-10-25,3,6,229.75
2023-10-26,3,6,167.16
2023-10-27,3,6,195.54
2023-10-28,3,6,279.68
2023-10-29,3,6,208.79
2023-10-30,3,6,254.7
2023-10-31,3,6,235.4
2023-11-01,3,6,251.25
2023-11-02,3,6,276.02
2023-11-03,3,6,255.55
2023-11-04,3,6,289.54
2023-11-05,3,6,226.6
2023-11-06,3,6,207.36
2023-11-07,3,6,208.49
2023-11-08,3,6,252.69
2023-11-09,3,6,234.18
2023-11-10,3,6,177.15
2023-11-11,3,6,340.22
2023-11-12,3,6,361.4
2023-11-13,3,6,283.25
2023-11-14,3,6,192.73
2023-11-15,3,6,243.4
2023-11-16,3,6,197.26
2023-11-17,3,6,300.1
2023-11-18,3,6,303.78
2023-11-19,3,6,285.77
2023-11-20,3,6,213.53
2023-11-21,3,6,244.7
2023-11-22,3,6,251.2
2023-11-23,3,6,175.63
2023-11-24,3,6,282.35
2023-11-25,3,6,325.1
2023-11-26,3,6,367.13
2023-11-27,3,6,293.86
2023-11-28,3,6,230.5
2023-11-29,3,6,264.22
2023-11-30,3,6,214.03
2023-12-01,3,6,242.18
2023-12-02,3,6,418.69
2023-12-03,3,6,301.4
2023-12-04,3,6,268.6
2023-12-05,3,6,225.52
2023-12-06,3,6,235.53
2023-12-07,3,6,241.57
2023-12-08,3,6,318.29
2023-12-09,3,6,366.4
2023-12-10,3,6,383.36
2023-12-11,3,6,190.98
2023-12-12,3,6,263.5
2023-12-13,3,6,247.24
2023-12-14,3,6,281.82
2023-12-15,3,6,357.39
2023-12-16,3,6,219.09
2023-12-17,3,6,362.25
2023-12-18,3,6,350.05
2023-12-19,3,6,243.08
2023-12-20,3,6,269.28
2023-12-21,3,6,290.26
2023-12-22,3,6,178.4
2023-12-23,3,6,356.66
2023-12-24,3,6,302.29
2023-12-25,3,6,345.26
2023-12-26,3,6,256.06
2023-12-27,3,6,236.26
2023-12-28,3,6,298.19
2023-12-29,3,6,284.12
2023-12-30,3,6,390.64
2023-12-31,3,6,443.3
2022-01-01,3,7,434.06
2022-01-02,3,7,487.18
2022-01-03,3,7,379.27
2022-01-04,3,7,413.63
2022-01-05,3,7,406.75
2022-01-06,3,7,503.09
2022-01-07,3,7,358.47
2022-01-08,3,7,530.1
2022-01-09,3,7,678.87
2022-01-10,3,7,352.38
2022-01-11,3,7,395.09
2022-01-12,3,7,332.19
2022-01-13,3,7,392.2
2022-01-14,3,7,342.43
2022-01-15,3,7,583.9
2022-01-16,3,7,516.32
2022-01-17,3,7,334.39
2022-01-18,3,7,438.44
2022-01-19,3,7,400.23
2022-01-20,3,7,445.87
2022-01-21,3,7,323.27
2022-01-22,3,7,536.25
2022-01-23,3,7,567.64
2022-01-24,3,7,366.77
2022-01-25,3,7,317.99
2022-01-26,3,7,389.96
2022-01-27,3,7,465.15
2022-01-28,3,7,459.58
2022-01-29,3,7,478.75
2022-01-30,3,7,413.56
2022-01-31,3,7,368.82
2022-02-01,3,7,391.39
2022-02-02,3,7,449.6
2022-02-03,3,7,415.15
2022-02-04,3,7,374.5
2022-02-05,3,7,640.39
2022-02-06,3,7,561.5
2022-02-07,3,7,451.08
2022-02-08,3,7,314.17
2022-02-09,3,7,269.97
2022-02-10,3,7,333.08
2022-02-11,3,7,394.42
2022-02-12,3,7,600.92
2022-02-13,3,7,359.12
2022-02-14,3,7,528.13
2022-02-15,3,7,437.61
2022-02-16,3,7,514.25
2022-02-17,3,7,370.69
2022-02-18,3,7,460.26
2022-02-19,3,7,563.94
2022-02-20,3,7,625.71
2022-02-21,3,7,414.09
2022-02-22,3,7,460.04
2022-02-23,3,7,501.04
2022-02-24,3,7,388.33
2022-02-25,3,7,446.43
2022-02-26,3,7,401.8
2022-02-27,3,7,620.19
2022-02-28,3,7,558.66
2022-03-01,3,7,359.72
2022-03-02,3,7,436.63
2022-03-03,3,7,501.64
2022-03-04,3,7,445.63
2022-03-05,3,7,591.43
2022-03-06,3,7,543.8
2022-03-07,3,7,416.22
2022-03-08,3,7,439.42
2022-03-09,3,7,448.41
2022-03-10,3,7,367.0
2022-03-11,3,7,442.04
2022-03-12,3,7,717.62
2022-03-13,3,7,544.93
2022-03-14,3,7,364.62
2022-03-15,3,7,437.95
2022-03-16,3,7,400.47
2022-03-17,3,7,358.84
2022-03-18,3,7,458.76
2022-03-19,3,7,522.44
2022-03-20,3,7,530.44
2022-03-21,3,7,461.01
2022-03-22,3,7,347.32
2022-03-23,3,7,333.53
2022-03-24,3,7,497.36
2022-03-25,3,7,321.31
2022-03-26,3,7,502.32
2022-03-27,3,7,430.05
2022-03-28,3,7,420.49
2022-03-29,3,7,483.13
2022-03-30,3,7,462.05
2022-03-31,3,7,617.99
2022-04-01,3,7,517.63
2022-04-02,3,7,498.23
2022-04-03,3,7,475.57
2022-04-04,3,7,627.49
2022-04-05,3,7,517.9
2022-04-06,3,7,486.63
2022-04-07,3,7,452.54
2022-04-08,3,7,466.3
2022-04-09,3,7,453.26
2022-04-10,3,7,597.1
2022-04-11,3,7,453.95
2022-04-12,3,7,388.59
2022-04-13,3,7,413.62
2022-04-14,3,7,552.73
2022-04-15,3,7,442.32
2022-04-16,3,7,768.77
2022-04-17,3,7,433.79
2022-04-18,3,7,416.61
2022-04-19,3,7,347.41
2022-04-20,3,7,370.68
2022-04-21,3,7,396.93
2022-04-22,3,7,475.1
2022-04-23,3,7,613.89
2022-04-24,3,7,530.6
2022-04-25,3,7,302.86
2022-04-26,3,7,556.19
2022-04-27,3,7,436.15
2022-04-28,3,7,379.72
2022-04-29,3,7,475.32
2022-04-30,3,7,612.19
2022-05-01,3,7,530.43
2022-05-02,3,7,438.72
2022-05-03,3,7,355.12
2022-05-04,3,7,478.93
2022-05-05,3,7,365.97
2022-05-06,3,7,391.57
2022-05-07,3,7,614.94
2022-05-08,3,7,662.19
2022-05-09,3,7,534.56
2022-05-10,3,7,500.68
2022-05-11,3,7,411.58
2022-05-12,3,7,332.9
2022-05-13,3,7,524.71
2022-05-14,3,7,679.82
2022-05-15,3,7,507.49
2022-05-16,3,7,494.56
2022-05-17,3,7,413.24
2022-05-18,3,7,533.31
2022-05-19,3,7,402.02
2022-05-20,3,7,565.47
2022-05-21,3,7,634.27
2022-05-22,3,7,720.98
2022-05-23,3,7,406.79
2022-05-24,3,7,464.17
2022-05-25,3,7,374.29
2022-05-26,3,7,493.85
2022-05-27,3,7,497.9
2022-05-28,3,7,776.1
2022-05-29,3,7,612.66
2022-05-30,3,7,487.66
2022-05-31,3,7,409.17
2022-06-01,3,7,433.12
2022-06-02,3,7,378.09
2022-06-03,3,7,408.26
2022-06-04,3,7,535.79
2022-06-05,3,7,494.96
2022-06-06,3,7,406.13
2022-06-07,3,7,380.01
2022-06-08,3,7,380.07
2022-06-09,3,7,468.52
2022-06-10,3,7,414.34
2022-06-11,3,7,552.64
2022-06-12,3,7,410.82
2022-06-13,3,7,430.48
2022-06-14,3,7,437.35
2022-06-15,3,7,381.23
2022-06-16,3,7,532.73
2022-06-17,3,7,266.69
2022-06-18,3,7,590.63
2022-06-19,3,7,585.46
2022-06-20,3,7,440.28
2022-06-21,3,7,418.32
2022-06-22,3,7,441.59
2022-06-23,3,7,461.41
2022-06-24,3,7,364.1
2022-06-25,3,7,555.48
2022-06-26,3,7,517.45
2022-06-27,3,7,342.43
2022-06-28,3,7,454.09
2022-06-29,3,7,375.6
2022-06-30,3,7,318.41
2022-07-01,3,7,340.01
2022-07-02,3,7,423.63
2022-07-03,3,7,556.04
2022-07-04,3,7,379.39
2022-07-05,3,7,448.15
2022-07-06,3,7,334.35
2022-07-07,3,7,420.56
2022-07-08,3,7,530.62
2022-07-09,3,7,510.02
2022-07-10,3,7,547.2
2022-07-11,3,7,411.87
2022-07-12,3,7,293.73
2022-07-13,3,7,406.52
2022-07-14,3,7,391.19
2022-07-15,3,7,359.73
2022-07-16,3,7,422.43
2022-07-17,3,7,538.16
2022-07-18,3,7,320.52
2022-07-19,3,7,495.76
2022-07-20,3,7,382.32
2022-07-21,3,7,307.16
2022-07-22,3,7,347.48
2022-07-23,3,7,469.43
2022-07-24,3,7,667.68
2022-07-25,3,7,327.36
2022-07-26,3,7,371.17
2022-07-27,3,7,347.57
2022-07-28,3,7,406.72
2022-07-29,3,7,349.05
2022-07-30,3,7,408.53
2022-07-31,3,7,478.68
2022-08-01,3,7,333.1
2022-08-02,3,7,318.04
2022-08-03,3,7,321.1
2022-08-04,3,7,411.75
2022-08-05,3,7,333.13
2022-08-06,3,7,377.81
2022-08-07,3,7,424.05
2022-08-08,3,7,353.63
2022-08-09,3,7,280.69
2022-08-10,3,7,437.04
2022-08-11,3,7,397.4
2022-08-12,3,7,427.42
2022-08-13,3,7,484.81
2022-08-14,3,7,314.33
2022-08-15,3,7,434.03
2022-08-16,3,7,307.34
2022-08-17,3,7,311.9
2022-08-18,3,7,361.94
2022-08-19,3,7,427.11
2022-08-20,3,7,533.25
2022-08-21,3,7,523.52
2022-08-22,3,7,338.21
2022-08-23,3,7,337.64
2022-08-24,3,7,373.82
2022-08-25,3,7,348.72
2022-08-26,3,7,403.43
2022-08-27,3,7,520.78
2022-08-28,3,7,504.6
2022-08-29,3,7,221.62
2022-08-30,3,7,363.96
2022-08-31,3,7,351.55
2022-09-01,3,7,354.81
2022-09-02,3,7,307.17
2022-09-03,3,7,361.09
2022-09-04,3,7,482.33
2022-09-05,3,7,328.64
2022-09-06,3,7,377.43
2022-09-07,3,7,312.76
2022-09-08,3,7,421.95
2022-09-09,3,7,400.62
2022-09-10,3,7,473.35
2022-09-11,3,7,439.02
2022-09-12,3,7,393.79
2022-09-13,3,7,370.0
2022-09-14,3,7,362.22
2022-09-15,3,7,404.73
2022-09-16,3,7,425.21
2022-09-17,3,7,370.09
2022-09-18,3,7,384.21
2022-09-19,3,7,310.01
2022-09-20,3,7,272.19
2022-09-21,3,7,348.35
2022-09-22,3,7,383.61
2022-09-23,3,7,351.08
2022-09-24,3,7,421.52
2022-09-25,3,7,536.09
2022-09-26,3,7,360.49
2022-09-27,3,7,371.5
2022-09-28,3,7,414.83
2022-09-29,3,7,347.34
2022-09-30,3,7,463.61
2022-10-01,3,7,444.22
2022-10-02,3,7,619.4
2022-10-03,3,7,313.24
2022-10-04,3,7,395.68
2022-10-05,3,7,332.05
2022-10-06,3,7,429.51
2022-10-07,3,7,341.64
2022-10-08,3,7,499.71
2022-10-09,3,7,432.44
2022-10-10,3,7,420.76
2022-10-11,3,7,332.87
2022-10-12,3,7,462.77
2022-10-13,3,7,314.52
2022-10-14,3,7,295.36
2022-10-15,3,7,550.16
2022-10-16,3,7,439.06
2022-10-17,3,7,370.51
2022-10-18,3,7,353.26
2022-10-19,3,7,298.35
2022-10-20,3,7,367.48
2022-10-21,3,7,442.66
2022-10-22,3,7,556.9
2022-10-23,3,7,501.28
2022-10-24,3,7,435.15
2022-10-25,3,7,313.9
2022-10-26,3,7,355.27
2022-10-27,3,7,395.98
2022-10-28,3,7,366.76
2022-10-29,3,7,468.66
2022-10-30,3,7,399.34
2022-10-31,3,7,257.89
2022-11-01,3,7,458.56
2022-11-02,3,7,423.68
2022-11-03,3,7,464.43
2022-11-04,3,7,382.54
2022-11-05,3,7,475.67
2022-11-06,3,7,533.55
2022-11-07,3,7,462.91
2022-11-08,3,7,396.39
2022-11-09,3,7,460.39
2022-11-10,3,7,349.19
2022-11-11,3,7,401.62
2022-11-12,3,7,529.84
2022-11-13,3,7,634.46
2022-11-14,3,7,425.37
2022-11-15,3,7,520.97
2022-11-16,3,7,329.63
2022-11-17,3,7,421.52
2022-11-18,3,7,424.91
2022-11-19,3,7,588.39
2022-11-20,3,7,473.0
2022-11-21,3,7,519.5
2022-11-22,3,7,415.84
2022-11-23,3,7,347.62
2022-11-24,3,7,414.66
2022-11-25,3,7,396.43
2022-11-26,3,7,767.1
2022-11-27,3,7,626.87
2022-11-28,3,7,420.02
2022-11-29,3,7,410.22
2022-11-30,3,7,477.1
2022-12-01,3,7,533.84
2022-12-02,3,7,261.71
2022-12-03,3,7,662.77
2022-12-04,3,7,607.46
2022-12-05,3,7,374.09
2022-12-06,3,7,527.55
2022-12-07,3,7,623.5
2022-12-08,3,7,505.7
2022-12-09,3,7,544.16
2022-12-10,3,7,772.07
2022-12-11,3,7,532.36
2022-12-12,3,7,337.68
2022-12-13,3,7,514.61
2022-12-14,3,7,451.39
2022-12-15,3,7,372.45
2022-12-16,3,7,463.99
2022-12-17,3,7,677.46
2022-12-18,3,7,597.6
2022-12-19,3,7,415.01
2022-12-20,3,7,455.1
2022-12-21,3,7,469.86
2022-12-22,3,7,335.1
2022-12-23,3,7,461.83
2022-12-24,3,7,490.16
2022-12-25,3,7,675.16
2022-12-26,3,7,362.23
2022-12-27,3,7,545.23
2022-12-28,3,7,444.6
2022-12-29,3,7,435.42
2022-12-30,3,7,495.32
2022-12-31,3,7,536.97
2023-01-01,3,7,707.75
2023-01-02,3,7,465.53
2023-01-03,3,7,479.64
2023-01-04,3,7,555.57
2023-01-05,3,7,434.6
2023-01-06,3,7,425.02
2023-01-07,3,7,707.74
2023-01-08,3,7,680.08
2023-01-09,3,7,538.94
2023-01-10,3,7,551.87
2023-01-11,3,7,530.93
2023-01-12,3,7,574.84
2023-01-13,3,7,534.87
2023-01-14,3,7,479.32
2023-01-15,3,7,506.38
2023-01-16,3,7,681.1
2023-01-17,3,7,528.71
2023-01-18,3,7,604.5
2023-01-19,3,7,502.01
2023-01-20,3,7,525.24
2023-01-21,3,7,642.43
2023-01-22,3,7,944.95
2023-01-23,3,7,551.17
2023-01-24,3,7,488.75
2023-01-25,3,7,400.03
2023-01-26,3,7,689.69
2023-01-27,3,7,519.49
2023-01-28,3,7,770.12
2023-01-29,3,7,782.3
2023-01-30,3,7,496.63
2023-01-31,3,7,587.93
2023-02-01,3,7,518.36
2023-02-02,3,7,485.68
2023-02-03,3,7,670.53
2023-02-04,3,7,724.99
2023-02-05,3,7,800.94
2023-02-06,3,7,607.31
2023-02-07,3,7,627.24
2023-02-08,3,7,439.12
2023-02-09,3,7,522.95
2023-02-10,3,7,545.76
2023-02-11,3,7,653.24
2023-02-12,3,7,794.91
2023-02-13,3,7,677.26
2023-02-14,3,7,691.41
2023-02-15,3,7,546.43
2023-02-16,3,7,601.37
2023-02-17,3,7,615.08
2023-02-18,3,7,819.93
2023-02-19,3,7,651.7
2023-02-20,3,7,735.55
2023-02-21,3,7,658.53
2023-02-22,3,7,661.26
2023-02-23,3,7,683.51
2023-02-24,3,7,625.82
2023-02-25,3,7,637.6
2023-02-26,3,7,738.56
2023-02-27,3,7,436.83
2023-02-28,3,7,617.21
2023-03-01,3,7,579.63
2023-03-02,3,7,591.52
2023-03-03,3,7,703.12
2023-03-04,3,7,721.66
2023-03-05,3,7,745.99
2023-03-06,3,7,598.78
2023-03-07,3,7,432.39
2023-03-08,3,7,573.79
2023-03-09,3,7,375.06
2023-03-10,3,7,545.92
2023-03-11,3,7,878.44
2023-03-12,3,7,831.38
2023-03-13,3,7,546.22
2023-03-14,3,7,603.83
2023-03-15,3,7,503.73
2023-03-16,3,7,600.78
2023-03-17,3,7,865.75
2023-03-18,3,7,998.98
2023-03-19,3,7,789.09
2023-03-20,3,7,617.14
2023-03-21,3,7,514.46
2023-03-22,3,7,530.91
2023-03-23,3,7,636.72
2023-03-24,3,7,556.75
2023-03-25,3,7,892.79
2023-03-26,3,7,971.95
2023-03-27,3,7,635.8
2023-03-28,3,7,615.25
2023-03-29,3,7,453.53
2023-03-30,3,7,674.89
2023-03-31,3,7,503.08
2023-04-01,3,7,723.91
2023-04-02,3,7,884.11
2023-04-03,3,7,686.81
2023-04-04,3,7,553.67
2023-04-05,3,7,559.19
2023-04-06,3,7,533.61
2023-04-07,3,7,489.36
2023-04-08,3,7,702.15
2023-04-09,3,7,588.67
2023-04-10,3,7,659.02
2023-04-11,3,7,633.58
2023-04-12,3,7,648.92
2023-04-13,3,7,513.25
2023-04-14,3,7,491.96
2023-04-15,3,7,786.02
2023-04-16,3,7,787.8
2023-04-17,3,7,587.37
2023-04-18,3,7,574.94
2023-04-19,3,7,755.79
2023-04-20,3,7,640.32
2023-04-21,3,7,780.3
2023-04-22,3,7,932.61
2023-04-23,3,7,984.32
2023-04-24,3,7,506.23
2023-04-25,3,7,657.63
2023-04-26,3,7,565.17
2023-04-27,3,7,453.84
2023-04-28,3,7,740.92
2023-04-29,3,7,752.52
2023-04-30,3,7,663.06
2023-05-01,3,7,533.16
2023-05-02,3,7,500.95
2023-05-03,3,7,510.05
2023-05-04,3,7,550.73
2023-05-05,3,7,718.04
2023-05-06,3,7,667.44
2023-05-07,3,7,926.75
2023-05-08,3,7,643.92
2023-05-09,3,7,605.55
2023-05-10,3,7,636.15
2023-05-11,3,7,573.52
2023-05-12,3,7,683.21
2023-05-13,3,7,808.41
2023-05-14,3,7,559.38
2023-05-15,3,7,599.38
2023-05-16,3,7,641.79
2023-05-17,3,7,549.73
2023-05-18,3,7,585.91
2023-05-19,3,7,522.51
2023-05-20,3,7,593.85
2023-05-21,3,7,574.83
2023-05-22,3,7,443.62
2023-05-23,3,7,634.84
2023-05-24,3,7,361.67
2023-05-25,3,7,519.95
2023-05-26,3,7,511.69
2023-05-27,3,7,720.18
2023-05-28,3,7,542.96
2023-05-29,3,7,614.33
2023-05-30,3,7,468.93
2023-05-31,3,7,678.52
2023-06-01,3,7,478.41
2023-06-02,3,7,520.4
2023-06-03,3,7,687.2
2023-06-04,3,7,712.44
2023-06-05,3,7,531.95
2023-06-06,3,7,495.45
2023-06-07,3,7,556.97
2023-06-08,3,7,567.12
2023-06-09,3,7,469.53
2023-06-10,3,7,734.11
2023-06-11,3,7,813.85
2023-06-12,3,7,587.72
2023-06-13,3,7,606.17
2023-06-14,3,7,545.87
2023-06-15,3,7,457.72
2023-06-16,3,7,468.13
2023-06-17,3,7,726.41
2023-06-18,3,7,791.68
2023-06-19,3,7,756.99
2023-06-20,3,7,612.91
2023-06-21,3,7,440.73
2023-06-22,3,7,473.36
2023-06-23,3,7,718.22
2023-06-24,3,7,673.92
2023-06-25,3,7,701.73
2023-06-26,3,7,459.06
2023-06-27,3,7,662.66
2023-06-28,3,7,577.32
2023-06-29,3,7,474.93
2023-06-30,3,7,457.56
2023-07-01,3,7,658.54
2023-07-02,3,7,634.12
2023-07-03,3,7,545.4
2023-07-04,3,7,525.0
2023-07-05,3,7,466.25
2023-07-06,3,7,446.19
2023-07-07,3,7,474.47
2023-07-08,3,7,580.15
2023-07-09,3,7,620.43
2023-07-10,3,7,488.28
2023-07-11,3,7,421.74
2023-07-12,3,7,533.84
2023-07-13,3,7,460.9
2023-07-14,3,7,426.66
2023-07-15,3,7,601.73
2023-07-16,3,7,658.74
2023-07-17,3,7,495.36
2023-07-18,3,7,520.58
2023-07-19,3,7,555.91
2023-07-20,3,7,586.16
2023-07-21,3,7,511.53
2023-07-22,3,7,535.73
2023-07-23,3,7,612.72
2023-07-24,3,7,417.42
2023-07-25,3,7,616.94
2023-07-26,3,7,638.78
2023-07-27,3,7,540.43
2023-07-28,3,7,556.16
2023-07-29,3,7,665.06
2023-07-30,3,7,676.56
2023-07-31,3,7,375.37
2023-08-01,3,7,448.76
2023-08-02,3,7,394.06
2023-08-03,3,7,473.54
2023-08-04,3,7,450.59
2023-08-05,3,7,764.13
2023-08-06,3,7,673.16
2023-08-07,3,7,474.95
2023-08-08,3,7,437.55
2023-08-09,3,7,570.75
2023-08-10,3,7,454.33
2023-08-11,3,7,479.39
2023-08-12,3,7,597.8
2023-08-13,3,7,558.38
2023-08-14,3,7,460.03
2023-08-15,3,7,323.08
2023-08-16,3,7,351.75
2023-08-17,3,7,482.43
2023-08-18,3,7,566.58
2023-08-19,3,7,627.82
2023-08-20,3,7,532.52
2023-08-21,3,7,360.09
2023-08-22,3,7,513.94
2023-08-23,3,7,420.97
2023-08-24,3,7,504.83
2023-08-25,3,7,487.64
2023-08-26,3,7,642.27
2023-08-27,3,7,602.67
2023-08-28,3,7,488.12
2023-08-29,3,7,453.57
2023-08-30,3,7,418.09
2023-08-31,3,7,395.59
2023-09-01,3,7,287.54
2023-09-02,3,7,566.57
2023-09-03,3,7,715.56
2023-09-04,3,7,497.67
2023-09-05,3,7,464.16
2023-09-06,3,7,399.66
2023-09-07,3,7,516.61
2023-09-08,3,7,441.61
2023-09-09,3,7,723.1
2023-09-10,3,7,499.15
2023-09-11,3,7,399.82
2023-09-12,3,7,393.49
2023-09-13,3,7,350.78
2023-09-14,3,7,387.89
2023-09-15,3,7,458.6
2023-09-16,3,7,524.7
2023-09-17,3,7,247.79
2023-09-18,3,7,525.35
2023-09-19,3,7,338.36
2023-09-20,3,7,493.04
2023-09-21,3,7,455.4
2023-09-22,3,7,597.61
2023-09-23,3,7,678.22
2023-09-24,3,7,545.67
2023-09-25,3,7,406.54
2023-09-26,3,7,557.16
2023-09-27,3,7,354.23
2023-09-28,3,7,468.26
2023-09-29,3,7,446.55
2023-09-30,3,7,562.02
2023-10-01,3,7,645.24
2023-10-02,3,7,485.04
2023-10-03,3,7,504.29
2023-10-04,3,7,482.05
2023-10-05,3,7,502.09
2023-10-06,3,7,479.4
2023-10-07,3,7,554.16
2023-10-08,3,7,615.73
2023-10-09,3,7,422.89
2023-10-10,3,7,418.45
2023-10-11,3,7,450.31
2023-10-12,3,7,466.01
2023-10-13,3,7,477.3
2023-10-14,3,7,702.5
2023-10-15,3,7,571.77
2023-10-16,3,7,489.7
2023-10-17,3,7,484.37
2023-10-18,3,7,432.76
2023-10-19,3,7,481.79
2023-10-20,3,7,548.52
2023-10-21,3,7,637.58
2023-10-22,3,7,641.69
2023-10-23,3,7,427.13
2023-10-24,3,7,619.11
2023-10-25,3,7,431.74
2023-10-26,3,7,358.82
2023-10-27,3,7,540.6
2023-10-28,3,7,612.12
2023-10-29,3,7,594.89
2023-10-30,3,7,440.43
2023-10-31,3,7,614.73
2023-11-01,3,7,550.59
2023-11-02,3,7,566.23
2023-11-03,3,7,536.18
2023-11-04,3,7,708.42
2023-11-05,3,7,824.17
2023-11-06,3,7,504.62
2023-11-07,3,7,410.0
2023-11-08,3,7,593.33
2023-11-09,3,7,564.43
2023-11-10,3,7,534.12
2023-11-11,3,7,731.97
2023-11-12,3,7,646.05
2023-11-13,3,7,528.18
2023-11-14,3,7,516.45
2023-11-15,3,7,480.4
2023-11-16,3,7,621.57
2023-11-17,3,7,415.99
2023-11-18,3,7,929.67
2023-11-19,3,7,777.35
2023-11-20,3,7,387.72
2023-11-21,3,7,511.26
2023-11-22,3,7,515.98
2023-11-23,3,7,560.81
2023-11-24,3,7,451.33
2023-11-25,3,7,692.7
2023-11-26,3,7,677.27
2023-11-27,3,7,472.18
2023-11-28,3,7,461.38
2023-11-29,3,7,604.81
2023-11-30,3,7,396.51
2023-12-01,3,7,633.7
2023-12-02,3,7,861.17
2023-12-03,3,7,744.38
2023-12-04,3,7,597.01
2023-12-05,3,7,696.15
2023-12-06,3,7,530.35
2023-12-07,3,7,539.85
2023-12-08,3,7,549.62
2023-12-09,3,7,907.33
2023-12-10,3,7,922.58
2023-12-11,3,7,470.25
2023-12-12,3,7,684.97
2023-12-13,3,7,668.64
2023-12-14,3,7,734.69
2023-12-15,3,7,630.62
2023-12-16,3,7,770.34
2023-12-17,3,7,909.24
2023-12-18,3,7,659.84
2023-12-19,3,7,798.8
2023-12-20,3,7,683.91
2023-12-21,3,7,612.05
2023-12-22,3,7,493.19
2023-12-23,3,7,710.81
2023-12-24,3,7,611.3
2023-12-25,3,7,580.32
2023-12-26,3,7,683.36
2023-12-27,3,7,600.03
2023-12-28,3,7,692.77
2023-12-29,3,7,631.49
2023-12-30,3,7,734.55
2023-12-31,3,7,792.56
2022-01-01,3,8,506.66
2022-01-02,3,8,463.66
2022-01-03,3,8,237.02
2022-01-04,3,8,330.73
2022-01-05,3,8,322.32
2022-01-06,3,8,357.51
2022-01-07,3,8,352.22
2022-01-08,3,8,322.32
2022-01-09,3,8,354.01
2022-01-10,3,8,300.97
2022-01-11,3,8,354.91
2022-01-12,3,8,408.53
2022-01-13,3,8,267.48
2022-01-14,3,8,317.01
2022-01-15,3,8,455.44
2022-01-16,3,8,395.07
2022-01-17,3,8,358.23
2022-01-18,3,8,387.94
2022-01-19,3,8,314.07
2022-01-20,3,8,372.07
2022-01-21,3,8,348.89
2022-01-22,3,8,382.32
2022-01-23,3,8,452.62
2022-01-24,3,8,380.42
2022-01-25,3,8,431.96
2022-01-26,3,8,444.71
2022-01-27,3,8,326.67
2022-01-28,3,8,323.76
2022-01-29,3,8,467.93
2022-01-30,3,8,427.66
2022-01-31,3,8,423.7
2022-02-01,3,8,388.48
2022-02-02,3,8,386.24
2022-02-03,3,8,420.44
2022-02-04,3,8,393.01
2022-02-05,3,8,522.31
2022-02-06,3,8,519.66
2022-02-07,3,8,376.57
2022-02-08,3,8,333.14
2022-02-09,3,8,487.43
2022-02-10,3,8,333.59
2022-02-11,3,8,482.29
2022-02-12,3,8,528.57
2022-02-13,3,8,457.88
2022-02-14,3,8,419.78
2022-02-15,3,8,433.62
2022-02-16,3,8,488.33
2022-02-17,3,8,311.94
2022-02-18,3,8,380.84
2022-02-19,3,8,610.76
2022-02-20,3,8,563.42
2022-02-21,3,8,418.56
2022-02-22,3,8,477.09
2022-02-23,3,8,380.31
2022-02-24,3,8,250.51
2022-02-25,3,8,370.08
2022-02-26,3,8,663.34
2022-02-27,3,8,532.89
2022-02-28,3,8,343.09
2022-03-01,3,8,482.53
2022-03-02,3,8,453.45
2022-03-03,3,8,411.71
2022-03-04,3,8,438.6
2022-03-05,3,8,444.61
2022-03-06,3,8,496.63
2022-03-07,3,8,400.41
2022-03-08,3,8,471.46
2022-03-09,3,8,371.76
2022-03-10,3,8,403.92
2022-03-11,3,8,493.59
2022-03-12,3,8,728.09
2022-03-13,3,8,459.58
2022-03-14,3,8,415.55
2022-03-15,3,8,315.24
2022-03-16,3,8,406.88
2022-03-17,3,8,390.38
2022-03-18,3,8,485.19
2022-03-19,3,8,438.05
2022-03-20,3,8,427.52
2022-03-21,3,8,503.12
2022-03-22,3,8,371.1
2022-03-23,3,8,422.58
2022-03-24,3,8,428.98
2022-03-25,3,8,362.62
2022-03-26,3,8,471.93
2022-03-27,3,8,626.05
2022-03-28,3,8,454.2
2022-03-29,3,8,411.73
2022-03-30,3,8,404.6
2022-03-31,3,8,433.1
2022-04-01,3,8,427.79
2022-04-02,3,8,626.05
2022-04-03,3,8,525.3
2022-04-04,3,8,432.67
2022-04-05,3,8,449.83
2022-04-06,3,8,451.31
2022-04-07,3,8,495.29
2022-04-08,3,8,406.43
2022-04-09,3,8,484.87
2022-04-10,3,8,501.85
2022-04-11,3,8,447.56
2022-04-12,3,8,402.06
2022-04-13,3,8,549.37
2022-04-14,3,8,410.2
2022-04-15,3,8,351.1
2022-04-16,3,8,559.03
2022-04-17,3,8,656.89
2022-04-18,3,8,360.63
2022-04-19,3,8,359.17
2022-04-20,3,8,400.12
2022-04-21,3,8,372.1
2022-04-22,3,8,328.87
2022-04-23,3,8,412.58
2022-04-24,3,8,555.8
2022-04-25,3,8,457.86
2022-04-26,3,8,370.35
2022-04-27,3,8,409.87
2022-04-28,3,8,426.12
2022-04-29,3,8,346.19
2022-04-30,3,8,609.54
2022-05-01,3,8,522.84
2022-05-02,3,8,420.83
2022-05-03,3,8,430.32
2022-05-04,3,8,533.05
2022-05-05,3,8,331.06
2022-05-06,3,8,339.1
2022-05-07,3,8,638.05
2022-05-08,3,8,559.78
2022-05-09,3,8,396.64
2022-05-10,3,8,364.75
2022-05-11,3,8,379.59
2022-05-12,3,8,381.08
2022-05-13,3,8,305.62
2022-05-14,3,8,587.44
2022-05-15,3,8,358.33
2022-05-16,3,8,344.71
2022-05-17,3,8,369.76
2022-05-18,3,8,522.94
2022-05-19,3,8,390.07
2022-05-20,3,8,415.22
2022-05-21,3,8,447.89
2022-05-22,3,8,583.5
2022-05-23,3,8,573.43
2022-05-24,3,8,427.13
2022-05-25,3,8,378.11
2022-05-26,3,8,277.05
2022-05-27,3,8,440.34
2022-05-28,3,8,442.2
2022-05-29,3,8,460.52
2022-05-30,3,8,455.77
2022-05-31,3,8,371.8
2022-06-01,3,8,359.02
2022-06-02,3,8,405.48
2022-06-03,3,8,326.16
2022-06-04,3,8,382.88
2022-06-05,3,8,508.15
2022-06-06,3,8,407.13
2022-06-07,3,8,334.35
2022-06-08,3,8,331.92
2022-06-09,3,8,306.19
2022-06-10,3,8,406.29
2022-06-11,3,8,614.98
2022-06-12,3,8,544.72
2022-06-13,3,8,362.93
2022-06-14,3,8,407.86
2022-06-15,3,8,322.61
2022-06-16,3,8,389.3
2022-06-17,3,8,309.12
2022-06-18,3,8,471.6
2022-06-19,3,8,558.4
2022-06-20,3,8,415.27
2022-06-21,3,8,402.09
2022-06-22,3,8,393.96
2022-06-23,3,8,330.15
2022-06-24,3,8,379.38
2022-06-25,3,8,540.07
2022-06-26,3,8,466.06
2022-06-27,3,8,360.96
2022-06-28,3,8,346.42
2022-06-29,3,8,357.08
2022-06-30,3,8,330.03
2022-07-01,3,8,337.51
2022-07-02,3,8,416.53
2022-07-03,3,8,341.08
2022-07-04,3,8,468.68
2022-07-05,3,8,284.92
2022-07-06,3,8,330.89
2022-07-07,3,8,341.1
2022-07-08,3,8,311.14
2022-07-09,3,8,434.22
2022-07-10,3,8,386.42
2022-07-11,3,8,376.13
2022-07-12,3,8,338.29
2022-07-13,3,8,376.32
2022-07-14,3,8,414.96
2022-07-15,3,8,325.92
2022-07-16,3,8,494.1
2022-07-17,3,8,545.22
2022-07-18,3,8,334.81
2022-07-19,3,8,376.81
2022-07-20,3,8,317.85
2022-07-21,3,8,403.4
2022-07-22,3,8,316.61
2022-07-23,3,8,492.29
2022-07-24,3,8,512.22
2022-07-25,3,8,282.45
2022-07-26,3,8,309.07
2022-07-27,3,8,307.24
2022-07-28,3,8,399.7
2022-07-29,3,8,283.57
2022-07-30,3,8,469.8
2022-07-31,3,8,497.14
2022-08-01,3,8,325.1
2022-08-02,3,8,377.98
2022-08-03,3,8,225.89
2022-08-04,3,8,346.81
2022-08-05,3,8,309.42
2022-08-06,3,8,320.42
2022-08-07,3,8,347.03
2022-08-08,3,8,393.74
2022-08-09,3,8,349.41
2022-08-10,3,8,357.82
2022-08-11,3,8,365.65
2022-08-12,3,8,254.81
2022-08-13,3,8,431.59
2022-08-14,3,8,485.22
2022-08-15,3,8,301.34
2022-08-16,3,8,386.57
2022-08-17,3,8,291.71
2022-08-18,3,8,327.51
2022-08-19,3,8,340.94
2022-08-20,3,8,466.01
2022-08-21,3,8,400.88
2022-08-22,3,8,371.51
2022-08-23,3,8,343.53
2022-08-24,3,8,243.65
2022-08-25,3,8,412.4
2022-08-26,3,8,277.09
2022-08-27,3,8,542.19
2022-08-28,3,8,411.38
2022-08-29,3,8,307.64
2022-08-30,3,8,344.07
2022-08-31,3,8,290.85
2022-09-01,3,8,225.62
2022-09-02,3,8,309.71
2022-09-03,3,8,432.71
2022-09-04,3,8,504.56
2022-09-05,3,8,259.23
2022-09-06,3,8,343.38
2022-09-07,3,8,311.21
2022-09-08,3,8,317.96
2022-09-09,3,8,362.81
2022-09-10,3,8,380.36
2022-09-11,3,8,422.66
2022-09-12,3,8,369.3
2022-09-13,3,8,366.72
2022-09-14,3,8,259.72
2022-09-15,3,8,288.91
2022-09-16,3,8,311.55
2022-09-17,3,8,464.85
2022-09-18,3,8,398.98
2022-09-19,3,8,323.14
2022-09-20,3,8,379.34
2022-09-21,3,8,303.44
2022-09-22,3,8,390.63
2022-09-23,3,8,243.08
2022-09-24,3,8,392.03
2022-09-25,3,8,331.53
2022-09-26,3,8,326.57
2022-09-27,3,8,357.38
2022-09-28,3,8,313.68
2022-09-29,3,8,298.81
2022-09-30,3,8,256.3
2022-10-01,3,8,542.09
2022-10-02,3,8,431.79
2022-10-03,3,8,310.91
2022-10-04,3,8,412.02
2022-10-05,3,8,316.41
2022-10-06,3,8,288.66
2022-10-07,3,8,298.93
2022-10-08,3,8,379.31
2022-10-09,3,8,365.97
2022-10-10,3,8,300.48
2022-10-11,3,8,457.2
2022-10-12,3,8,277.95
2022-10-13,3,8,260.91
2022-10-14,3,8,350.43
2022-10-15,3,8,432.68
2022-10-16,3,8,481.37
2022-10-17,3,8,309.17
2022-10-18,3,8,293.49
2022-10-19,3,8,422.5
2022-10-20,3,8,256.27
2022-10-21,3,8,356.53
2022-10-22,3,8,485.61
2022-10-23,3,8,494.67
2022-10-24,3,8,323.59
2022-10-25,3,8,275.76
2022-10-26,3,8,415.92
2022-10-27,3,8,317.1
2022-10-28,3,8,418.11
2022-10-29,3,8,466.85
2022-10-30,3,8,410.63
2022-10-31,3,8,360.97
2022-11-01,3,8,435.41
2022-11-02,3,8,376.18
2022-11-03,3,8,330.74
2022-11-04,3,8,272.38
2022-11-05,3,8,453.38
2022-11-06,3,8,543.27
2022-11-07,3,8,316.49
2022-11-08,3,8,411.45
2022-11-09,3,8,375.17
2022-11-10,3,8,415.69
2022-11-11,3,8,242.88
2022-11-12,3,8,383.07
2022-11-13,3,8,453.35
2022-11-14,3,8,480.0
2022-11-15,3,8,332.84
2022-11-16,3,8,368.45
2022-11-17,3,8,497.13
2022-11-18,3,8,400.34
2022-11-19,3,8,552.48
2022-11-20,3,8,442.56
2022-11-21,3,8,443.69
2022-11-22,3,8,452.65
2022-11-23,3,8,405.99
2022-11-24,3,8,372.99
2022-11-25,3,8,409.88
2022-11-26,3,8,372.0
2022-11-27,3,8,572.73
2022-11-28,3,8,330.73
2022-11-29,3,8,363.44
2022-11-30,3,8,454.59
2022-12-01,3,8,491.55
2022-12-02,3,8,319.67
2022-12-03,3,8,471.42
2022-12-04,3,8,602.72
2022-12-05,3,8,312.88
2022-12-06,3,8,513.84
2022-12-07,3,8,431.46
2022-12-08,3,8,514.2
2022-12-09,3,8,377.16
2022-12-10,3,8,498.02
2022-12-11,3,8,638.55
2022-12-12,3,8,406.63
2022-12-13,3,8,346.59
2022-12-14,3,8,462.07
2022-12-15,3,8,324.62
2022-12-16,3,8,519.14
2022-12-17,3,8,570.61
2022-12-18,3,8,481.52
2022-12-19,3,8,501.24
2022-12-20,3,8,502.74
2022-12-21,3,8,428.63
2022-12-22,3,8,575.03
2022-12-23,3,8,573.97
2022-12-24,3,8,585.22
2022-12-25,3,8,647.82
2022-12-26,3,8,514.39
2022-12-27,3,8,357.04
2022-12-28,3,8,449.13
2022-12-29,3,8,386.85
2022-12-30,3,8,378.01
2022-12-31,3,8,571.26
2023-01-01,3,8,635.81
2023-01-02,3,8,360.45
2023-01-03,3,8,500.29
2023-01-04,3,8,458.18
2023-01-05,3,8,576.36
2023-01-06,3,8,559.96
2023-01-07,3,8,540.65
2023-01-08,3,8,742.98
2023-01-09,3,8,516.26
2023-01-10,3,8,462.54
2023-01-11,3,8,441.78
2023-01-12,3,8,396.45
2023-01-13,3,8,391.68
2023-01-14,3,8,452.59
2023-01-15,3,8,625.87
2023-01-16,3,8,331.87
2023-01-17,3,8,418.16
2023-01-18,3,8,528.37
2023-01-19,3,8,589.14
2023-01-20,3,8,398.7
2023-01-21,3,8,683.93
2023-01-22,3,8,597.95
2023-01-23,3,8,445.34
2023-01-24,3,8,494.27
2023-01-25,3,8,435.93
2023-01-26,3,8,477.65
2023-01-27,3,8,489.26
2023-01-28,3,8,739.43
2023-01-29,3,8,760.47
2023-01-30,3,8,441.6
2023-01-31,3,8,465.84
2023-02-01,3,8,580.69
2023-02-02,3,8,504.48
2023-02-03,3,8,574.53
2023-02-04,3,8,766.45
2023-02-05,3,8,778.85
2023-02-06,3,8,526.89
2023-02-07,3,8,429.59
2023-02-08,3,8,507.66
2023-02-09,3,8,481.5
2023-02-10,3,8,582.32
2023-02-11,3,8,833.71
2023-02-12,3,8,837.17
2023-02-13,3,8,592.06
2023-02-14,3,8,449.67
2023-02-15,3,8,633.54
2023-02-16,3,8,557.26
2023-02-17,3,8,459.28
2023-02-18,3,8,770.0
2023-02-19,3,8,659.7
2023-02-20,3,8,371.64
2023-02-21,3,8,448.32
2023-02-22,3,8,520.82
2023-02-23,3,8,518.08
2023-02-24,3,8,442.58
2023-02-25,3,8,762.42
2023-02-26,3,8,739.16
2023-02-27,3,8,414.16
2023-02-28,3,8,736.85
2023-03-01,3,8,442.15
2023-03-02,3,8,503.88
2023-03-03,3,8,571.9
2023-03-04,3,8,656.3
2023-03-05,3,8,858.57
2023-03-06,3,8,528.28
2023-03-07,3,8,467.86
2023-03-08,3,8,593.39
2023-03-09,3,8,307.23
2023-03-10,3,8,587.63
2023-03-11,3,8,844.73
2023-03-12,3,8,463.21
2023-03-13,3,8,512.17
2023-03-14,3,8,410.87
2023-03-15,3,8,547.04
2023-03-16,3,8,730.2
2023-03-17,3,8,565.53
2023-03-18,3,8,687.91
2023-03-19,3,8,410.2
2023-03-20,3,8,456.96
2023-03-21,3,8,537.3
2023-03-22,3,8,556.29
2023-03-23,3,8,577.26
2023-03-24,3,8,612.68
2023-03-25,3,8,617.6
2023-03-26,3,8,719.48
2023-03-27,3,8,509.54
2023-03-28,3,8,473.36
2023-03-29,3,8,479.18
2023-03-30,3,8,596.42
2023-03-31,3,8,339.71
2023-04-01,3,8,506.74
2023-04-02,3,8,1036.38
2023-04-03,3,8,486.92
2023-04-04,3,8,660.44
2023-04-05,3,8,536.32
2023-04-06,3,8,496.29
2023-04-07,3,8,595.77
2023-04-08,3,8,714.02
2023-04-09,3,8,687.01
2023-04-10,3,8,539.84
2023-04-11,3,8,575.94
2023-04-12,3,8,487.99
2023-04-13,3,8,505.18
2023-04-14,3,8,465.01
2023-04-15,3,8,580.48
2023-04-16,3,8,906.2
2023-04-17,3,8,471.8
2023-04-18,3,8,628.24
2023-04-19,3,8,517.58
2023-04-20,3,8,591.49
2023-04-21,3,8,547.35
2023-04-22,3,8,520.87
2023-04-23,3,8,715.82
2023-04-24,3,8,598.47
2023-04-25,3,8,470.35
2023-04-26,3,8,740.68
2023-04-27,3,8,616.71
2023-04-28,3,8,617.85
2023-04-29,3,8,815.15
2023-04-30,3,8,465.39
2023-05-01,3,8,571.47
2023-05-02,3,8,693.74
2023-05-03,3,8,576.47
2023-05-04,3,8,497.45
2023-05-05,3,8,431.52
2023-05-06,3,8,551.59
2023-05-07,3,8,539.81
2023-05-08,3,8,488.07
2023-05-09,3,8,436.36
2023-05-10,3,8,508.1
2023-05-11,3,8,536.22
2023-05-12,3,8,386.34
2023-05-13,3,8,599.57
2023-05-14,3,8,618.89
2023-05-15,3,8,474.18
2023-05-16,3,8,523.45
2023-05-17,3,8,532.17
2023-05-18,3,8,489.47
2023-05-19,3,8,470.33
2023-05-20,3,8,678.36
2023-05-21,3,8,828.23
2023-05-22,3,8,409.71
2023-05-23,3,8,613.51
2023-05-24,3,8,396.22
2023-05-25,3,8,553.68
2023-05-26,3,8,608.27
2023-05-27,3,8,547.92
2023-05-28,3,8,720.08
2023-05-29,3,8,443.93
2023-05-30,3,8,619.42
2023-05-31,3,8,400.72
2023-06-01,3,8,415.44
2023-06-02,3,8,489.42
2023-06-03,3,8,691.0
2023-06-04,3,8,633.47
2023-06-05,3,8,516.63
2023-06-06,3,8,441.59
2023-06-07,3,8,402.73
2023-06-08,3,8,587.73
2023-06-09,3,8,518.25
2023-06-10,3,8,581.36
2023-06-11,3,8,471.96
2023-06-12,3,8,571.77
2023-06-13,3,8,575.13
2023-06-14,3,8,467.98
2023-06-15,3,8,436.11
2023-06-16,3,8,465.55
2023-06-17,3,8,610.2
2023-06-18,3,8,703.32
2023-06-19,3,8,402.51
2023-06-20,3,8,443.15
2023-06-21,3,8,472.59
2023-06-22,3,8,505.14
2023-06-23,3,8,549.85
2023-06-24,3,8,662.53
2023-06-25,3,8,799.89
2023-06-26,3,8,415.04
2023-06-27,3,8,594.84
2023-06-28,3,8,418.34
2023-06-29,3,8,459.54
2023-06-30,3,8,517.22
2023-07-01,3,8,673.41
2023-07-02,3,8,538.85
2023-07-03,3,8,466.75
2023-07-04,3,8,420.2
2023-07-05,3,8,289.39
2023-07-06,3,8,439.1
2023-07-07,3,8,359.63
2023-07-08,3,8,684.53
2023-07-09,3,8,685.57
2023-07-10,3,8,387.26
2023-07-11,3,8,377.3
2023-07-12,3,8,401.53
2023-07-13,3,8,479.07
2023-07-14,3,8,479.64
2023-07-15,3,8,872.69
2023-07-16,3,8,551.09
2023-07-17,3,8,450.88
2023-07-18,3,8,574.03
2023-07-19,3,8,464.48
2023-07-20,3,8,372.9
2023-07-21,3,8,468.8
2023-07-22,3,8,641.39
2023-07-23,3,8,550.69
2023-07-24,3,8,500.07
2023-07-25,3,8,494.42
2023-07-26,3,8,416.58
2023-07-27,3,8,551.82
2023-07-28,3,8,395.27
2023-07-29,3,8,620.88
2023-07-30,3,8,530.37
2023-07-31,3,8,334.81
2023-08-01,3,8,434.7
2023-08-02,3,8,532.25
2023-08-03,3,8,409.72
2023-08-04,3,8,320.73
2023-08-05,3,8,555.56
2023-08-06,3,8,471.92
2023-08-07,3,8,479.55
2023-08-08,3,8,400.15
2023-08-09,3,8,304.38
2023-08-10,3,8,446.53
2023-08-11,3,8,428.15
2023-08-12,3,8,515.74
2023-08-13,3,8,456.17
2023-08-14,3,8,527.55
2023-08-15,3,8,387.98
2023-08-16,3,8,472.49
2023-08-17,3,8,387.76
2023-08-18,3,8,459.56
2023-08-19,3,8,546.76
2023-08-20,3,8,545.03
2023-08-21,3,8,365.97
2023-08-22,3,8,451.14
2023-08-23,3,8,506.44
2023-08-24,3,8,353.6
2023-08-25,3,8,366.52
2023-08-26,3,8,785.41
2023-08-27,3,8,463.23
2023-08-28,3,8,384.69
2023-08-29,3,8,507.0
2023-08-30,3,8,509.21
2023-08-31,3,8,267.27
2023-09-01,3,8,453.74
2023-09-02,3,8,513.95
2023-09-03,3,8,517.9
2023-09-04,3,8,479.03
2023-09-05,3,8,386.71
2023-09-06,3,8,376.92
2023-09-07,3,8,388.82
2023-09-08,3,8,387.37
2023-09-09,3,8,559.44
2023-09-10,3,8,637.68
2023-09-11,3,8,435.8
2023-09-12,3,8,409.0
2023-09-13,3,8,443.65
2023-09-14,3,8,458.31
2023-09-15,3,8,446.14
2023-09-16,3,8,480.59
2023-09-17,3,8,568.41
2023-09-18,3,8,280.54
2023-09-19,3,8,506.26
2023-09-20,3,8,506.39
2023-09-21,3,8,467.04
2023-09-22,3,8,489.38
2023-09-23,3,8,530.38
2023-09-24,3,8,476.26
2023-09-25,3,8,335.39
2023-09-26,3,8,475.84
2023-09-27,3,8,367.02
2023-09-28,3,8,390.64
2023-09-29,3,8,428.01
2023-09-30,3,8,535.62
2023-10-01,3,8,579.15
2023-10-02,3,8,312.46
2023-10-03,3,8,413.98
2023-10-04,3,8,482.34
2023-10-05,3,8,401.71
2023-10-06,3,8,374.21
2023-10-07,3,8,639.14
2023-10-08,3,8,523.81
2023-10-09,3,8,442.49
2023-10-10,3,8,417.24
2023-10-11,3,8,431.07
2023-10-12,3,8,530.34
2023-10-13,3,8,468.65
2023-10-14,3,8,458.56
2023-10-15,3,8,530.44
2023-10-16,3,8,405.65
2023-10-17,3,8,446.71
2023-10-18,3,8,491.95
2023-10-19,3,8,435.26
2023-10-20,3,8,433.62
2023-10-21,3,8,375.1
2023-10-22,3,8,676.22
2023-10-23,3,8,423.31
2023-10-24,3,8,451.36
2023-10-25,3,8,451.48
2023-10-26,3,8,384.83
2023-10-27,3,8,419.36
2023-10-28,3,8,500.21
2023-10-29,3,8,684.11
2023-10-30,3,8,290.61
2023-10-31,3,8,373.94
2023-11-01,3,8,452.29
2023-11-02,3,8,582.35
2023-11-03,3,8,526.34
2023-11-04,3,8,466.86
2023-11-05,3,8,608.58
2023-11-06,3,8,528.25
2023-11-07,3,8,636.28
2023-11-08,3,8,452.92
2023-11-09,3,8,392.69
2023-11-10,3,8,500.92
2023-11-11,3,8,617.49
2023-11-12,3,8,665.12
2023-11-13,3,8,528.24
2023-11-14,3,8,501.94
2023-11-15,3,8,517.21
2023-11-16,3,8,597.17
2023-11-17,3,8,458.86
2023-11-18,3,8,509.49
2023-11-19,3,8,653.9
2023-11-20,3,8,388.28
2023-11-21,3,8,400.03
2023-11-22,3,8,421.89
2023-11-23,3,8,391.18
2023-11-24,3,8,566.25
2023-11-25,3,8,631.31
2023-11-26,3,8,693.56
2023-11-27,3,8,519.6
2023-11-28,3,8,467.73
2023-11-29,3,8,552.84
2023-11-30,3,8,448.51
2023-12-01,3,8,524.01
2023-12-02,3,8,624.98
2023-12-03,3,8,846.59
2023-12-04,3,8,529.84
2023-12-05,3,8,587.15
2023-12-06,3,8,492.11
2023-12-07,3,8,607.99
2023-12-08,3,8,602.33
2023-12-09,3,8,530.92
2023-12-10,3,8,702.95
2023-12-11,3,8,550.19
2023-12-12,3,8,516.71
2023-12-13,3,8,653.79
2023-12-14,3,8,442.76
2023-12-15,3,8,505.53
2023-12-16,3,8,615.17
2023-12-17,3,8,814.37
2023-12-18,3,8,459.16
2023-12-19,3,8,393.91
2023-12-20,3,8,578.73
2023-12-21,3,8,532.52
2023-12-22,3,8,629.12
2023-12-23,3,8,794.12
2023-12-24,3,8,703.76
2023-12-25,3,8,427.13
2023-12-26,3,8,447.43
2023-12-27,3,8,400.61
2023-12-28,3,8,534.77
2023-12-29,3,8,492.42
2023-12-30,3,8,691.47
2023-12-31,3,8,729.67
2022-01-01,3,9,337.99
2022-01-02,3,9,449.21
2022-01-03,3,9,353.21
2022-01-04,3,9,313.49
2022-01-05,3,9,255.01
2022-01-06,3,9,314.93
2022-01-07,3,9,372.25
2022-01-08,3,9,514.1
2022-01-09,3,9,388.58
2022-01-10,3,9,235.91
2022-01-11,3,9,354.07
2022-01-12,3,9,301.72
2022-01-13,3,9,359.62
2022-01-14,3,9,328.67
2022-01-15,3,9,356.0
2022-01-16,3,9,414.38
2022-01-17,3,9,378.38
2022-01-18,3,9,309.53
2022-01-19,3,9,267.73
2022-01-20,3,9,241.64
2022-01-21,3,9,280.77
2022-01-22,3,9,387.8
2022-01-23,3,9,464.5
2022-01-24,3,9,264.94
2022-01-25,3,9,393.09
2022-01-26,3,9,255.1
2022-01-27,3,9,431.12
2022-01-28,3,9,402.48
2022-01-29,3,9,424.86
2022-01-30,3,9,313.53
2022-01-31,3,9,318.0
2022-02-01,3,9,322.47
2022-02-02,3,9,277.17
2022-02-03,3,9,357.97
2022-02-04,3,9,300.91
2022-02-05,3,9,398.85
2022-02-06,3,9,433.53
2022-02-07,3,9,314.63
2022-02-08,3,9,452.1
2022-02-09,3,9,317.27
2022-02-10,3,9,368.16
2022-02-11,3,9,353.2
2022-02-12,3,9,473.58
2022-02-13,3,9,479.19
2022-02-14,3,9,392.48
2022-02-15,3,9,360.85
2022-02-16,3,9,359.03
2022-02-17,3,9,350.7
2022-02-18,3,9,340.75
2022-02-19,3,9,390.87
2022-02-20,3,9,449.1
2022-02-21,3,9,361.6
2022-02-22,3,9,370.38
2022-02-23,3,9,359.09
2022-02-24,3,9,337.74
2022-02-25,3,9,347.3
2022-02-26,3,9,417.97
2022-02-27,3,9,477.69
2022-02-28,3,9,339.65
2022-03-01,3,9,369.4
2022-03-02,3,9,414.04
2022-03-03,3,9,322.0
2022-03-04,3,9,392.96
2022-03-05,3,9,471.66
2022-03-06,3,9,612.19
2022-03-07,3,9,349.96
2022-03-08,3,9,399.79
2022-03-09,3,9,363.21
2022-03-10,3,9,287.18
2022-03-11,3,9,334.7
2022-03-12,3,9,534.81
2022-03-13,3,9,442.17
2022-03-14,3,9,242.83
2022-03-15,3,9,362.7
2022-03-16,3,9,304.99
2022-03-17,3,9,372.31
2022-03-18,3,9,450.46
2022-03-19,3,9,530.39
2022-03-20,3,9,585.65
2022-03-21,3,9,335.59
2022-03-22,3,9,358.92
2022-03-23,3,9,309.62
2022-03-24,3,9,329.77
2022-03-25,3,9,316.67
2022-03-26,3,9,384.79
2022-03-27,3,9,577.18
2022-03-28,3,9,253.09
2022-03-29,3,9,445.04
2022-03-30,3,9,438.58
2022-03-31,3,9,397.58
2022-04-01,3,9,301.42
2022-04-02,3,9,359.17
2022-04-03,3,9,432.59
2022-04-04,3,9,396.95
2022-04-05,3,9,363.42
2022-04-06,3,9,306.67
2022-04-07,3,9,426.59
2022-04-08,3,9,456.28
2022-04-09,3,9,457.84
2022-04-10,3,9,482.17
2022-04-11,3,9,282.58
2022-04-12,3,9,342.85
2022-04-13,3,9,393.92
2022-04-14,3,9,385.73
2022-04-15,3,9,338.66
2022-04-16,3,9,457.35
2022-04-17,3,9,445.38
2022-04-18,3,9,352.22
2022-04-19,3,9,391.26
2022-04-20,3,9,259.56
2022-04-21,3,9,364.45
2022-04-22,3,9,388.26
2022-04-23,3,9,438.92
2022-04-24,3,9,445.89
2022-04-25,3,9,344.9
2022-04-26,3,9,343.62
2022-04-27,3,9,370.88
2022-04-28,3,9,378.07
2022-04-29,3,9,254.26
2022-04-30,3,9,530.32
2022-05-01,3,9,433.57
2022-05-02,3,9,450.18
2022-05-03,3,9,286.87
2022-05-04,3,9,304.13
2022-05-05,3,9,339.28
2022-05-06,3,9,371.95
2022-05-07,3,9,322.36
2022-05-08,3,9,399.39
2022-05-09,3,9,382.32
2022-05-10,3,9,301.49
2022-05-11,3,9,424.09
2022-05-12,3,9,328.13
2022-05-13,3,9,304.87
2022-05-14,3,9,500.52
2022-05-15,3,9,569.62
2022-05-16,3,9,375.42
2022-05-17,3,9,420.53
2022-05-18,3,9,443.0
2022-05-19,3,9,305.29
2022-05-20,3,9,404.51
2022-05-21,3,9,355.94
2022-05-22,3,9,491.22
2022-05-23,3,9,351.73
2022-05-24,3,9,422.18
2022-05-25,3,9,418.78
2022-05-26,3,9,386.93
2022-05-27,3,9,372.75
2022-05-28,3,9,499.61
2022-05-29,3,9,468.92
2022-05-30,3,9,354.43
2022-05-31,3,9,435.49
2022-06-01,3,9,402.12
2022-06-02,3,9,319.11
2022-06-03,3,9,337.95
2022-06-04,3,9,429.79
2022-06-05,3,9,322.22
2022-06-06,3,9,310.66
2022-06-07,3,9,406.03
2022-06-08,3,9,290.88
2022-06-09,3,9,432.06
2022-06-10,3,9,386.02
2022-06-11,3,9,452.89
2022-06-12,3,9,463.5
2022-06-13,3,9,283.87
2022-06-14,3,9,316.33
2022-06-15,3,9,401.01
2022-06-16,3,9,299.58
2022-06-17,3,9,382.86
2022-06-18,3,9,340.97
2022-06-19,3,9,352.81
2022-06-20,3,9,425.57
2022-06-21,3,9,330.83
2022-06-22,3,9,304.91
2022-06-23,3,9,399.84
2022-06-24,3,9,394.36
2022-06-25,3,9,492.02
2022-06-26,3,9,395.69
2022-06-27,3,9,318.78
2022-06-28,3,9,348.98
2022-06-29,3,9,368.44
2022-06-30,3,9,308.49
2022-07-01,3,9,308.53
2022-07-02,3,9,407.1
2022-07-03,3,9,467.34
2022-07-04,3,9,335.72
2022-07-05,3,9,233.62
2022-07-06,3,9,292.41
2022-07-07,3,9,260.23
2022-07-08,3,9,328.39
2022-07-09,3,9,448.24
2022-07-10,3,9,400.05
2022-07-11,3,9,291.17
2022-07-12,3,9,306.77
2022-07-13,3,9,313.4
2022-07-14,3,9,274.93
2022-07-15,3,9,248.74
2022-07-16,3,9,274.25
2022-07-17,3,9,471.71
2022-07-18,3,9,327.87
2022-07-19,3,9,322.01
2022-07-20,3,9,363.67
2022-07-21,3,9,248.31
2022-07-22,3,9,226.46
2022-07-23,3,9,421.31
2022-07-24,3,9,416.22
2022-07-25,3,9,227.23
2022-07-26,3,9,323.76
2022-07-27,3,9,288.99
2022-07-28,3,9,270.45
2022-07-29,3,9,292.55
2022-07-30,3,9,253.93
2022-07-31,3,9,365.43
2022-08-01,3,9,253.65
2022-08-02,3,9,307.56
2022-08-03,3,9,277.33
2022-08-04,3,9,311.55
2022-08-05,3,9,175.73
2022-08-06,3,9,323.61
2022-08-07,3,9,401.42
2022-08-08,3,9,272.03
2022-08-09,3,9,321.68
2022-08-10,3,9,208.37
2022-08-11,3,9,317.31
2022-08-12,3,9,258.74
2022-08-13,3,9,331.22
2022-08-14,3,9,428.04
2022-08-15,3,9,336.88
2022-08-16,3,9,331.68
2022-08-17,3,9,375.22
2022-08-18,3,9,342.23
2022-08-19,3,9,253.48
2022-08-20,3,9,382.42
2022-08-21,3,9,354.52
2022-08-22,3,9,376.34
2022-08-23,3,9,336.61
2022-08-24,3,9,280.8
2022-08-25,3,9,327.31
2022-08-26,3,9,235.96
2022-08-27,3,9,390.74
2022-08-28,3,9,323.88
2022-08-29,3,9,216.67
2022-08-30,3,9,324.57
2022-08-31,3,9,330.24
2022-09-01,3,9,300.74
2022-09-02,3,9,273.93
2022-09-03,3,9,296.84
2022-09-04,3,9,302.86
2022-09-05,3,9,241.29
2022-09-06,3,9,272.66
2022-09-07,3,9,328.44
2022-09-08,3,9,328.04
2022-09-09,3,9,213.2
2022-09-10,3,9,330.19
2022-09-11,3,9,328.97
2022-09-12,3,9,176.11
2022-09-13,3,9,308.28
2022-09-14,3,9,273.88
2022-09-15,3,9,279.77
2022-09-16,3,9,342.33
2022-09-17,3,9,375.48
2022-09-18,3,9,346.91
2022-09-19,3,9,310.01
2022-09-20,3,9,331.12
2022-09-21,3,9,298.68
2022-09-22,3,9,315.78
2022-09-23,3,9,280.16
2022-09-24,3,9,368.06
2022-09-25,3,9,379.25
2022-09-26,3,9,254.66
2022-09-27,3,9,262.84
2022-09-28,3,9,346.98
2022-09-29,3,9,374.45
2022-09-30,3,9,356.78
2022-10-01,3,9,310.38
2022-10-02,3,9,305.01
2022-10-03,3,9,245.06
2022-10-04,3,9,304.6
2022-10-05,3,9,172.92
2022-10-06,3,9,272.64
2022-10-07,3,9,362.45
2022-10-08,3,9,446.76
2022-10-09,3,9,359.92
2022-10-10,3,9,280.49
2022-10-11,3,9,325.77
2022-10-12,3,9,342.61
2022-10-13,3,9,276.64
2022-10-14,3,9,290.34
2022-10-15,3,9,358.26
2022-10-16,3,9,313.56
2022-10-17,3,9,291.68
2022-10-18,3,9,288.46
2022-10-19,3,9,244.97
2022-10-20,3,9,331.63
2022-10-21,3,9,324.5
2022-10-22,3,9,434.71
2022-10-23,3,9,348.55
2022-10-24,3,9,213.03
2022-10-25,3,9,324.77
2022-10-26,3,9,273.47
2022-10-27,3,9,263.36
2022-10-28,3,9,246.84
2022-10-29,3,9,379.42
2022-10-30,3,9,489.78
2022-10-31,3,9,281.78
2022-11-01,3,9,277.85
2022-11-02,3,9,364.91
2022-11-03,3,9,341.28
2022-11-04,3,9,227.08
2022-11-05,3,9,476.15
2022-11-06,3,9,571.84
2022-11-07,3,9,203.52
2022-11-08,3,9,272.04
2022-11-09,3,9,191.4
2022-11-10,3,9,330.67
2022-11-11,3,9,384.42
2022-11-12,3,9,442.33
2022-11-13,3,9,526.76
2022-11-14,3,9,377.26
2022-11-15,3,9,421.43
2022-11-16,3,9,394.44
2022-11-17,3,9,315.91
2022-11-18,3,9,339.85
2022-11-19,3,9,380.72
2022-11-20,3,9,422.93
2022-11-21,3,9,340.37
2022-11-22,3,9,333.2
2022-11-23,3,9,405.76
2022-11-24,3,9,321.27
2022-11-25,3,9,290.97
2022-11-26,3,9,382.67
2022-11-27,3,9,483.68
2022-11-28,3,9,267.67
2022-11-29,3,9,329.05
2022-11-30,3,9,407.15
2022-12-01,3,9,394.12
2022-12-02,3,9,373.6
2022-12-03,3,9,488.9
2022-12-04,3,9,415.95
2022-12-05,3,9,329.99
2022-12-06,3,9,367.87
2022-12-07,3,9,394.68
2022-12-08,3,9,433.51
2022-12-09,3,9,385.09
2022-12-10,3,9,594.39
2022-12-11,3,9,613.56
2022-12-12,3,9,426.07
2022-12-13,3,9,450.94
2022-12-14,3,9,324.57
2022-12-15,3,9,315.75
2022-12-16,3,9,411.46
2022-12-17,3,9,396.77
2022-12-18,3,9,475.42
2022-12-19,3,9,426.91
2022-12-20,3,9,464.11
2022-12-21,3,9,368.6
2022-12-22,3,9,346.1
2022-12-23,3,9,402.22
2022-12-24,3,9,418.88
2022-12-25,3,9,486.66
2022-12-26,3,9,384.16
2022-12-27,3,9,383.29
2022-12-28,3,9,390.3
2022-12-29,3,9,337.22
2022-12-30,3,9,343.69
2022-12-31,3,9,445.61
2023-01-01,3,9,418.19
2023-01-02,3,9,447.07
2023-01-03,3,9,482.69
2023-01-04,3,9,476.76
2023-01-05,3,9,409.42
2023-01-06,3,9,374.63
2023-01-07,3,9,616.82
2023-01-08,3,9,608.49
2023-01-09,3,9,441.39
2023-01-10,3,9,539.68
2023-01-11,3,9,426.37
2023-01-12,3,9,411.87
2023-01-13,3,9,402.98
2023-01-14,3,9,427.13
2023-01-15,3,9,613.47
2023-01-16,3,9,422.83
2023-01-17,3,9,462.82
2023-01-18,3,9,549.12
2023-01-19,3,9,405.32
2023-01-20,3,9,279.76
2023-01-21,3,9,600.98
2023-01-22,3,9,574.98
2023-01-23,3,9,384.36
2023-01-24,3,9,457.86
2023-01-25,3,9,483.42
2023-01-26,3,9,371.29
2023-01-27,3,9,413.47
2023-01-28,3,9,688.16
2023-01-29,3,9,502.75
2023-01-30,3,9,438.32
2023-01-31,3,9,263.33
2023-02-01,3,9,360.5
2023-02-02,3,9,474.82
2023-02-03,3,9,549.7
2023-02-04,3,9,480.51
2023-02-05,3,9,611.07
2023-02-06,3,9,438.97
2023-02-07,3,9,532.07
2023-02-08,3,9,380.75
2023-02-09,3,9,496.26
2023-02-10,3,9,420.77
2023-02-11,3,9,627.21
2023-02-12,3,9,613.61
2023-02-13,3,9,449.86
2023-02-14,3,9,501.38
2023-02-15,3,9,471.24
2023-02-16,3,9,459.18
2023-02-17,3,9,443.78
2023-02-18,3,9,617.02
2023-02-19,3,9,630.69
2023-02-20,3,9,400.13
2023-02-21,3,9,445.52
2023-02-22,3,9,396.03
2023-02-23,3,9,468.02
2023-02-24,3,9,429.3
2023-02-25,3,9,683.81
2023-02-26,3,9,675.27
2023-02-27,3,9,406.81
2023-02-28,3,9,472.33
2023-03-01,3,9,529.94
2023-03-02,3,9,471.24
2023-03-03,3,9,431.4
2023-03-04,3,9,526.8
2023-03-05,3,9,711.27
2023-03-06,3,9,551.04
2023-03-07,3,9,470.51
2023-03-08,3,9,541.85
2023-03-09,3,9,270.03
2023-03-10,3,9,583.6
2023-03-11,3,9,618.22
2023-03-12,3,9,647.04
2023-03-13,3,9,464.25
2023-03-14,3,9,590.21
2023-03-15,3,9,410.67
2023-03-16,3,9,596.81
2023-03-17,3,9,518.13
2023-03-18,3,9,695.64
2023-03-19,3,9,605.22
2023-03-20,3,9,393.91
2023-03-21,3,9,558.87
2023-03-22,3,9,513.68
2023-03-23,3,9,591.4
2023-03-24,3,9,477.15
2023-03-25,3,9,599.1
2023-03-26,3,9,772.95
2023-03-27,3,9,633.68
2023-03-28,3,9,493.48
2023-03-29,3,9,437.45
2023-03-30,3,9,553.47
2023-03-31,3,9,475.0
2023-04-01,3,9,684.51
2023-04-02,3,9,604.04
2023-04-03,3,9,597.28
2023-04-04,3,9,433.32
2023-04-05,3,9,519.37
2023-04-06,3,9,449.24
2023-04-07,3,9,464.63
2023-04-08,3,9,592.07
2023-04-09,3,9,701.47
2023-04-10,3,9,553.07
2023-04-11,3,9,527.13
2023-04-12,3,9,478.89
2023-04-13,3,9,497.35
2023-04-14,3,9,553.07
2023-04-15,3,9,722.49
2023-04-16,3,9,378.47
2023-04-17,3,9,468.49
2023-04-18,3,9,472.32
2023-04-19,3,9,538.19
2023-04-20,3,9,484.53
2023-04-21,3,9,542.59
2023-04-22,3,9,534.03
2023-04-23,3,9,662.42
2023-04-24,3,9,557.02
2023-04-25,3,9,382.48
2023-04-26,3,9,676.71
2023-04-27,3,9,579.59
2023-04-28,3,9,492.18
2023-04-29,3,9,560.6
2023-04-30,3,9,623.75
2023-05-01,3,9,468.12
2023-05-02,3,9,493.2
2023-05-03,3,9,567.14
2023-05-04,3,9,430.16
2023-05-05,3,9,502.69
2023-05-06,3,9,486.12
2023-05-07,3,9,566.0
2023-05-08,3,9,490.74
2023-05-09,3,9,513.0
2023-05-10,3,9,412.56
2023-05-11,3,9,434.65
2023-05-12,3,9,567.77
2023-05-13,3,9,711.46
2023-05-14,3,9,625.23
2023-05-15,3,9,310.1
2023-05-16,3,9,642.88
2023-05-17,3,9,465.9
2023-05-18,3,9,445.68
2023-05-19,3,9,431.25
2023-05-20,3,9,643.06
2023-05-21,3,9,644.42
2023-05-22,3,9,535.71
2023-05-23,3,9,403.99
2023-05-24,3,9,447.47
2023-05-25,3,9,612.87
2023-05-26,3,9,485.93
2023-05-27,3,9,595.7
2023-05-28,3,9,525.5
2023-05-29,3,9,506.78
2023-05-30,3,9,544.24
2023-05-31,3,9,533.53
2023-06-01,3,9,412.4
2023-06-02,3,9,452.61
2023-06-03,3,9,698.56
2023-06-04,3,9,648.65
2023-06-05,3,9,379.59
2023-06-06,3,9,266.08
2023-06-07,3,9,449.93
2023-06-08,3,9,482.67
2023-06-09,3,9,360.85
2023-06-10,3,9,560.35
2023-06-11,3,9,539.25
2023-06-12,3,9,438.93
2023-06-13,3,9,397.12
2023-06-14,3,9,516.51
2023-06-15,3,9,442.63
2023-06-16,3,9,376.17
2023-06-17,3,9,641.23
2023-06-18,3,9,457.07
2023-06-19,3,9,517.8
2023-06-20,3,9,499.02
2023-06-21,3,9,525.34
2023-06-22,3,9,424.68
2023-06-23,3,9,402.89
2023-06-24,3,9,573.37
2023-06-25,3,9,559.43
2023-06-26,3,9,393.43
2023-06-27,3,9,400.17
2023-06-28,3,9,412.7
2023-06-29,3,9,360.29
2023-06-30,3,9,481.73
2023-07-01,3,9,507.92
2023-07-02,3,9,488.57
2023-07-03,3,9,328.63
2023-07-04,3,9,325.88
2023-07-05,3,9,509.46
2023-07-06,3,9,357.9
2023-07-07,3,9,431.53
2023-07-08,3,9,526.79
2023-07-09,3,9,300.37
2023-07-10,3,9,502.58
2023-07-11,3,9,437.01
2023-07-12,3,9,350.93
2023-07-13,3,9,395.16
2023-07-14,3,9,328.65
2023-07-15,3,9,658.07
2023-07-16,3,9,446.52
2023-07-17,3,9,366.65
2023-07-18,3,9,354.56
2023-07-19,3,9,403.18
2023-07-20,3,9,480.57
2023-07-21,3,9,505.95
2023-07-22,3,9,487.83
2023-07-23,3,9,548.68
2023-07-24,3,9,404.56
2023-07-25,3,9,341.02
2023-07-26,3,9,545.57
2023-07-27,3,9,482.27
2023-07-28,3,9,412.04
2023-07-29,3,9,644.88
2023-07-30,3,9,616.36
2023-07-31,3,9,406.36
2023-08-01,3,9,387.06
2023-08-02,3,9,453.0
2023-08-03,3,9,317.05
2023-08-04,3,9,462.54
2023-08-05,3,9,464.7
2023-08-06,3,9,591.3
2023-08-07,3,9,370.13
2023-08-08,3,9,389.43
2023-08-09,3,9,368.98
2023-08-10,3,9,341.52
2023-08-11,3,9,356.31
2023-08-12,3,9,583.0
2023-08-13,3,9,315.58
2023-08-14,3,9,302.91
2023-08-15,3,9,331.78
2023-08-16,3,9,312.27
2023-08-17,3,9,457.19
2023-08-18,3,9,443.36
2023-08-19,3,9,528.29
2023-08-20,3,9,439.05
2023-08-21,3,9,448.53
2023-08-22,3,9,284.85
2023-08-23,3,9,494.38
2023-08-24,3,9,335.95
2023-08-25,3,9,359.91
2023-08-26,3,9,455.94
2023-08-27,3,9,409.14
2023-08-28,3,9,483.72
2023-08-29,3,9,420.01
2023-08-30,3,9,444.32
2023-08-31,3,9,307.02
2023-09-01,3,9,373.96
2023-09-02,3,9,510.61
2023-09-03,3,9,493.13
2023-09-04,3,9,301.27
2023-09-05,3,9,423.86
2023-09-06,3,9,371.87
2023-09-07,3,9,313.09
2023-09-08,3,9,263.9
2023-09-09,3,9,518.94
2023-09-10,3,9,650.89
2023-09-11,3,9,310.55
2023-09-12,3,9,375.94
2023-09-13,3,9,427.89
2023-09-14,3,9,297.12
2023-09-15,3,9,340.81
2023-09-16,3,9,416.08
2023-09-17,3,9,548.61
2023-09-18,3,9,441.08
2023-09-19,3,9,376.93
2023-09-20,3,9,321.87
2023-09-21,3,9,344.12
2023-09-22,3,9,333.95
2023-09-23,3,9,409.44
2023-09-24,3,9,472.72
2023-09-25,3,9,401.37
2023-09-26,3,9,396.93
2023-09-27,3,9,369.51
2023-09-28,3,9,373.36
2023-09-29,3,9,365.89
2023-09-30,3,9,388.08
2023-10-01,3,9,510.25
2023-10-02,3,9,349.95
2023-10-03,3,9,306.2
2023-10-04,3,9,405.35
2023-10-05,3,9,348.97
2023-10-06,3,9,397.6
2023-10-07,3,9,563.69
2023-10-08,3,9,429.08
2023-10-09,3,9,390.49
2023-10-10,3,9,280.74
2023-10-11,3,9,474.28
2023-10-12,3,9,307.2
2023-10-13,3,9,356.28
2023-10-14,3,9,603.06
2023-10-15,3,9,484.86
2023-10-16,3,9,317.33
2023-10-17,3,9,428.43
2023-10-18,3,9,427.38
2023-10-19,3,9,350.7
2023-10-20,3,9,357.21
2023-10-21,3,9,471.42
2023-10-22,3,9,488.99
2023-10-23,3,9,278.14
2023-10-24,3,9,378.1
2023-10-25,3,9,492.97
2023-10-26,3,9,336.84
2023-10-27,3,9,355.3
2023-10-28,3,9,416.57
2023-10-29,3,9,553.33
2023-10-30,3,9,460.48
2023-10-31,3,9,459.41
2023-11-01,3,9,345.54
2023-11-02,3,9,457.27
2023-11-03,3,9,517.17
2023-11-04,3,9,595.98
2023-11-05,3,9,593.74
2023-11-06,3,9,396.23
2023-11-07,3,9,440.74
2023-11-08,3,9,506.08
2023-11-09,3,9,448.19
2023-11-10,3,9,347.39
2023-11-11,3,9,517.94
2023-11-12,3,9,657.21
2023-11-13,3,9,449.04
2023-11-14,3,9,436.09
2023-11-15,3,9,393.06
2023-11-16,3,9,505.42
2023-11-17,3,9,536.23
2023-11-18,3,9,664.07
2023-11-19,3,9,679.5
2023-11-20,3,9,406.83
2023-11-21,3,9,397.94
2023-11-22,3,9,420.38
2023-11-23,3,9,433.22
2023-11-24,3,9,523.49
2023-11-25,3,9,658.65
2023-11-26,3,9,606.25
2023-11-27,3,9,339.06
2023-11-28,3,9,322.62
2023-11-29,3,9,447.85
2023-11-30,3,9,489.62
2023-12-01,3,9,475.11
2023-12-02,3,9,805.13
2023-12-03,3,9,524.23
2023-12-04,3,9,394.39
2023-12-05,3,9,433.96
2023-12-06,3,9,431.46
2023-12-07,3,9,520.64
2023-12-08,3,9,452.29
2023-12-09,3,9,482.23
2023-12-10,3,9,712.46
2023-12-11,3,9,355.99
2023-12-12,3,9,406.2
2023-12-13,3,9,366.38
2023-12-14,3,9,499.58
2023-12-15,3,9,498.34
2023-12-16,3,9,811.91
2023-12-17,3,9,717.49
2023-12-18,3,9,590.68
2023-12-19,3,9,506.98
2023-12-20,3,9,414.98
2023-12-21,3,9,495.86
2023-12-22,3,9,530.05
2023-12-23,3,9,700.05
2023-12-24,3,9,588.67
2023-12-25,3,9,523.4
2023-12-26,3,9,419.64
2023-12-27,3,9,411.81
2023-12-28,3,9,406.73
2023-12-29,3,9,490.58
2023-12-30,3,9,523.45
2023-12-31,3,9,595.61
2022-01-01,3,10,254.83
2022-01-02,3,10,244.06
2022-01-03,3,10,177.52
2022-01-04,3,10,166.16
2022-01-05,3,10,203.87
2022-01-06,3,10,200.52
2022-01-07,3,10,173.88
2022-01-08,3,10,276.86
2022-01-09,3,10,223.78
2022-01-10,3,10,182.8
2022-01-11,3,10,162.24
2022-01-12,3,10,167.22
2022-01-13,3,10,161.15
2022-01-14,3,10,196.42
2022-01-15,3,10,244.78
2022-01-16,3,10,195.31
2022-01-17,3,10,193.76
2022-01-18,3,10,226.84
2022-01-19,3,10,161.22
2022-01-20,3,10,159.84
2022-01-21,3,10,179.51
2022-01-22,3,10,281.54
2022-01-23,3,10,218.18
2022-01-24,3,10,229.49
2022-01-25,3,10,151.45
2022-01-26,3,10,185.25
2022-01-27,3,10,134.32
2022-01-28,3,10,155.17
2022-01-29,3,10,227.38
2022-01-30,3,10,244.66
2022-01-31,3,10,214.74
2022-02-01,3,10,173.01
2022-02-02,3,10,205.68
2022-02-03,3,10,154.76
2022-02-04,3,10,223.21
2022-02-05,3,10,301.82
2022-02-06,3,10,291.78
2022-02-07,3,10,224.62
2022-02-08,3,10,191.93
2022-02-09,3,10,202.87
2022-02-10,3,10,192.13
2022-02-11,3,10,193.82
2022-02-12,3,10,225.62
2022-02-13,3,10,264.93
2022-02-14,3,10,207.98
2022-02-15,3,10,224.86
2022-02-16,3,10,207.63
2022-02-17,3,10,222.22
2022-02-18,3,10,174.54
2022-02-19,3,10,310.24
2022-02-20,3,10,246.64
2022-02-21,3,10,136.48
2022-02-22,3,10,185.7
2022-02-23,3,10,214.48
2022-02-24,3,10,200.03
2022-02-25,3,10,140.17
2022-02-26,3,10,265.67
2022-02-27,3,10,262.5
2022-02-28,3,10,169.44
2022-03-01,3,10,220.26
2022-03-02,3,10,199.18
2022-03-03,3,10,143.91
2022-03-04,3,10,224.87
2022-03-05,3,10,271.93
2022-03-06,3,10,325.45
2022-03-07,3,10,177.72
2022-03-08,3,10,197.26
2022-03-09,3,10,237.31
2022-03-10,3,10,176.66
2022-03-11,3,10,236.68
2022-03-12,3,10,309.01
2022-03-13,3,10,279.54
2022-03-14,3,10,200.47
2022-03-15,3,10,185.77
2022-03-16,3,10,183.67
2022-03-17,3,10,215.74
2022-03-18,3,10,117.27
2022-03-19,3,10,246.04
2022-03-20,3,10,240.71
2022-03-21,3,10,176.24
2022-03-22,3,10,212.86
2022-03-23,3,10,161.58
2022-03-24,3,10,244.91
2022-03-25,3,10,236.13
2022-03-26,3,10,325.32
2022-03-27,3,10,249.08
2022-03-28,3,10,214.73
2022-03-29,3,10,234.17
2022-03-30,3,10,204.53
2022-03-31,3,10,191.07
2022-04-01,3,10,208.01
2022-04-02,3,10,257.71
2022-04-03,3,10,223.39
2022-04-04,3,10,131.74
2022-04-05,3,10,176.68
2022-04-06,3,10,132.62
2022-04-07,3,10,178.65
2022-04-08,3,10,249.43
2022-04-09,3,10,193.4
2022-04-10,3,10,285.87
2022-04-11,3,10,244.04
2022-04-12,3,10,157.71
2022-04-13,3,10,262.2
2022-04-14,3,10,204.41
2022-04-15,3,10,249.13
2022-04-16,3,10,280.24
2022-04-17,3,10,250.92
2022-04-18,3,10,117.02
2022-04-19,3,10,172.98
2022-04-20,3,10,229.1
2022-04-21,3,10,256.08
2022-04-22,3,10,164.4
2022-04-23,3,10,268.58
2022-04-24,3,10,253.1
2022-04-25,3,10,221.93
2022-04-26,3,10,211.8
2022-04-27,3,10,197.55
2022-04-28,3,10,229.48
2022-04-29,3,10,187.85
2022-04-30,3,10,273.17
2022-05-01,3,10,285.49
2022-05-02,3,10,175.57
2022-05-03,3,10,186.6
2022-05-04,3,10,180.87
2022-05-05,3,10,210.97
2022-05-06,3,10,208.11
2022-05-07,3,10,237.3
2022-05-08,3,10,270.69
2022-05-09,3,10,114.64
2022-05-10,3,10,223.31
2022-05-11,3,10,225.31
2022-05-12,3,10,183.7
2022-05-13,3,10,177.92
2022-05-14,3,10,256.66
2022-05-15,3,10,223.75
2022-05-16,3,10,176.92
2022-05-17,3,10,208.9
2022-05-18,3,10,224.11
2022-05-19,3,10,209.57
2022-05-20,3,10,286.88
2022-05-21,3,10,309.28
2022-05-22,3,10,289.48
2022-05-23,3,10,221.79
2022-05-24,3,10,203.52
2022-05-25,3,10,216.31
2022-05-26,3,10,207.23
2022-05-27,3,10,233.19
2022-05-28,3,10,251.12
2022-05-29,3,10,249.24
2022-05-30,3,10,237.65
2022-05-31,3,10,188.19
2022-06-01,3,10,157.85
2022-06-02,3,10,163.42
2022-06-03,3,10,204.93
2022-06-04,3,10,335.8
2022-06-05,3,10,207.98
2022-06-06,3,10,202.6
2022-06-07,3,10,189.15
2022-06-08,3,10,216.36
2022-06-09,3,10,202.88
2022-06-10,3,10,218.45
2022-06-11,3,10,251.74
2022-06-12,3,10,211.16
2022-06-13,3,10,166.88
2022-06-14,3,10,191.91
2022-06-15,3,10,199.2
2022-06-16,3,10,175.58
2022-06-17,3,10,242.84
2022-06-18,3,10,276.89
2022-06-19,3,10,166.93
2022-06-20,3,10,183.51
2022-06-21,3,10,158.22
2022-06-22,3,10,240.83
2022-06-23,3,10,125.04
2022-06-24,3,10,199.38
2022-06-25,3,10,248.6
2022-06-26,3,10,274.12
2022-06-27,3,10,197.18
2022-06-28,3,10,246.67
2022-06-29,3,10,214.34
2022-06-30,3,10,136.57
2022-07-01,3,10,205.62
2022-07-02,3,10,227.72
2022-07-03,3,10,267.81
2022-07-04,3,10,162.18
2022-07-05,3,10,143.26
2022-07-06,3,10,138.55
2022-07-07,3,10,197.89
2022-07-08,3,10,191.28
2022-07-09,3,10,202.56
2022-07-10,3,10,133.37
2022-07-11,3,10,199.54
2022-07-12,3,10,119.03
2022-07-13,3,10,227.52
2022-07-14,3,10,134.48
2022-07-15,3,10,172.22
2022-07-16,3,10,231.32
2022-07-17,3,10,236.04
2022-07-18,3,10,180.67
2022-07-19,3,10,175.81
2022-07-20,3,10,161.34
2022-07-21,3,10,166.93
2022-07-22,3,10,155.96
2022-07-23,3,10,228.82
2022-07-24,3,10,165.88
2022-07-25,3,10,181.5
2022-07-26,3,10,170.87
2022-07-27,3,10,195.49
2022-07-28,3,10,165.81
2022-07-29,3,10,189.58
2022-07-30,3,10,244.95
2022-07-31,3,10,221.68
2022-08-01,3,10,168.6
2022-08-02,3,10,127.98
2022-08-03,3,10,192.67
2022-08-04,3,10,147.39
2022-08-05,3,10,156.36
2022-08-06,3,10,176.01
2022-08-07,3,10,185.09
2022-08-08,3,10,200.75
2022-08-09,3,10,164.52
2022-08-10,3,10,154.13
2022-08-11,3,10,154.12
2022-08-12,3,10,161.63
2022-08-13,3,10,233.01
2022-08-14,3,10,216.51
2022-08-15,3,10,167.2
2022-08-16,3,10,139.66
2022-08-17,3,10,155.09
2022-08-18,3,10,166.18
2022-08-19,3,10,161.74
2022-08-20,3,10,198.24
2022-08-21,3,10,195.49
2022-08-22,3,10,173.54
2022-08-23,3,10,174.29
2022-08-24,3,10,187.38
2022-08-25,3,10,168.09
2022-08-26,3,10,112.53
2022-08-27,3,10,287.84
2022-08-28,3,10,212.52
2022-08-29,3,10,153.75
2022-08-30,3,10,162.53
2022-08-31,3,10,154.34
2022-09-01,3,10,139.38
2022-09-02,3,10,173.69
2022-09-03,3,10,202.29
2022-09-04,3,10,204.29
2022-09-05,3,10,99.56
2022-09-06,3,10,154.12
2022-09-07,3,10,133.88
2022-09-08,3,10,147.27
2022-09-09,3,10,165.59
2022-09-10,3,10,188.92
2022-09-11,3,10,193.38
2022-09-12,3,10,162.63
2022-09-13,3,10,148.24
2022-09-14,3,10,135.14
2022-09-15,3,10,119.19
2022-09-16,3,10,168.94
2022-09-17,3,10,193.02
2022-09-18,3,10,157.08
2022-09-19,3,10,191.32
2022-09-20,3,10,169.51
2022-09-21,3,10,132.69
2022-09-22,3,10,144.5
2022-09-23,3,10,187.09
2022-09-24,3,10,204.85
2022-09-25,3,10,197.34
2022-09-26,3,10,180.35
2022-09-27,3,10,158.14
2022-09-28,3,10,192.3
2022-09-29,3,10,152.42
2022-09-30,3,10,148.69
2022-10-01,3,10,219.18
2022-10-02,3,10,250.47
2022-10-03,3,10,174.75
2022-10-04,3,10,171.2
2022-10-05,3,10,148.28
2022-10-06,3,10,144.68
2022-10-07,3,10,193.46
2022-10-08,3,10,255.15
2022-10-09,3,10,254.29
2022-10-10,3,10,189.47
2022-10-11,3,10,180.86
2022-10-12,3,10,180.61
2022-10-13,3,10,173.17
2022-10-14,3,10,184.23
2022-10-15,3,10,219.66
2022-10-16,3,10,239.77
2022-10-17,3,10,193.74
2022-10-18,3,10,138.28
2022-10-19,3,10,198.61
2022-10-20,3,10,169.21
2022-10-21,3,10,208.19
2022-10-22,3,10,264.6
2022-10-23,3,10,188.03
2022-10-24,3,10,171.24
2022-10-25,3,10,123.4
2022-10-26,3,10,161.56
2022-10-27,3,10,180.78
2022-10-28,3,10,193.57
2022-10-29,3,10,225.77
2022-10-30,3,10,238.47
2022-10-31,3,10,154.01
2022-11-01,3,10,187.0
2022-11-02,3,10,171.06
2022-11-03,3,10,195.78
2022-11-04,3,10,227.15
2022-11-05,3,10,242.45
2022-11-06,3,10,194.4
2022-11-07,3,10,193.94
2022-11-08,3,10,208.49
2022-11-09,3,10,162.7
2022-11-10,3,10,224.0
2022-11-11,3,10,172.07
2022-11-12,3,10,217.81
2022-11-13,3,10,180.32
2022-11-14,3,10,197.04
2022-11-15,3,10,241.18
2022-11-16,3,10,200.13
2022-11-17,3,10,168.93
2022-11-18,3,10,204.6
2022-11-19,3,10,276.83
2022-11-20,3,10,290.41
2022-11-21,3,10,155.14
2022-11-22,3,10,234.94
2022-11-23,3,10,196.8
2022-11-24,3,10,241.03
2022-11-25,3,10,195.44
2022-11-26,3,10,269.96
2022-11-27,3,10,213.27
2022-11-28,3,10,219.69
2022-11-29,3,10,160.62
2022-11-30,3,10,199.43
2022-12-01,3,10,199.4
2022-12-02,3,10,210.51
2022-12-03,3,10,322.71
2022-12-04,3,10,262.95
2022-12-05,3,10,249.26
2022-12-06,3,10,200.9
2022-12-07,3,10,218.33
2022-12-08,3,10,283.38
2022-12-09,3,10,218.36
2022-12-10,3,10,275.81
2022-12-11,3,10,285.05
2022-12-12,3,10,204.28
2022-12-13,3,10,182.78
2022-12-14,3,10,281.72
2022-12-15,3,10,202.27
2022-12-16,3,10,166.33
2022-12-17,3,10,273.9
2022-12-18,3,10,295.67
2022-12-19,3,10,209.31
2022-12-20,3,10,214.62
2022-12-21,3,10,211.04
2022-12-22,3,10,230.34
2022-12-23,3,10,243.3
2022-12-24,3,10,273.75
2022-12-25,3,10,391.68
2022-12-26,3,10,251.07
2022-12-27,3,10,217.14
2022-12-28,3,10,174.47
2022-12-29,3,10,221.37
2022-12-30,3,10,244.39
2022-12-31,3,10,318.26
2023-01-01,3,10,225.23
2023-01-02,3,10,244.26
2023-01-03,3,10,222.96
2023-01-04,3,10,294.46
2023-01-05,3,10,245.1
2023-01-06,3,10,158.3
2023-01-07,3,10,330.59
2023-01-08,3,10,221.81
2023-01-09,3,10,257.63
2023-01-10,3,10,335.24
2023-01-11,3,10,291.0
2023-01-12,3,10,251.25
2023-01-13,3,10,218.1
2023-01-14,3,10,375.06
2023-01-15,3,10,345.16
2023-01-16,3,10,232.86
2023-01-17,3,10,223.13
2023-01-18,3,10,209.88
2023-01-19,3,10,256.76
2023-01-20,3,10,228.06
2023-01-21,3,10,324.45
2023-01-22,3,10,360.78
2023-01-23,3,10,227.64
2023-01-24,3,10,267.58
2023-01-25,3,10,288.91
2023-01-26,3,10,258.81
2023-01-27,3,10,270.16
2023-01-28,3,10,337.29
2023-01-29,3,10,319.08
2023-01-30,3,10,275.8
2023-01-31,3,10,304.39
2023-02-01,3,10,295.27
2023-02-02,3,10,254.29
2023-02-03,3,10,255.5
2023-02-04,3,10,334.3
2023-02-05,3,10,389.69
2023-02-06,3,10,241.91
2023-02-07,3,10,222.45
2023-02-08,3,10,281.52
2023-02-09,3,10,264.06
2023-02-10,3,10,321.92
2023-02-11,3,10,226.67
2023-02-12,3,10,353.61
2023-02-13,3,10,247.97
2023-02-14,3,10,296.25
2023-02-15,3,10,253.23
2023-02-16,3,10,241.66
2023-02-17,3,10,301.87
2023-02-18,3,10,410.43
2023-02-19,3,10,339.56
2023-02-20,3,10,262.15
2023-02-21,3,10,316.05
2023-02-22,3,10,311.82
2023-02-23,3,10,306.96
2023-02-24,3,10,249.95
2023-02-25,3,10,311.89
2023-02-26,3,10,431.33
2023-02-27,3,10,290.96
2023-02-28,3,10,237.1
2023-03-01,3,10,268.7
2023-03-02,3,10,276.73
2023-03-03,3,10,269.11
2023-03-04,3,10,340.13
2023-03-05,3,10,421.68
2023-03-06,3,10,295.73
2023-03-07,3,10,366.89
2023-03-08,3,10,327.3
2023-03-09,3,10,280.2
2023-03-10,3,10,333.19
2023-03-11,3,10,376.38
2023-03-12,3,10,487.47
2023-03-13,3,10,262.35
2023-03-14,3,10,294.27
2023-03-15,3,10,250.89
2023-03-16,3,10,260.16
2023-03-17,3,10,261.98
2023-03-18,3,10,425.82
2023-03-19,3,10,370.68
2023-03-20,3,10,174.64
2023-03-21,3,10,280.78
2023-03-22,3,10,236.61
2023-03-23,3,10,258.95
2023-03-24,3,10,325.35
2023-03-25,3,10,288.22
2023-03-26,3,10,294.66
2023-03-27,3,10,208.79
2023-03-28,3,10,262.06
2023-03-29,3,10,207.86
2023-03-30,3,10,211.51
2023-03-31,3,10,269.2
2023-04-01,3,10,371.29
2023-04-02,3,10,306.35
2023-04-03,3,10,287.94
2023-04-04,3,10,277.87
2023-04-05,3,10,295.68
2023-04-06,3,10,230.98
2023-04-07,3,10,355.4
2023-04-08,3,10,295.41
2023-04-09,3,10,323.1
2023-04-10,3,10,295.66
2023-04-11,3,10,279.5
2023-04-12,3,10,309.75
2023-04-13,3,10,262.23
2023-04-14,3,10,224.56
2023-04-15,3,10,276.11
2023-04-16,3,10,453.89
2023-04-17,3,10,263.24
2023-04-18,3,10,269.03
2023-04-19,3,10,350.76
2023-04-20,3,10,255.93
2023-04-21,3,10,277.52
2023-04-22,3,10,304.0
2023-04-23,3,10,289.1
2023-04-24,3,10,355.62
2023-04-25,3,10,356.44
2023-04-26,3,10,319.95
2023-04-27,3,10,318.77
2023-04-28,3,10,309.27
2023-04-29,3,10,321.34
2023-04-30,3,10,377.44
2023-05-01,3,10,241.3
2023-05-02,3,10,159.73
2023-05-03,3,10,305.26
2023-05-04,3,10,283.31
2023-05-05,3,10,210.01
2023-05-06,3,10,322.07
2023-05-07,3,10,394.47
2023-05-08,3,10,267.44
2023-05-09,3,10,195.56
2023-05-10,3,10,214.82
2023-05-11,3,10,335.99
2023-05-12,3,10,265.55
2023-05-13,3,10,396.38
2023-05-14,3,10,436.69
2023-05-15,3,10,245.35
2023-05-16,3,10,277.58
2023-05-17,3,10,186.0
2023-05-18,3,10,239.97
2023-05-19,3,10,287.0
2023-05-20,3,10,333.77
2023-05-21,3,10,367.21
2023-05-22,3,10,301.64
2023-05-23,3,10,287.15
2023-05-24,3,10,278.22
2023-05-25,3,10,272.83
2023-05-26,3,10,242.8
2023-05-27,3,10,297.43
2023-05-28,3,10,415.75
2023-05-29,3,10,297.55
2023-05-30,3,10,234.62
2023-05-31,3,10,268.86
2023-06-01,3,10,191.67
2023-06-02,3,10,225.03
2023-06-03,3,10,340.68
2023-06-04,3,10,327.86
2023-06-05,3,10,247.1
2023-06-06,3,10,210.83
2023-06-07,3,10,203.57
2023-06-08,3,10,278.04
2023-06-09,3,10,305.39
2023-06-10,3,10,342.92
2023-06-11,3,10,308.81
2023-06-12,3,10,288.84
2023-06-13,3,10,213.32
2023-06-14,3,10,282.92
2023-06-15,3,10,222.6
2023-06-16,3,10,224.55
2023-06-17,3,10,302.36
2023-06-18,3,10,313.62
2023-06-19,3,10,278.76
2023-06-20,3,10,197.29
2023-06-21,3,10,223.19
2023-06-22,3,10,253.33
2023-06-23,3,10,266.33
2023-06-24,3,10,237.94
2023-06-25,3,10,281.98
2023-06-26,3,10,181.65
2023-06-27,3,10,220.55
2023-06-28,3,10,230.39
2023-06-29,3,10,265.33
2023-06-30,3,10,162.04
2023-07-01,3,10,317.36
2023-07-02,3,10,267.13
2023-07-03,3,10,211.24
2023-07-04,3,10,255.22
2023-07-05,3,10,267.88
2023-07-06,3,10,201.14
2023-07-07,3,10,201.04
2023-07-08,3,10,274.92
2023-07-09,3,10,261.48
2023-07-10,3,10,175.49
2023-07-11,3,10,222.72
2023-07-12,3,10,201.75
2023-07-13,3,10,227.35
2023-07-14,3,10,281.67
2023-07-15,3,10,287.03
2023-07-16,3,10,258.76
2023-07-17,3,10,215.46
2023-07-18,3,10,229.12
2023-07-19,3,10,219.34
2023-07-20,3,10,206.07
2023-07-21,3,10,169.25
2023-07-22,3,10,320.81
2023-07-23,3,10,253.87
2023-07-24,3,10,275.14
2023-07-25,3,10,213.29
2023-07-26,3,10,208.43
2023-07-27,3,10,210.09
2023-07-28,3,10,231.32
2023-07-29,3,10,256.03
2023-07-30,3,10,264.64
2023-07-31,3,10,247.81
2023-08-01,3,10,176.54
2023-08-02,3,10,225.62
2023-08-03,3,10,234.5
2023-08-04,3,10,229.65
2023-08-05,3,10,281.05
2023-08-06,3,10,198.18
2023-08-07,3,10,171.16
2023-08-08,3,10,166.73
2023-08-09,3,10,197.52
2023-08-10,3,10,210.52
2023-08-11,3,10,172.21
2023-08-12,3,10,265.68
2023-08-13,3,10,300.92
2023-08-14,3,10,178.6
2023-08-15,3,10,184.39
2023-08-16,3,10,247.59
2023-08-17,3,10,181.19
2023-08-18,3,10,221.41
2023-08-19,3,10,324.87
2023-08-20,3,10,225.54
2023-08-21,3,10,175.97
2023-08-22,3,10,203.79
2023-08-23,3,10,213.4
2023-08-24,3,10,191.04
2023-08-25,3,10,274.06
2023-08-26,3,10,297.38
2023-08-27,3,10,242.1
2023-08-28,3,10,168.49
2023-08-29,3,10,210.04
2023-08-30,3,10,226.15
2023-08-31,3,10,270.92
2023-09-01,3,10,207.9
2023-09-02,3,10,257.65
2023-09-03,3,10,228.36
2023-09-04,3,10,217.38
2023-09-05,3,10,237.5
2023-09-06,3,10,150.91
2023-09-07,3,10,208.64
2023-09-08,3,10,174.86
2023-09-09,3,10,213.87
2023-09-10,3,10,337.0
2023-09-11,3,10,234.37
2023-09-12,3,10,188.14
2023-09-13,3,10,202.08
2023-09-14,3,10,197.36
2023-09-15,3,10,172.34
2023-09-16,3,10,247.84
2023-09-17,3,10,301.62
2023-09-18,3,10,190.1
2023-09-19,3,10,222.33
2023-09-20,3,10,190.58
2023-09-21,3,10,171.15
2023-09-22,3,10,245.55
2023-09-23,3,10,184.32
2023-09-24,3,10,343.62
2023-09-25,3,10,239.86
2023-09-26,3,10,214.48
2023-09-27,3,10,194.91
2023-09-28,3,10,197.47
2023-09-29,3,10,215.49
2023-09-30,3,10,279.59
2023-10-01,3,10,240.85
2023-10-02,3,10,218.74
2023-10-03,3,10,225.08
2023-10-04,3,10,207.03
2023-10-05,3,10,289.8
2023-10-06,3,10,212.71
2023-10-07,3,10,207.67
2023-10-08,3,10,239.71
2023-10-09,3,10,240.41
2023-10-10,3,10,194.02
2023-10-11,3,10,185.27
2023-10-12,3,10,263.46
2023-10-13,3,10,223.54
2023-10-14,3,10,257.99
2023-10-15,3,10,165.9
2023-10-16,3,10,238.71
2023-10-17,3,10,219.03
2023-10-18,3,10,261.31
2023-10-19,3,10,182.86
2023-10-20,3,10,206.66
2023-10-21,3,10,297.52
2023-10-22,3,10,338.62
2023-10-23,3,10,227.82
2023-10-24,3,10,196.16
2023-10-25,3,10,262.32
2023-10-26,3,10,209.42
2023-10-27,3,10,225.78
2023-10-28,3,10,318.17
2023-10-29,3,10,353.23
2023-10-30,3,10,232.42
2023-10-31,3,10,305.89
2023-11-01,3,10,236.8
2023-11-02,3,10,250.75
2023-11-03,3,10,218.01
2023-11-04,3,10,327.72
2023-11-05,3,10,326.72
2023-11-06,3,10,278.51
2023-11-07,3,10,256.95
2023-11-08,3,10,221.97
2023-11-09,3,10,250.45
2023-11-10,3,10,216.98
2023-11-11,3,10,339.78
2023-11-12,3,10,287.75
2023-11-13,3,10,191.06
2023-11-14,3,10,200.89
2023-11-15,3,10,199.38
2023-11-16,3,10,223.0
2023-11-17,3,10,211.53
2023-11-18,3,10,314.17
2023-11-19,3,10,296.85
2023-11-20,3,10,261.55
2023-11-21,3,10,256.85
2023-11-22,3,10,231.24
2023-11-23,3,10,288.51
2023-11-24,3,10,209.52
2023-11-25,3,10,364.3
2023-11-26,3,10,324.13
2023-11-27,3,10,229.34
2023-11-28,3,10,285.23
2023-11-29,3,10,264.45
2023-11-30,3,10,204.8
2023-12-01,3,10,286.31
2023-12-02,3,10,372.37
2023-12-03,3,10,406.75
2023-12-04,3,10,295.85
2023-12-05,3,10,298.94
2023-12-06,3,10,254.26
2023-12-07,3,10,263.88
2023-12-08,3,10,262.3
2023-12-09,3,10,269.56
2023-12-10,3,10,423.28
2023-12-11,3,10,227.24
2023-12-12,3,10,284.26
2023-12-13,3,10,259.83
2023-12-14,3,10,263.78
2023-12-15,3,10,301.55
2023-12-16,3,10,314.38
2023-12-17,3,10,380.66
2023-12-18,3,10,293.38
2023-12-19,3,10,242.45
2023-12-20,3,10,312.05
2023-12-21,3,10,331.03
2023-12-22,3,10,358.32
2023-12-23,3,10,343.45
2023-12-24,3,10,367.97
2023-12-25,3,10,285.74
2023-12-26,3,10,303.0
2023-12-27,3,10,347.94
2023-12-28,3,10,295.94
2023-12-29,3,10,297.24
2023-12-30,3,10,300.02
2023-12-31,3,10,469.54
2022-01-01,4,1,212.27
2022-01-02,4,1,137.52
2022-01-03,4,1,116.04
2022-01-04,4,1,184.95
2022-01-05,4,1,142.81
2022-01-06,4,1,178.13
2022-01-07,4,1,137.22
2022-01-08,4,1,240.7
2022-01-09,4,1,249.9
2022-01-10,4,1,182.08
2022-01-11,4,1,159.03
2022-01-12,4,1,201.18
2022-01-13,4,1,167.27
2022-01-14,4,1,173.07
2022-01-15,4,1,214.05
2022-01-16,4,1,222.67
2022-01-17,4,1,228.77
2022-01-18,4,1,178.68
2022-01-19,4,1,144.9
2022-01-20,4,1,153.38
2022-01-21,4,1,171.91
2022-01-22,4,1,205.55
2022-01-23,4,1,266.87
2022-01-24,4,1,141.64
2022-01-25,4,1,176.83
2022-01-26,4,1,207.54
2022-01-27,4,1,163.34
2022-01-28,4,1,192.46
2022-01-29,4,1,233.55
2022-01-30,4,1,234.08
2022-01-31,4,1,195.0
2022-02-01,4,1,139.43
2022-02-02,4,1,228.45
2022-02-03,4,1,138.59
2022-02-04,4,1,226.94
2022-02-05,4,1,268.74
2022-02-06,4,1,270.48
2022-02-07,4,1,241.56
2022-02-08,4,1,229.2
2022-02-09,4,1,218.63
2022-02-10,4,1,186.41
2022-02-11,4,1,184.65
2022-02-12,4,1,286.08
2022-02-13,4,1,271.53
2022-02-14,4,1,204.62
2022-02-15,4,1,194.29
2022-02-16,4,1,184.15
2022-02-17,4,1,155.4
2022-02-18,4,1,215.49
2022-02-19,4,1,248.75
2022-02-20,4,1,246.5
2022-02-21,4,1,143.5
2022-02-22,4,1,200.02
2022-02-23,4,1,157.08
2022-02-24,4,1,184.76
2022-02-25,4,1,221.36
2022-02-26,4,1,259.87
2022-02-27,4,1,253.6
2022-02-28,4,1,176.77
2022-03-01,4,1,186.44
2022-03-02,4,1,251.66
2022-03-03,4,1,227.31
2022-03-04,4,1,189.58
2022-03-05,4,1,260.86
2022-03-06,4,1,275.15
2022-03-07,4,1,217.7
2022-03-08,4,1,203.72
2022-03-09,4,1,150.31
2022-03-10,4,1,203.88
2022-03-11,4,1,202.19
2022-03-12,4,1,349.13
2022-03-13,4,1,374.87
2022-03-14,4,1,225.42
2022-03-15,4,1,184.9
2022-03-16,4,1,226.98
2022-03-17,4,1,153.66
2022-03-18,4,1,189.89
2022-03-19,4,1,203.03
2022-03-20,4,1,290.99
2022-03-21,4,1,169.37
2022-03-22,4,1,198.23
2022-03-23,4,1,205.97
2022-03-24,4,1,206.63
2022-03-25,4,1,192.99
2022-03-26,4,1,283.94
2022-03-27,4,1,219.64
2022-03-28,4,1,262.64
2022-03-29,4,1,176.15
2022-03-30,4,1,209.93
2022-03-31,4,1,228.46
2022-04-01,4,1,225.33
2022-04-02,4,1,296.9
2022-04-03,4,1,202.61
2022-04-04,4,1,176.76
2022-04-05,4,1,209.33
2022-04-06,4,1,220.16
2022-04-07,4,1,244.28
2022-04-08,4,1,189.85
2022-04-09,4,1,231.33
2022-04-10,4,1,245.94
2022-04-11,4,1,276.18
2022-04-12,4,1,252.93
2022-04-13,4,1,201.4
2022-04-14,4,1,246.7
2022-04-15,4,1,189.25
2022-04-16,4,1,307.94
2022-04-17,4,1,213.85
2022-04-18,4,1,218.69
2022-04-19,4,1,239.55
2022-04-20,4,1,197.77
2022-04-21,4,1,227.3
2022-04-22,4,1,190.79
2022-04-23,4,1,283.42
2022-04-24,4,1,251.73
2022-04-25,4,1,234.57
2022-04-26,4,1,169.43
2022-04-27,4,1,177.41
2022-04-28,4,1,250.49
2022-04-29,4,1,132.31
2022-04-30,4,1,246.56
2022-05-01,4,1,250.54
2022-05-02,4,1,207.53
2022-05-03,4,1,183.13
2022-05-04,4,1,164.11
2022-05-05,4,1,233.97
2022-05-06,4,1,229.05
2022-05-07,4,1,242.72
2022-05-08,4,1,188.41
2022-05-09,4,1,207.43
2022-05-10,4,1,203.91
2022-05-11,4,1,178.8
2022-05-12,4,1,140.54
2022-05-13,4,1,190.92
2022-05-14,4,1,288.74
2022-05-15,4,1,294.85
2022-05-16,4,1,198.23
2022-05-17,4,1,181.05
2022-05-18,4,1,221.93
2022-05-19,4,1,165.96
2022-05-20,4,1,159.56
2022-05-21,4,1,257.11
2022-05-22,4,1,321.29
2022-05-23,4,1,248.49
2022-05-24,4,1,161.24
2022-05-25,4,1,187.95
2022-05-26,4,1,274.81
2022-05-27,4,1,180.68
2022-05-28,4,1,325.86
2022-05-29,4,1,300.81
2022-05-30,4,1,238.1
2022-05-31,4,1,188.67
2022-06-01,4,1,172.49
2022-06-02,4,1,158.98
2022-06-03,4,1,206.38
2022-06-04,4,1,180.93
2022-06-05,4,1,234.11
2022-06-06,4,1,230.07
2022-06-07,4,1,201.42
2022-06-08,4,1,212.93
2022-06-09,4,1,139.57
2022-06-10,4,1,157.76
2022-06-11,4,1,284.09
2022-06-12,4,1,246.01
2022-06-13,4,1,156.9
2022-06-14,4,1,203.53
2022-06-15,4,1,171.31
2022-06-16,4,1,257.31
2022-06-17,4,1,203.29
2022-06-18,4,1,209.11
2022-06-19,4,1,275.01
2022-06-20,4,1,232.31
2022-06-21,4,1,187.0
2022-06-22,4,1,165.75
2022-06-23,4,1,188.74
2022-06-24,4,1,170.4
2022-06-25,4,1,234.69
2022-06-26,4,1,193.45
2022-06-27,4,1,212.83
2022-06-28,4,1,155.83
2022-06-29,4,1,205.64
2022-06-30,4,1,180.0
2022-07-01,4,1,175.57
2022-07-02,4,1,205.31
2022-07-03,4,1,227.74
2022-07-04,4,1,181.38
2022-07-05,4,1,161.5
2022-07-06,4,1,126.35
2022-07-07,4,1,179.39
2022-07-08,4,1,180.92
2022-07-09,4,1,174.57
2022-07-10,4,1,189.79
2022-07-11,4,1,162.39
2022-07-12,4,1,112.45
2022-07-13,4,1,189.84
2022-07-14,4,1,159.17
2022-07-15,4,1,179.35
2022-07-16,4,1,188.03
2022-07-17,4,1,291.59
2022-07-18,4,1,135.61
2022-07-19,4,1,159.58
2022-07-20,4,1,203.67
2022-07-21,4,1,142.98
2022-07-22,4,1,175.27
2022-07-23,4,1,246.13
2022-07-24,4,1,174.28
2022-07-25,4,1,155.96
2022-07-26,4,1,178.44
2022-07-27,4,1,185.44
2022-07-28,4,1,152.34
2022-07-29,4,1,221.94
2022-07-30,4,1,242.61
2022-07-31,4,1,252.85
2022-08-01,4,1,177.42
2022-08-02,4,1,122.71
2022-08-03,4,1,157.67
2022-08-04,4,1,160.17
2022-08-05,4,1,154.57
2022-08-06,4,1,215.59
2022-08-07,4,1,143.11
2022-08-08,4,1,164.19
2022-08-09,4,1,153.89
2022-08-10,4,1,110.14
2022-08-11,4,1,171.72
2022-08-12,4,1,132.99
2022-08-13,4,1,198.28
2022-08-14,4,1,202.42
2022-08-15,4,1,117.15
2022-08-16,4,1,119.97
2022-08-17,4,1,175.56
2022-08-18,4,1,147.71
2022-08-19,4,1,152.97
2022-08-20,4,1,213.79
2022-08-21,4,1,155.84
2022-08-22,4,1,152.98
2022-08-23,4,1,160.37
2022-08-24,4,1,206.41
2022-08-25,4,1,140.79
2022-08-26,4,1,182.82
2022-08-27,4,1,212.63
2022-08-28,4,1,176.6
2022-08-29,4,1,148.31
2022-08-30,4,1,185.31
2022-08-31,4,1,183.26
2022-09-01,4,1,146.54
2022-09-02,4,1,167.27
2022-09-03,4,1,174.76
2022-09-04,4,1,201.64
2022-09-05,4,1,149.18
2022-09-06,4,1,181.89
2022-09-07,4,1,170.8
2022-09-08,4,1,143.63
2022-09-09,4,1,146.13
2022-09-10,4,1,207.21
2022-09-11,4,1,203.25
2022-09-12,4,1,153.63
2022-09-13,4,1,152.0
2022-09-14,4,1,193.83
2022-09-15,4,1,149.84
2022-09-16,4,1,168.1
2022-09-17,4,1,285.34
2022-09-18,4,1,182.86
2022-09-19,4,1,165.91
2022-09-20,4,1,167.29
2022-09-21,4,1,161.23
2022-09-22,4,1,162.62
2022-09-23,4,1,140.43
2022-09-24,4,1,221.78
2022-09-25,4,1,152.57
2022-09-26,4,1,205.86
2022-09-27,4,1,203.96
2022-09-28,4,1,154.38
2022-09-29,4,1,188.16
2022-09-30,4,1,155.49
2022-10-01,4,1,219.02
2022-10-02,4,1,196.52
2022-10-03,4,1,189.21
2022-10-04,4,1,153.92
2022-10-05,4,1,188.63
2022-10-06,4,1,167.83
2022-10-07,4,1,168.59
2022-10-08,4,1,170.71
2022-10-09,4,1,222.05
2022-10-10,4,1,140.3
2022-10-11,4,1,171.12
2022-10-12,4,1,219.06
2022-10-13,4,1,134.42
2022-10-14,4,1,166.2
2022-10-15,4,1,200.03
2022-10-16,4,1,186.75
2022-10-17,4,1,150.13
2022-10-18,4,1,208.09
2022-10-19,4,1,215.05
2022-10-20,4,1,143.94
2022-10-21,4,1,181.15
2022-10-22,4,1,191.66
2022-10-23,4,1,199.84
2022-10-24,4,1,118.62
2022-10-25,4,1,226.21
2022-10-26,4,1,199.79
2022-10-27,4,1,154.89
2022-10-28,4,1,179.14
2022-10-29,4,1,210.1
2022-10-30,4,1,255.42
2022-10-31,4,1,163.38
2022-11-01,4,1,182.1
2022-11-02,4,1,169.09
2022-11-03,4,1,204.89
2022-11-04,4,1,250.33
2022-11-05,4,1,234.18
2022-11-06,4,1,233.94
2022-11-07,4,1,187.74
2022-11-08,4,1,195.95
2022-11-09,4,1,180.27
2022-11-10,4,1,177.77
2022-11-11,4,1,191.36
2022-11-12,4,1,181.33
2022-11-13,4,1,225.9
2022-11-14,4,1,132.59
2022-11-15,4,1,175.59
2022-11-16,4,1,162.75
2022-11-17,4,1,207.75
2022-11-18,4,1,169.07
2022-11-19,4,1,233.67
2022-11-20,4,1,167.7
2022-11-21,4,1,219.67
2022-11-22,4,1,159.54
2022-11-23,4,1,176.94
2022-11-24,4,1,213.17
2022-11-25,4,1,213.44
2022-11-26,4,1,207.12
2022-11-27,4,1,268.38
2022-11-28,4,1,158.48
2022-11-29,4,1,198.29
2022-11-30,4,1,169.2
2022-12-01,4,1,180.76
2022-12-02,4,1,214.51
2022-12-03,4,1,247.48
2022-12-04,4,1,361.93
2022-12-05,4,1,194.04
2022-12-06,4,1,175.76
2022-12-07,4,1,185.3
2022-12-08,4,1,213.78
2022-12-09,4,1,218.11
2022-12-10,4,1,292.02
2022-12-11,4,1,317.45
2022-12-12,4,1,161.1
2022-12-13,4,1,246.03
2022-12-14,4,1,185.79
2022-12-15,4,1,228.44
2022-12-16,4,1,271.29
2022-12-17,4,1,246.93
2022-12-18,4,1,245.37
2022-12-19,4,1,182.9
2022-12-20,4,1,205.3
2022-12-21,4,1,257.5
2022-12-22,4,1,180.38
2022-12-23,4,1,200.69
2022-12-24,4,1,323.24
2022-12-25,4,1,308.59
2022-12-26,4,1,200.94
2022-12-27,4,1,210.5
2022-12-28,4,1,247.42
2022-12-29,4,1,269.35
2022-12-30,4,1,273.45
2022-12-31,4,1,342.08
2023-01-01,4,1,280.64
2023-01-02,4,1,305.69
2023-01-03,4,1,213.71
2023-01-04,4,1,180.95
2023-01-05,4,1,244.76
2023-01-06,4,1,294.21
2023-01-07,4,1,344.56
2023-01-08,4,1,310.13
2023-01-09,4,1,251.95
2023-01-10,4,1,260.86
2023-01-11,4,1,247.11
2023-01-12,4,1,231.21
2023-01-13,4,1,215.21
2023-01-14,4,1,320.27
2023-01-15,4,1,309.4
2023-01-16,4,1,242.76
2023-01-17,4,1,280.91
2023-01-18,4,1,233.96
2023-01-19,4,1,235.57
2023-01-20,4,1,250.27
2023-01-21,4,1,441.25
2023-01-22,4,1,264.91
2023-01-23,4,1,283.8
2023-01-24,4,1,233.09
2023-01-25,4,1,241.98
2023-01-26,4,1,196.29
2023-01-27,4,1,313.55
2023-01-28,4,1,328.79
2023-01-29,4,1,349.86
2023-01-30,4,1,189.99
2023-01-31,4,1,221.64
2023-02-01,4,1,277.98
2023-02-02,4,1,255.64
2023-02-03,4,1,279.72
2023-02-04,4,1,448.62
2023-02-05,4,1,367.12
2023-02-06,4,1,245.03
2023-02-07,4,1,237.22
2023-02-08,4,1,232.89
2023-02-09,4,1,246.39
2023-02-10,4,1,248.23
2023-02-11,4,1,348.87
2023-02-12,4,1,370.18
2023-02-13,4,1,281.28
2023-02-14,4,1,269.45
2023-02-15,4,1,272.38
2023-02-16,4,1,365.23
2023-02-17,4,1,236.09
2023-02-18,4,1,342.56
2023-02-19,4,1,252.39
2023-02-20,4,1,250.1
2023-02-21,4,1,229.73
2023-02-22,4,1,236.63
2023-02-23,4,1,218.61
2023-02-24,4,1,212.13
2023-02-25,4,1,352.52
2023-02-26,4,1,383.32
2023-02-27,4,1,235.8
2023-02-28,4,1,185.68
2023-03-01,4,1,277.68
2023-03-02,4,1,292.57
2023-03-03,4,1,301.16
2023-03-04,4,1,301.31
2023-03-05,4,1,323.7
2023-03-06,4,1,228.46
2023-03-07,4,1,243.87
2023-03-08,4,1,241.96
2023-03-09,4,1,253.66
2023-03-10,4,1,264.49
2023-03-11,4,1,363.71
2023-03-12,4,1,312.43
2023-03-13,4,1,269.66
2023-03-14,4,1,238.13
2023-03-15,4,1,203.2
2023-03-16,4,1,298.39
2023-03-17,4,1,248.74
2023-03-18,4,1,265.9
2023-03-19,4,1,389.79
2023-03-20,4,1,266.36
2023-03-21,4,1,295.78
2023-03-22,4,1,294.55
2023-03-23,4,1,231.82
2023-03-24,4,1,316.28
2023-03-25,4,1,261.8
2023-03-26,4,1,339.78
2023-03-27,4,1,258.79
2023-03-28,4,1,245.89
2023-03-29,4,1,329.72
2023-03-30,4,1,291.29
2023-03-31,4,1,219.98
2023-04-01,4,1,287.48
2023-04-02,4,1,469.64
2023-04-03,4,1,253.68
2023-04-04,4,1,240.76
2023-04-05,4,1,321.05
2023-04-06,4,1,200.8
2023-04-07,4,1,330.97
2023-04-08,4,1,313.75
2023-04-09,4,1,384.19
2023-04-10,4,1,254.81
2023-04-11,4,1,209.84
2023-04-12,4,1,282.27
2023-04-13,4,1,314.21
2023-04-14,4,1,178.31
2023-04-15,4,1,296.03
2023-04-16,4,1,424.9
2023-04-17,4,1,292.3
2023-04-18,4,1,295.24
2023-04-19,4,1,314.79
2023-04-20,4,1,295.81
2023-04-21,4,1,282.71
2023-04-22,4,1,420.06
2023-04-23,4,1,338.99
2023-04-24,4,1,276.47
2023-04-25,4,1,311.7
2023-04-26,4,1,245.69
2023-04-27,4,1,337.08
2023-04-28,4,1,290.05
2023-04-29,4,1,299.22
2023-04-30,4,1,351.26
2023-05-01,4,1,206.82
2023-05-02,4,1,264.64
2023-05-03,4,1,246.59
2023-05-04,4,1,227.69
2023-05-05,4,1,191.89
2023-05-06,4,1,300.12
2023-05-07,4,1,331.56
2023-05-08,4,1,247.69
2023-05-09,4,1,206.58
2023-05-10,4,1,263.52
2023-05-11,4,1,224.0
2023-05-12,4,1,299.4
2023-05-13,4,1,397.04
2023-05-14,4,1,329.19
2023-05-15,4,1,325.87
2023-05-16,4,1,258.16
2023-05-17,4,1,212.43
2023-05-18,4,1,311.03
2023-05-19,4,1,328.24
2023-05-20,4,1,395.05
2023-05-21,4,1,304.58
2023-05-22,4,1,215.72
2023-05-23,4,1,251.04
2023-05-24,4,1,363.63
2023-05-25,4,1,218.48
2023-05-26,4,1,298.18
2023-05-27,4,1,340.57
2023-05-28,4,1,394.54
2023-05-29,4,1,215.74
2023-05-30,4,1,256.23
2023-05-31,4,1,230.49
2023-06-01,4,1,211.74
2023-06-02,4,1,269.27
2023-06-03,4,1,262.48
2023-06-04,4,1,329.35
2023-06-05,4,1,244.99
2023-06-06,4,1,208.33
2023-06-07,4,1,216.35
2023-06-08,4,1,255.63
2023-06-09,4,1,242.67
2023-06-10,4,1,318.7
2023-06-11,4,1,306.02
2023-06-12,4,1,233.19
2023-06-13,4,1,243.44
2023-06-14,4,1,297.15
2023-06-15,4,1,263.96
2023-06-16,4,1,239.91
2023-06-17,4,1,266.67
2023-06-18,4,1,298.52
2023-06-19,4,1,211.35
2023-06-20,4,1,216.03
2023-06-21,4,1,176.63
2023-06-22,4,1,245.25
2023-06-23,4,1,322.08
2023-06-24,4,1,329.2
2023-06-25,4,1,354.91
2023-06-26,4,1,281.77
2023-06-27,4,1,235.87
2023-06-28,4,1,238.5
2023-06-29,4,1,195.09
2023-06-30,4,1,254.24
2023-07-01,4,1,291.54
2023-07-02,4,1,252.15
2023-07-03,4,1,261.05
2023-07-04,4,1,196.87
2023-07-05,4,1,318.21
2023-07-06,4,1,236.62
2023-07-07,4,1,222.53
2023-07-08,4,1,374.89
2023-07-09,4,1,191.09
2023-07-10,4,1,214.09
2023-07-11,4,1,209.28
2023-07-12,4,1,217.89
2023-07-13,4,1,231.73
2023-07-14,4,1,217.18
2023-07-15,4,1,353.04
2023-07-16,4,1,310.99
2023-07-17,4,1,241.01
2023-07-18,4,1,240.44
2023-07-19,4,1,181.51
2023-07-20,4,1,231.95
2023-07-21,4,1,233.27
2023-07-22,4,1,243.62
2023-07-23,4,1,332.2
2023-07-24,4,1,156.73
2023-07-25,4,1,311.21
2023-07-26,4,1,224.72
2023-07-27,4,1,197.12
2023-07-28,4,1,247.25
2023-07-29,4,1,322.0
2023-07-30,4,1,384.94
2023-07-31,4,1,287.32
2023-08-01,4,1,166.83
2023-08-02,4,1,200.09
2023-08-03,4,1,180.2
2023-08-04,4,1,232.05
2023-08-05,4,1,329.26
2023-08-06,4,1,218.11
2023-08-07,4,1,207.21
2023-08-08,4,1,189.49
2023-08-09,4,1,235.99
2023-08-10,4,1,222.47
2023-08-11,4,1,246.72
2023-08-12,4,1,255.59
2023-08-13,4,1,268.21
2023-08-14,4,1,222.54
2023-08-15,4,1,201.71
2023-08-16,4,1,219.82
2023-08-17,4,1,250.63
2023-08-18,4,1,278.07
2023-08-19,4,1,253.95
2023-08-20,4,1,362.52
2023-08-21,4,1,195.15
2023-08-22,4,1,238.71
2023-08-23,4,1,195.64
2023-08-24,4,1,178.79
2023-08-25,4,1,250.38
2023-08-26,4,1,273.19
2023-08-27,4,1,328.43
2023-08-28,4,1,235.88
2023-08-29,4,1,225.19
2023-08-30,4,1,229.78
2023-08-31,4,1,247.05
2023-09-01,4,1,234.19
2023-09-02,4,1,251.24
2023-09-03,4,1,284.61
2023-09-04,4,1,252.37
2023-09-05,4,1,207.53
2023-09-06,4,1,190.97
2023-09-07,4,1,187.15
2023-09-08,4,1,232.81
2023-09-09,4,1,258.94
2023-09-10,4,1,283.4
2023-09-11,4,1,197.95
2023-09-12,4,1,243.48
2023-09-13,4,1,211.82
2023-09-14,4,1,251.68
2023-09-15,4,1,250.7
2023-09-16,4,1,266.23
2023-09-17,4,1,323.95
2023-09-18,4,1,197.26
2023-09-19,4,1,216.22
2023-09-20,4,1,183.71
2023-09-21,4,1,226.71
2023-09-22,4,1,217.71
2023-09-23,4,1,291.86
2023-09-24,4,1,215.81
2023-09-25,4,1,146.41
2023-09-26,4,1,173.34
2023-09-27,4,1,224.58
2023-09-28,4,1,230.19
2023-09-29,4,1,244.63
2023-09-30,4,1,255.61
2023-10-01,4,1,290.21
2023-10-02,4,1,193.82
2023-10-03,4,1,261.18
2023-10-04,4,1,193.79
2023-10-05,4,1,255.36
2023-10-06,4,1,208.94
2023-10-07,4,1,349.17
2023-10-08,4,1,290.36
2023-10-09,4,1,222.78
2023-10-10,4,1,193.04
2023-10-11,4,1,288.58
2023-10-12,4,1,250.31
2023-10-13,4,1,234.8
2023-10-14,4,1,293.83
2023-10-15,4,1,255.68
2023-10-16,4,1,240.51
2023-10-17,4,1,216.39
2023-10-18,4,1,220.6
2023-10-19,4,1,248.09
2023-10-20,4,1,228.32
2023-10-21,4,1,285.62
2023-10-22,4,1,346.39
2023-10-23,4,1,192.43
2023-10-24,4,1,165.02
2023-10-25,4,1,193.41
2023-10-26,4,1,224.78
2023-10-27,4,1,242.81
2023-10-28,4,1,254.12
2023-10-29,4,1,444.53
2023-10-30,4,1,226.32
2023-10-31,4,1,225.45
2023-11-01,4,1,193.65
2023-11-02,4,1,188.24
2023-11-03,4,1,176.09
2023-11-04,4,1,377.0
2023-11-05,4,1,369.77
2023-11-06,4,1,240.76
2023-11-07,4,1,197.04
2023-11-08,4,1,231.06
2023-11-09,4,1,292.68
2023-11-10,4,1,223.13
2023-11-11,4,1,271.5
2023-11-12,4,1,296.22
2023-11-13,4,1,231.2
2023-11-14,4,1,268.75
2023-11-15,4,1,161.95
2023-11-16,4,1,248.4
2023-11-17,4,1,217.06
2023-11-18,4,1,289.97
2023-11-19,4,1,351.19
2023-11-20,4,1,195.41
2023-11-21,4,1,249.53
2023-11-22,4,1,260.66
2023-11-23,4,1,264.41
2023-11-24,4,1,269.21
2023-11-25,4,1,343.77
2023-11-26,4,1,350.97
2023-11-27,4,1,211.62
2023-11-28,4,1,293.95
2023-11-29,4,1,200.74
2023-11-30,4,1,257.83
2023-12-01,4,1,243.83
2023-12-02,4,1,262.22
2023-12-03,4,1,323.22
2023-12-04,4,1,267.21
2023-12-05,4,1,328.83
2023-12-06,4,1,346.7
2023-12-07,4,1,267.22
2023-12-08,4,1,215.87
2023-12-09,4,1,285.2
2023-12-10,4,1,395.99
2023-12-11,4,1,302.18
2023-12-12,4,1,248.42
2023-12-13,4,1,225.31
2023-12-14,4,1,314.37
2023-12-15,4,1,223.37
2023-12-16,4,1,332.41
2023-12-17,4,1,381.67
2023-12-18,4,1,191.96
2023-12-19,4,1,313.69
2023-12-20,4,1,372.64
2023-12-21,4,1,279.45
2023-12-22,4,1,273.49
2023-12-23,4,1,359.98
2023-12-24,4,1,369.88
2023-12-25,4,1,245.24
2023-12-26,4,1,229.09
2023-12-27,4,1,261.12
2023-12-28,4,1,282.24
2023-12-29,4,1,234.7
2023-12-30,4,1,286.53
2023-12-31,4,1,335.53
2022-01-01,4,2,383.7
2022-01-02,4,2,291.44
2022-01-03,4,2,170.44
2022-01-04,4,2,250.04
2022-01-05,4,2,270.46
2022-01-06,4,2,327.15
2022-01-07,4,2,301.64
2022-01-08,4,2,394.04
2022-01-09,4,2,329.79
2022-01-10,4,2,275.7
2022-01-11,4,2,257.99
2022-01-12,4,2,244.96
2022-01-13,4,2,273.65
2022-01-14,4,2,304.06
2022-01-15,4,2,357.68
2022-01-16,4,2,372.67
2022-01-17,4,2,333.02
2022-01-18,4,2,279.21
2022-01-19,4,2,241.72
2022-01-20,4,2,328.04
2022-01-21,4,2,314.85
2022-01-22,4,2,413.42
2022-01-23,4,2,431.4
2022-01-24,4,2,324.47
2022-01-25,4,2,305.27
2022-01-26,4,2,413.4
2022-01-27,4,2,245.85
2022-01-28,4,2,278.04
2022-01-29,4,2,454.26
2022-01-30,4,2,405.57
2022-01-31,4,2,340.5
2022-02-01,4,2,334.72
2022-02-02,4,2,394.06
2022-02-03,4,2,277.62
2022-02-04,4,2,393.28
2022-02-05,4,2,500.8
2022-02-06,4,2,348.98
2022-02-07,4,2,359.36
2022-02-08,4,2,326.5
2022-02-09,4,2,299.01
2022-02-10,4,2,235.98
2022-02-11,4,2,279.6
2022-02-12,4,2,474.41
2022-02-13,4,2,481.67
2022-02-14,4,2,320.08
2022-02-15,4,2,371.38
2022-02-16,4,2,378.11
2022-02-17,4,2,339.16
2022-02-18,4,2,295.84
2022-02-19,4,2,460.3
2022-02-20,4,2,463.72
2022-02-21,4,2,366.38
2022-02-22,4,2,376.29
2022-02-23,4,2,265.26
2022-02-24,4,2,308.17
2022-02-25,4,2,238.88
2022-02-26,4,2,483.32
2022-02-27,4,2,421.18
2022-02-28,4,2,356.6
2022-03-01,4,2,267.02
2022-03-02,4,2,415.39
2022-03-03,4,2,282.02
2022-03-04,4,2,383.86
2022-03-05,4,2,455.41
2022-03-06,4,2,435.18
2022-03-07,4,2,330.9
2022-03-08,4,2,312.16
2022-03-09,4,2,412.65
2022-03-10,4,2,346.5
2022-03-11,4,2,280.26
2022-03-12,4,2,424.5
2022-03-13,4,2,459.54
2022-03-14,4,2,393.89
2022-03-15,4,2,315.95
2022-03-16,4,2,319.73
2022-03-17,4,2,349.33
2022-03-18,4,2,394.08
2022-03-19,4,2,360.3
2022-03-20,4,2,488.21
2022-03-21,4,2,325.08
2022-03-22,4,2,332.71
2022-03-23,4,2,455.15
2022-03-24,4,2,340.05
2022-03-25,4,2,390.4
2022-03-26,4,2,505.54
2022-03-27,4,2,375.91
2022-03-28,4,2,254.33
2022-03-29,4,2,395.34
2022-03-30,4,2,295.06
2022-03-31,4,2,264.61
2022-04-01,4,2,398.2
2022-04-02,4,2,380.36
2022-04-03,4,2,397.36
2022-04-04,4,2,448.52
2022-04-05,4,2,260.12
2022-04-06,4,2,281.34
2022-04-07,4,2,323.06
2022-04-08,4,2,334.79
2022-04-09,4,2,391.32
2022-04-10,4,2,373.7
2022-04-11,4,2,427.13
2022-04-12,4,2,362.32
2022-04-13,4,2,379.51
2022-04-14,4,2,342.01
2022-04-15,4,2,364.69
2022-04-16,4,2,518.43
2022-04-17,4,2,387.17
2022-04-18,4,2,364.39
2022-04-19,4,2,387.41
2022-04-20,4,2,432.46
2022-04-21,4,2,454.1
2022-04-22,4,2,355.42
2022-04-23,4,2,535.83
2022-04-24,4,2,274.61
2022-04-25,4,2,434.8
2022-04-26,4,2,314.57
2022-04-27,4,2,340.54
2022-04-28,4,2,377.03
2022-04-29,4,2,345.8
2022-04-30,4,2,474.12
2022-05-01,4,2,535.13
2022-05-02,4,2,313.58
2022-05-03,4,2,278.75
2022-05-04,4,2,424.03
2022-05-05,4,2,360.01
2022-05-06,4,2,430.23
2022-05-07,4,2,490.8
2022-05-08,4,2,348.55
2022-05-09,4,2,367.25
2022-05-10,4,2,285.67
2022-05-11,4,2,335.8
2022-05-12,4,2,331.91
2022-05-13,4,2,254.49
2022-05-14,4,2,383.91
2022-05-15,4,2,582.35
2022-05-16,4,2,348.96
2022-05-17,4,2,328.33
2022-05-18,4,2,429.28
2022-05-19,4,2,317.72
2022-05-20,4,2,333.46
2022-05-21,4,2,505.29
2022-05-22,4,2,413.83
2022-05-23,4,2,301.03
2022-05-24,4,2,224.59
2022-05-25,4,2,291.88
2022-05-26,4,2,291.65
2022-05-27,4,2,348.27
2022-05-28,4,2,402.09
2022-05-29,4,2,586.4
2022-05-30,4,2,286.96
2022-05-31,4,2,413.08
2022-06-01,4,2,320.84
2022-06-02,4,2,348.49
2022-06-03,4,2,345.96
2022-06-04,4,2,270.13
2022-06-05,4,2,404.48
2022-06-06,4,2,299.68
2022-06-07,4,2,259.16
2022-06-08,4,2,334.03
2022-06-09,4,2,393.29
2022-06-10,4,2,187.52
2022-06-11,4,2,374.64
2022-06-12,4,2,331.47
2022-06-13,4,2,317.22
2022-06-14,4,2,298.77
2022-06-15,4,2,285.82
2022-06-16,4,2,347.19
2022-06-17,4,2,392.21
2022-06-18,4,2,573.31
2022-06-19,4,2,364.6
2022-06-20,4,2,229.49
2022-06-21,4,2,342.5
2022-06-22,4,2,392.67
2022-06-23,4,2,355.17
2022-06-24,4,2,393.14
2022-06-25,4,2,398.26
2022-06-26,4,2,374.83
2022-06-27,4,2,323.12
2022-06-28,4,2,302.13
2022-06-29,4,2,349.8
2022-06-30,4,2,364.75
2022-07-01,4,2,331.92
2022-07-02,4,2,401.77
2022-07-03,4,2,387.28
2022-07-04,4,2,321.82
2022-07-05,4,2,203.06
2022-07-06,4,2,297.14
2022-07-07,4,2,290.55
2022-07-08,4,2,297.75
2022-07-09,4,2,370.47
2022-07-10,4,2,400.05
2022-07-11,4,2,264.32
2022-07-12,4,2,338.55
2022-07-13,4,2,310.33
2022-07-14,4,2,296.54
2022-07-15,4,2,259.86
2022-07-16,4,2,423.79
2022-07-17,4,2,389.64
2022-07-18,4,2,257.98
2022-07-19,4,2,288.72
2022-07-20,4,2,318.94
2022-07-21,4,2,315.82
2022-07-22,4,2,313.25
2022-07-23,4,2,385.09
2022-07-24,4,2,438.63
2022-07-25,4,2,346.99
2022-07-26,4,2,325.29
2022-07-27,4,2,267.31
2022-07-28,4,2,246.82
2022-07-29,4,2,269.67
2022-07-30,4,2,493.98
2022-07-31,4,2,398.5
2022-08-01,4,2,356.67
2022-08-02,4,2,265.76
2022-08-03,4,2,260.34
2022-08-04,4,2,268.07
2022-08-05,4,2,267.55
2022-08-06,4,2,312.02
2022-08-07,4,2,292.4
2022-08-08,4,2,292.43
2022-08-09,4,2,315.27
2022-08-10,4,2,372.33
2022-08-11,4,2,254.91
2022-08-12,4,2,258.43
2022-08-13,4,2,313.95
2022-08-14,4,2,415.3
2022-08-15,4,2,306.98
2022-08-16,4,2,237.75
2022-08-17,4,2,236.9
2022-08-18,4,2,313.38
2022-08-19,4,2,290.2
2022-08-20,4,2,397.67
2022-08-21,4,2,310.02
2022-08-22,4,2,197.61
2022-08-23,4,2,239.19
2022-08-24,4,2,303.97
2022-08-25,4,2,363.09
2022-08-26,4,2,258.21
2022-08-27,4,2,481.66
2022-08-28,4,2,404.1
2022-08-29,4,2,218.85
2022-08-30,4,2,285.77
2022-08-31,4,2,313.02
2022-09-01,4,2,170.71
2022-09-02,4,2,294.52
2022-09-03,4,2,410.87
2022-09-04,4,2,370.61
2022-09-05,4,2,266.71
2022-09-06,4,2,262.43
2022-09-07,4,2,260.28
2022-09-08,4,2,222.25
2022-09-09,4,2,242.22
2022-09-10,4,2,329.41
2022-09-11,4,2,357.64
2022-09-12,4,2,248.11
2022-09-13,4,2,235.61
2022-09-14,4,2,302.05
2022-09-15,4,2,286.45
2022-09-16,4,2,249.61
2022-09-17,4,2,380.17
2022-09-18,4,2,329.58
2022-09-19,4,2,274.8
2022-09-20,4,2,312.29
2022-09-21,4,2,247.97
2022-09-22,4,2,224.89
2022-09-23,4,2,267.15
2022-09-24,4,2,282.63
2022-09-25,4,2,340.78
2022-09-26,4,2,262.22
2022-09-27,4,2,172.71
2022-09-28,4,2,295.99
2022-09-29,4,2,266.87
2022-09-30,4,2,323.29
2022-10-01,4,2,381.17
2022-10-02,4,2,410.29
2022-10-03,4,2,335.25
2022-10-04,4,2,279.07
2022-10-05,4,2,284.88
2022-10-06,4,2,217.84
2022-10-07,4,2,338.42
2022-10-08,4,2,363.15
2022-10-09,4,2,315.5
2022-10-10,4,2,317.77
2022-10-11,4,2,192.66
2022-10-12,4,2,268.03
2022-10-13,4,2,325.76
2022-10-14,4,2,268.08
2022-10-15,4,2,333.09
2022-10-16,4,2,350.26
2022-10-17,4,2,200.89
2022-10-18,4,2,318.7
2022-10-19,4,2,282.73
2022-10-20,4,2,276.49
2022-10-21,4,2,276.86
2022-10-22,4,2,376.11
2022-10-23,4,2,412.43
2022-10-24,4,2,286.9
2022-10-25,4,2,230.27
2022-10-26,4,2,314.6
2022-10-27,4,2,311.5
2022-10-28,4,2,298.99
2022-10-29,4,2,438.21
2022-10-30,4,2,379.36
2022-10-31,4,2,339.18
2022-11-01,4,2,383.55
2022-11-02,4,2,344.63
2022-11-03,4,2,281.6
2022-11-04,4,2,311.2
2022-11-05,4,2,489.71
2022-11-06,4,2,320.45
2022-11-07,4,2,299.45
2022-11-08,4,2,302.02
2022-11-09,4,2,277.29
2022-11-10,4,2,360.64
2022-11-11,4,2,337.17
2022-11-12,4,2,370.9
2022-11-13,4,2,453.24
2022-11-14,4,2,312.26
2022-11-15,4,2,277.36
2022-11-16,4,2,286.09
2022-11-17,4,2,341.55
2022-11-18,4,2,366.02
2022-11-19,4,2,386.92
2022-11-20,4,2,451.82
2022-11-21,4,2,397.85
2022-11-22,4,2,261.03
2022-11-23,4,2,339.22
2022-11-24,4,2,362.44
2022-11-25,4,2,317.93
2022-11-26,4,2,497.54
2022-11-27,4,2,558.42
2022-11-28,4,2,339.91
2022-11-29,4,2,312.16
2022-11-30,4,2,371.19
2022-12-01,4,2,405.45
2022-12-02,4,2,224.14
2022-12-03,4,2,468.49
2022-12-04,4,2,441.27
2022-12-05,4,2,382.55
2022-12-06,4,2,350.84
2022-12-07,4,2,356.98
2022-12-08,4,2,315.02
2022-12-09,4,2,402.04
2022-12-10,4,2,588.1
2022-12-11,4,2,411.54
2022-12-12,4,2,286.89
2022-12-13,4,2,364.31
2022-12-14,4,2,361.93
2022-12-15,4,2,427.65
2022-12-16,4,2,296.91
2022-12-17,4,2,435.38
2022-12-18,4,2,321.26
2022-12-19,4,2,440.09
2022-12-20,4,2,378.83
2022-12-21,4,2,339.98
2022-12-22,4,2,293.13
2022-12-23,4,2,298.38
2022-12-24,4,2,505.63
2022-12-25,4,2,397.26
2022-12-26,4,2,372.45
2022-12-27,4,2,479.46
2022-12-28,4,2,348.12
2022-12-29,4,2,314.53
2022-12-30,4,2,388.89
2022-12-31,4,2,390.52
2023-01-01,4,2,662.64
2023-01-02,4,2,490.85
2023-01-03,4,2,395.79
2023-01-04,4,2,351.42
2023-01-05,4,2,380.42
2023-01-06,4,2,388.63
2023-01-07,4,2,559.49
2023-01-08,4,2,612.0
2023-01-09,4,2,344.19
2023-01-10,4,2,469.7
2023-01-11,4,2,445.97
2023-01-12,4,2,377.34
2023-01-13,4,2,342.12
2023-01-14,4,2,541.03
2023-01-15,4,2,447.56
2023-01-16,4,2,472.54
2023-01-17,4,2,340.83
2023-01-18,4,2,443.93
2023-01-19,4,2,405.56
2023-01-20,4,2,376.28
2023-01-21,4,2,526.21
2023-01-22,4,2,621.49
2023-01-23,4,2,338.08
2023-01-24,4,2,386.54
2023-01-25,4,2,365.82
2023-01-26,4,2,410.22
2023-01-27,4,2,370.5
2023-01-28,4,2,394.7
2023-01-29,4,2,452.47
2023-01-30,4,2,515.45
2023-01-31,4,2,429.41
2023-02-01,4,2,456.04
2023-02-02,4,2,423.53
2023-02-03,4,2,439.17
2023-02-04,4,2,538.67
2023-02-05,4,2,621.74
2023-02-06,4,2,450.25
2023-02-07,4,2,365.88
2023-02-08,4,2,461.08
2023-02-09,4,2,280.56
2023-02-10,4,2,472.43
2023-02-11,4,2,456.34
2023-02-12,4,2,570.74
2023-02-13,4,2,365.88
2023-02-14,4,2,446.27
2023-02-15,4,2,485.12
2023-02-16,4,2,547.41
2023-02-17,4,2,343.67
2023-02-18,4,2,666.64
2023-02-19,4,2,593.41
2023-02-20,4,2,417.7
2023-02-21,4,2,499.39
2023-02-22,4,2,432.74
2023-02-23,4,2,497.25
2023-02-24,4,2,382.38
2023-02-25,4,2,528.94
2023-02-26,4,2,667.62
2023-02-27,4,2,550.5
2023-02-28,4,2,448.14
2023-03-01,4,2,268.33
2023-03-02,4,2,447.67
2023-03-03,4,2,464.02
2023-03-04,4,2,579.75
2023-03-05,4,2,631.47
2023-03-06,4,2,429.64
2023-03-07,4,2,521.34
2023-03-08,4,2,382.29
2023-03-09,4,2,549.75
2023-03-10,4,2,571.93
2023-03-11,4,2,520.99
2023-03-12,4,2,521.31
2023-03-13,4,2,493.66
2023-03-14,4,2,382.47
2023-03-15,4,2,431.25
2023-03-16,4,2,543.05
2023-03-17,4,2,517.9
2023-03-18,4,2,786.8
2023-03-19,4,2,622.59
2023-03-20,4,2,424.46
2023-03-21,4,2,471.2
2023-03-22,4,2,457.36
2023-03-23,4,2,458.66
2023-03-24,4,2,466.9
2023-03-25,4,2,524.37
2023-03-26,4,2,635.81
2023-03-27,4,2,370.33
2023-03-28,4,2,419.35
2023-03-29,4,2,461.81
2023-03-30,4,2,311.04
2023-03-31,4,2,525.15
2023-04-01,4,2,414.41
2023-04-02,4,2,659.43
2023-04-03,4,2,371.82
2023-04-04,4,2,433.56
2023-04-05,4,2,497.88
2023-04-06,4,2,614.63
2023-04-07,4,2,470.62
2023-04-08,4,2,422.77
2023-04-09,4,2,688.27
2023-04-10,4,2,447.37
2023-04-11,4,2,468.67
2023-04-12,4,2,502.96
2023-04-13,4,2,309.41
2023-04-14,4,2,465.21
2023-04-15,4,2,567.44
2023-04-16,4,2,715.89
2023-04-17,4,2,516.5
2023-04-18,4,2,352.29
2023-04-19,4,2,554.66
2023-04-20,4,2,498.12
2023-04-21,4,2,358.6
2023-04-22,4,2,612.56
2023-04-23,4,2,702.25
2023-04-24,4,2,382.71
2023-04-25,4,2,565.0
2023-04-26,4,2,362.24
2023-04-27,4,2,413.23
2023-04-28,4,2,402.83
2023-04-29,4,2,736.42
2023-04-30,4,2,565.79
2023-05-01,4,2,363.92
2023-05-02,4,2,470.56
2023-05-03,4,2,485.18
2023-05-04,4,2,485.92
2023-05-05,4,2,424.0
2023-05-06,4,2,596.93
2023-05-07,4,2,519.24
2023-05-08,4,2,554.14
2023-05-09,4,2,519.24
2023-05-10,4,2,515.52
2023-05-11,4,2,496.63
2023-05-12,4,2,478.69
2023-05-13,4,2,469.85
2023-05-14,4,2,632.98
2023-05-15,4,2,452.59
2023-05-16,4,2,529.64
2023-05-17,4,2,499.52
2023-05-18,4,2,482.66
2023-05-19,4,2,333.44
2023-05-20,4,2,572.63
2023-05-21,4,2,532.16
2023-05-22,4,2,463.96
2023-05-23,4,2,419.45
2023-05-24,4,2,429.1
2023-05-25,4,2,478.77
2023-05-26,4,2,419.17
2023-05-27,4,2,593.71
2023-05-28,4,2,450.49
2023-05-29,4,2,393.04
2023-05-30,4,2,493.64
2023-05-31,4,2,366.73
2023-06-01,4,2,485.54
2023-06-02,4,2,469.2
2023-06-03,4,2,511.1
2023-06-04,4,2,772.57
2023-06-05,4,2,486.66
2023-06-06,4,2,352.0
2023-06-07,4,2,456.69
2023-06-08,4,2,415.05
2023-06-09,4,2,363.34
2023-06-10,4,2,449.13
2023-06-11,4,2,615.22
2023-06-12,4,2,375.11
2023-06-13,4,2,406.03
2023-06-14,4,2,355.6
2023-06-15,4,2,366.54
2023-06-16,4,2,405.28
2023-06-17,4,2,568.73
2023-06-18,4,2,328.99
2023-06-19,4,2,415.01
2023-06-20,4,2,367.87
2023-06-21,4,2,501.68
2023-06-22,4,2,597.85
2023-06-23,4,2,392.67
2023-06-24,4,2,400.42
2023-06-25,4,2,549.72
2023-06-26,4,2,403.03
2023-06-27,4,2,539.16
2023-06-28,4,2,520.47
2023-06-29,4,2,470.74
2023-06-30,4,2,380.23
2023-07-01,4,2,537.74
2023-07-02,4,2,507.85
2023-07-03,4,2,389.57
2023-07-04,4,2,288.27
2023-07-05,4,2,436.4
2023-07-06,4,2,382.78
2023-07-07,4,2,371.23
2023-07-08,4,2,446.18
2023-07-09,4,2,432.23
2023-07-10,4,2,395.63
2023-07-11,4,2,278.75
2023-07-12,4,2,422.93
2023-07-13,4,2,318.56
2023-07-14,4,2,261.71
2023-07-15,4,2,627.14
2023-07-16,4,2,429.42
2023-07-17,4,2,338.27
2023-07-18,4,2,444.2
2023-07-19,4,2,485.5
2023-07-20,4,2,292.69
2023-07-21,4,2,325.78
2023-07-22,4,2,429.24
2023-07-23,4,2,564.48
2023-07-24,4,2,474.75
2023-07-25,4,2,319.52
2023-07-26,4,2,462.51
2023-07-27,4,2,341.18
2023-07-28,4,2,401.29
2023-07-29,4,2,402.18
2023-07-30,4,2,488.18
2023-07-31,4,2,376.38
2023-08-01,4,2,335.22
2023-08-02,4,2,372.4
2023-08-03,4,2,299.08
2023-08-04,4,2,305.79
2023-08-05,4,2,488.68
2023-08-06,4,2,551.22
2023-08-07,4,2,351.98
2023-08-08,4,2,380.11
2023-08-09,4,2,393.85
2023-08-10,4,2,397.94
2023-08-11,4,2,303.44
2023-08-12,4,2,406.91
2023-08-13,4,2,413.18
2023-08-14,4,2,457.38
2023-08-15,4,2,382.03
2023-08-16,4,2,379.88
2023-08-17,4,2,374.94
2023-08-18,4,2,285.18
2023-08-19,4,2,597.12
2023-08-20,4,2,496.19
2023-08-21,4,2,394.96
2023-08-22,4,2,262.11
2023-08-23,4,2,398.48
2023-08-24,4,2,337.91
2023-08-25,4,2,286.33
2023-08-26,4,2,398.18
2023-08-27,4,2,376.73
2023-08-28,4,2,289.07
2023-08-29,4,2,361.35
2023-08-30,4,2,337.53
2023-08-31,4,2,376.51
2023-09-01,4,2,434.41
2023-09-02,4,2,442.79
2023-09-03,4,2,299.69
2023-09-04,4,2,335.16
2023-09-05,4,2,410.3
2023-09-06,4,2,343.73
2023-09-07,4,2,428.36
2023-09-08,4,2,372.34
2023-09-09,4,2,328.47
2023-09-10,4,2,461.27
2023-09-11,4,2,364.86
2023-09-12,4,2,406.15
2023-09-13,4,2,445.19
2023-09-14,4,2,397.59
2023-09-15,4,2,373.3
2023-09-16,4,2,501.69
2023-09-17,4,2,444.29
2023-09-18,4,2,273.83
2023-09-19,4,2,353.21
2023-09-20,4,2,370.49
2023-09-21,4,2,288.0
2023-09-22,4,2,421.65
2023-09-23,4,2,526.44
2023-09-24,4,2,363.55
2023-09-25,4,2,424.5
2023-09-26,4,2,336.23
2023-09-27,4,2,311.56
2023-09-28,4,2,410.11
2023-09-29,4,2,350.48
2023-09-30,4,2,590.3
2023-10-01,4,2,414.32
2023-10-02,4,2,270.7
2023-10-03,4,2,350.51
2023-10-04,4,2,409.47
2023-10-05,4,2,315.4
2023-10-06,4,2,293.44
2023-10-07,4,2,493.21
2023-10-08,4,2,372.37
2023-10-09,4,2,384.14
2023-10-10,4,2,348.69
2023-10-11,4,2,394.96
2023-10-12,4,2,291.54
2023-10-13,4,2,439.82
2023-10-14,4,2,465.72
2023-10-15,4,2,534.03
2023-10-16,4,2,421.91
2023-10-17,4,2,304.96
2023-10-18,4,2,418.12
2023-10-19,4,2,290.5
2023-10-20,4,2,293.72
2023-10-21,4,2,622.57
2023-10-22,4,2,561.44
2023-10-23,4,2,485.57
2023-10-24,4,2,350.01
2023-10-25,4,2,376.51
2023-10-26,4,2,400.39
2023-10-27,4,2,370.58
2023-10-28,4,2,428.88
2023-10-29,4,2,418.27
2023-10-30,4,2,383.86
2023-10-31,4,2,312.6
2023-11-01,4,2,338.78
2023-11-02,4,2,429.53
2023-11-03,4,2,400.04
2023-11-04,4,2,602.11
2023-11-05,4,2,494.55
2023-11-06,4,2,371.11
2023-11-07,4,2,432.65
2023-11-08,4,2,357.47
2023-11-09,4,2,367.08
2023-11-10,4,2,369.73
2023-11-11,4,2,513.43
2023-11-12,4,2,671.44
2023-11-13,4,2,323.95
2023-11-14,4,2,487.89
2023-11-15,4,2,453.98
2023-11-16,4,2,505.12
2023-11-17,4,2,601.78
2023-11-18,4,2,646.62
2023-11-19,4,2,606.59
2023-11-20,4,2,329.25
2023-11-21,4,2,337.21
2023-11-22,4,2,432.62
2023-11-23,4,2,306.08
2023-11-24,4,2,448.87
2023-11-25,4,2,363.35
2023-11-26,4,2,627.28
2023-11-27,4,2,391.8
2023-11-28,4,2,419.73
2023-11-29,4,2,365.88
2023-11-30,4,2,294.95
2023-12-01,4,2,543.39
2023-12-02,4,2,715.86
2023-12-03,4,2,565.26
2023-12-04,4,2,504.89
2023-12-05,4,2,432.61
2023-12-06,4,2,479.73
2023-12-07,4,2,512.49
2023-12-08,4,2,498.7
2023-12-09,4,2,719.28
2023-12-10,4,2,645.82
2023-12-11,4,2,463.12
2023-12-12,4,2,408.75
2023-12-13,4,2,428.58
2023-12-14,4,2,518.12
2023-12-15,4,2,358.12
2023-12-16,4,2,701.02
2023-12-17,4,2,576.27
2023-12-18,4,2,406.21
2023-12-19,4,2,386.98
2023-12-20,4,2,510.5
2023-12-21,4,2,462.86
2023-12-22,4,2,574.76
2023-12-23,4,2,489.36
2023-12-24,4,2,551.7
2023-12-25,4,2,458.52
2023-12-26,4,2,412.76
2023-12-27,4,2,465.92
2023-12-28,4,2,488.09
2023-12-29,4,2,499.9
2023-12-30,4,2,743.15
2023-12-31,4,2,487.96
2022-01-01,4,3,131.78
2022-01-02,4,3,126.17
2022-01-03,4,3,82.12
2022-01-04,4,3,101.08
2022-01-05,4,3,91.97
2022-01-06,4,3,66.75
2022-01-07,4,3,106.57
2022-01-08,4,3,106.4
2022-01-09,4,3,114.21
2022-01-10,4,3,94.51
2022-01-11,4,3,83.2
2022-01-12,4,3,100.77
2022-01-13,4,3,75.59
2022-01-14,4,3,82.86
2022-01-15,4,3,139.69
2022-01-16,4,3,118.56
2022-01-17,4,3,76.53
2022-01-18,4,3,92.11
2022-01-19,4,3,96.61
2022-01-20,4,3,69.51
2022-01-21,4,3,113.96
2022-01-22,4,3,150.7
2022-01-23,4,3,121.07
2022-01-24,4,3,88.82
2022-01-25,4,3,91.98
2022-01-26,4,3,104.04
2022-01-27,4,3,98.08
2022-01-28,4,3,95.23
2022-01-29,4,3,144.43
2022-01-30,4,3,140.06
2022-01-31,4,3,78.92
2022-02-01,4,3,111.53
2022-02-02,4,3,115.55
2022-02-03,4,3,102.74
2022-02-04,4,3,107.59
2022-02-05,4,3,122.53
2022-02-06,4,3,105.35
2022-02-07,4,3,127.03
2022-02-08,4,3,79.19
2022-02-09,4,3,124.21
2022-02-10,4,3,98.32
2022-02-11,4,3,117.98
2022-02-12,4,3,129.77
2022-02-13,4,3,147.65
2022-02-14,4,3,106.38
2022-02-15,4,3,89.75
2022-02-16,4,3,101.87
2022-02-17,4,3,97.81
2022-02-18,4,3,109.7
2022-02-19,4,3,132.96
2022-02-20,4,3,135.91
2022-02-21,4,3,84.9
2022-02-22,4,3,81.18
2022-02-23,4,3,101.6
2022-02-24,4,3,103.37
2022-02-25,4,3,84.83
2022-02-26,4,3,142.3
2022-02-27,4,3,143.29
2022-02-28,4,3,103.37
2022-03-01,4,3,103.66
2022-03-02,4,3,83.83
2022-03-03,4,3,83.65
2022-03-04,4,3,109.85
2022-03-05,4,3,118.18
2022-03-06,4,3,119.72
2022-03-07,4,3,108.35
2022-03-08,4,3,135.91
2022-03-09,4,3,97.98
2022-03-10,4,3,136.37
2022-03-11,4,3,103.19
2022-03-12,4,3,147.32
2022-03-13,4,3,155.53
2022-03-14,4,3,120.89
2022-03-15,4,3,110.11
2022-03-16,4,3,101.26
2022-03-17,4,3,118.01
2022-03-18,4,3,111.76
2022-03-19,4,3,127.78
2022-03-20,4,3,165.77
2022-03-21,4,3,112.59
2022-03-22,4,3,93.61
2022-03-23,4,3,91.85
2022-03-24,4,3,136.7
2022-03-25,4,3,97.94
2022-03-26,4,3,153.15
2022-03-27,4,3,145.52
2022-03-28,4,3,117.49
2022-03-29,4,3,136.59
2022-03-30,4,3,122.14
2022-03-31,4,3,119.67
2022-04-01,4,3,100.99
2022-04-02,4,3,121.91
2022-04-03,4,3,184.72
2022-04-04,4,3,103.69
2022-04-05,4,3,102.77
2022-04-06,4,3,109.07
2022-04-07,4,3,107.64
2022-04-08,4,3,129.75
2022-04-09,4,3,147.3
2022-04-10,4,3,109.6
2022-04-11,4,3,94.63
2022-04-12,4,3,105.28
2022-04-13,4,3,121.39
2022-04-14,4,3,81.29
2022-04-15,4,3,113.21
2022-04-16,4,3,152.19
2022-04-17,4,3,155.44
2022-04-18,4,3,104.42
2022-04-19,4,3,122.43
2022-04-20,4,3,92.93
2022-04-21,4,3,121.0
2022-04-22,4,3,105.09
2022-04-23,4,3,138.9
2022-04-24,4,3,138.79
2022-04-25,4,3,116.73
2022-04-26,4,3,88.81
2022-04-27,4,3,120.69
2022-04-28,4,3,120.57
2022-04-29,4,3,101.91
2022-04-30,4,3,138.93
2022-05-01,4,3,113.53
2022-05-02,4,3,82.88
2022-05-03,4,3,103.41
2022-05-04,4,3,103.6
2022-05-05,4,3,95.53
2022-05-06,4,3,81.82
2022-05-07,4,3,140.01
2022-05-08,4,3,124.04
2022-05-09,4,3,89.62
2022-05-10,4,3,120.4
2022-05-11,4,3,86.35
2022-05-12,4,3,109.77
2022-05-13,4,3,78.54
2022-05-14,4,3,103.44
2022-05-15,4,3,141.51
2022-05-16,4,3,96.48
2022-05-17,4,3,83.86
2022-05-18,4,3,116.28
2022-05-19,4,3,107.54
2022-05-20,4,3,69.41
2022-05-21,4,3,151.75
2022-05-22,4,3,111.59
2022-05-23,4,3,76.04
2022-05-24,4,3,89.72
2022-05-25,4,3,101.76
2022-05-26,4,3,103.68
2022-05-27,4,3,77.43
2022-05-28,4,3,105.18
2022-05-29,4,3,118.34
2022-05-30,4,3,92.1
2022-05-31,4,3,114.7
2022-06-01,4,3,87.86
2022-06-02,4,3,104.19
2022-06-03,4,3,109.25
2022-06-04,4,3,132.26
2022-06-05,4,3,65.84
2022-06-06,4,3,89.78
2022-06-07,4,3,91.8
2022-06-08,4,3,93.46
2022-06-09,4,3,64.86
2022-06-10,4,3,83.58
2022-06-11,4,3,97.72
2022-06-12,4,3,105.84
2022-06-13,4,3,90.97
2022-06-14,4,3,84.19
2022-06-15,4,3,82.67
2022-06-16,4,3,92.07
2022-06-17,4,3,87.95
2022-06-18,4,3,127.26
2022-06-19,4,3,115.88
2022-06-20,4,3,72.82
2022-06-21,4,3,80.55
2022-06-22,4,3,90.68
2022-06-23,4,3,89.04
2022-06-24,4,3,75.28
2022-06-25,4,3,136.92
2022-06-26,4,3,130.23
2022-06-27,4,3,87.15
2022-06-28,4,3,93.51
2022-06-29,4,3,80.52
2022-06-30,4,3,108.31
2022-07-01,4,3,113.34
2022-07-02,4,3,101.66
2022-07-03,4,3,133.31
2022-07-04,4,3,75.52
2022-07-05,4,3,79.86
2022-07-06,4,3,105.54
2022-07-07,4,3,85.37
2022-07-08,4,3,95.97
2022-07-09,4,3,108.63
2022-07-10,4,3,82.66
2022-07-11,4,3,117.81
2022-07-12,4,3,84.46
2022-07-13,4,3,89.42
2022-07-14,4,3,77.84
2022-07-15,4,3,97.76
2022-07-16,4,3,125.94
2022-07-17,4,3,87.34
2022-07-18,4,3,89.99
2022-07-19,4,3,99.37
2022-07-20,4,3,103.71
2022-07-21,4,3,96.49
2022-07-22,4,3,97.73
2022-07-23,4,3,105.26
2022-07-24,4,3,93.5
2022-07-25,4,3,84.14
2022-07-26,4,3,71.74
2022-07-27,4,3,78.6
2022-07-28,4,3,78.47
2022-07-29,4,3,76.05
2022-07-30,4,3,124.4
2022-07-31,4,3,97.78
2022-08-01,4,3,104.0
2022-08-02,4,3,93.72
2022-08-03,4,3,96.25
2022-08-04,4,3,73.3
2022-08-05,4,3,84.27
2022-08-06,4,3,89.79
2022-08-07,4,3,110.01
2022-08-08,4,3,60.27
2022-08-09,4,3,95.16
2022-08-10,4,3,74.2
2022-08-11,4,3,85.95
2022-08-12,4,3,88.31
2022-08-13,4,3,98.16
2022-08-14,4,3,94.32
2022-08-15,4,3,81.0
2022-08-16,4,3,92.5
2022-08-17,4,3,80.8
2022-08-18,4,3,90.17
2022-08-19,4,3,92.61
2022-08-20,4,3,104.56
2022-08-21,4,3,105.94
2022-08-22,4,3,84.68
2022-08-23,4,3,97.25
2022-08-24,4,3,78.81
2022-08-25,4,3,97.35
2022-08-26,4,3,86.41
2022-08-27,4,3,96.32
2022-08-28,4,3,107.69
2022-08-29,4,3,69.4
2022-08-30,4,3,66.64
2022-08-31,4,3,91.17
2022-09-01,4,3,90.6
2022-09-02,4,3,80.58
2022-09-03,4,3,106.12
2022-09-04,4,3,96.33
2022-09-05,4,3,83.25
2022-09-06,4,3,105.39
2022-09-07,4,3,93.63
2022-09-08,4,3,80.45
2022-09-09,4,3,79.45
2022-09-10,4,3,99.98
2022-09-11,4,3,83.6
2022-09-12,4,3,75.72
2022-09-13,4,3,89.96
2022-09-14,4,3,70.34
2022-09-15,4,3,78.39
2022-09-16,4,3,68.16
2022-09-17,4,3,119.1
2022-09-18,4,3,86.27
2022-09-19,4,3,89.39
2022-09-20,4,3,94.83
2022-09-21,4,3,78.23
2022-09-22,4,3,73.81
2022-09-23,4,3,88.22
2022-09-24,4,3,132.9
2022-09-25,4,3,128.81
2022-09-26,4,3,81.63
2022-09-27,4,3,71.67
2022-09-28,4,3,79.8
2022-09-29,4,3,61.77
2022-09-30,4,3,75.91
2022-10-01,4,3,118.87
2022-10-02,4,3,105.28
2022-10-03,4,3,78.06
2022-10-04,4,3,85.14
2022-10-05,4,3,82.45
2022-10-06,4,3,95.73
2022-10-07,4,3,68.93
2022-10-08,4,3,120.8
2022-10-09,4,3,111.27
2022-10-10,4,3,91.87
2022-10-11,4,3,68.34
2022-10-12,4,3,97.83
2022-10-13,4,3,93.5
2022-10-14,4,3,108.24
2022-10-15,4,3,98.51
2022-10-16,4,3,102.77
2022-10-17,4,3,63.52
2022-10-18,4,3,76.07
2022-10-19,4,3,105.55
2022-10-20,4,3,90.77
2022-10-21,4,3,77.52
2022-10-22,4,3,115.44
2022-10-23,4,3,112.22
2022-10-24,4,3,62.23
2022-10-25,4,3,64.64
2022-10-26,4,3,101.83
2022-10-27,4,3,97.05
2022-10-28,4,3,67.99
2022-10-29,4,3,111.63
2022-10-30,4,3,101.65
2022-10-31,4,3,101.99
2022-11-01,4,3,101.91
2022-11-02,4,3,79.74
2022-11-03,4,3,97.37
2022-11-04,4,3,95.13
2022-11-05,4,3,123.82
2022-11-06,4,3,115.09
2022-11-07,4,3,96.3
2022-11-08,4,3,83.76
2022-11-09,4,3,78.97
2022-11-10,4,3,78.18
2022-11-11,4,3,81.09
2022-11-12,4,3,133.13
2022-11-13,4,3,133.74
2022-11-14,4,3,117.59
2022-11-15,4,3,93.22
2022-11-16,4,3,106.76
2022-11-17,4,3,97.36
2022-11-18,4,3,101.1
2022-11-19,4,3,141.13
2022-11-20,4,3,136.96
2022-11-21,4,3,98.54
2022-11-22,4,3,88.11
2022-11-23,4,3,101.13
2022-11-24,4,3,117.08
2022-11-25,4,3,99.82
2022-11-26,4,3,119.03
2022-11-27,4,3,142.23
2022-11-28,4,3,77.23
2022-11-29,4,3,92.29
2022-11-30,4,3,83.26
2022-12-01,4,3,106.58
2022-12-02,4,3,128.95
2022-12-03,4,3,154.92
2022-12-04,4,3,101.81
2022-12-05,4,3,98.78
2022-12-06,4,3,84.46
2022-12-07,4,3,126.35
2022-12-08,4,3,99.59
2022-12-09,4,3,110.45
2022-12-10,4,3,144.72
2022-12-11,4,3,146.57
2022-12-12,4,3,61.96
2022-12-13,4,3,115.46
2022-12-14,4,3,100.6
2022-12-15,4,3,123.61
2022-12-16,4,3,113.11
2022-12-17,4,3,156.35
2022-12-18,4,3,127.31
2022-12-19,4,3,91.39
2022-12-20,4,3,124.81
2022-12-21,4,3,119.49
2022-12-22,4,3,113.94
2022-12-23,4,3,114.0
2022-12-24,4,3,152.61
2022-12-25,4,3,115.81
2022-12-26,4,3,128.43
2022-12-27,4,3,108.11
2022-12-28,4,3,108.67
2022-12-29,4,3,103.88
2022-12-30,4,3,69.83
2022-12-31,4,3,156.75
2023-01-01,4,3,135.05
2023-01-02,4,3,124.26
2023-01-03,4,3,107.31
2023-01-04,4,3,116.14
2023-01-05,4,3,115.21
2023-01-06,4,3,107.12
2023-01-07,4,3,154.13
2023-01-08,4,3,148.14
2023-01-09,4,3,103.72
2023-01-10,4,3,144.63
2023-01-11,4,3,108.28
2023-01-12,4,3,133.55
2023-01-13,4,3,135.61
2023-01-14,4,3,182.58
2023-01-15,4,3,147.34
2023-01-16,4,3,119.85
2023-01-17,4,3,120.51
2023-01-18,4,3,133.49
2023-01-19,4,3,119.3
2023-01-20,4,3,132.41
2023-01-21,4,3,154.98
2023-01-22,4,3,188.31
2023-01-23,4,3,123.94
2023-01-24,4,3,121.78
2023-01-25,4,3,130.67
2023-01-26,4,3,154.95
2023-01-27,4,3,113.21
2023-01-28,4,3,187.24
2023-01-29,4,3,142.22
2023-01-30,4,3,125.6
2023-01-31,4,3,109.98
2023-02-01,4,3,125.85
2023-02-02,4,3,119.8
2023-02-03,4,3,147.45
2023-02-04,4,3,160.68
2023-02-05,4,3,187.58
2023-02-06,4,3,123.18
2023-02-07,4,3,133.74
2023-02-08,4,3,163.23
2023-02-09,4,3,119.05
2023-02-10,4,3,119.52
2023-02-11,4,3,168.06
2023-02-12,4,3,174.16
2023-02-13,4,3,146.94
2023-02-14,4,3,135.39
2023-02-15,4,3,139.56
2023-02-16,4,3,111.38
2023-02-17,4,3,140.9
2023-02-18,4,3,184.01
2023-02-19,4,3,193.17
2023-02-20,4,3,128.44
2023-02-21,4,3,135.05
2023-02-22,4,3,149.62
2023-02-23,4,3,113.88
2023-02-24,4,3,99.0
2023-02-25,4,3,146.92
2023-02-26,4,3,159.45
2023-02-27,4,3,157.6
2023-02-28,4,3,177.21
2023-03-01,4,3,120.09
2023-03-02,4,3,137.4
2023-03-03,4,3,128.25
2023-03-04,4,3,194.23
2023-03-05,4,3,188.89
2023-03-06,4,3,121.19
2023-03-07,4,3,126.63
2023-03-08,4,3,136.74
2023-03-09,4,3,165.64
2023-03-10,4,3,126.21
2023-03-11,4,3,139.68
2023-03-12,4,3,217.77
2023-03-13,4,3,150.69
2023-03-14,4,3,115.85
2023-03-15,4,3,146.87
2023-03-16,4,3,157.63
2023-03-17,4,3,142.59
2023-03-18,4,3,220.32
2023-03-19,4,3,198.3
2023-03-20,4,3,147.37
2023-03-21,4,3,145.32
2023-03-22,4,3,143.98
2023-03-23,4,3,159.8
2023-03-24,4,3,138.13
2023-03-25,4,3,210.0
2023-03-26,4,3,192.55
2023-03-27,4,3,143.84
2023-03-28,4,3,135.14
2023-03-29,4,3,135.44
2023-03-30,4,3,148.68
2023-03-31,4,3,163.56
2023-04-01,4,3,194.25
2023-04-02,4,3,161.34
2023-04-03,4,3,105.74
2023-04-04,4,3,154.64
2023-04-05,4,3,195.35
2023-04-06,4,3,133.62
2023-04-07,4,3,129.78
2023-04-08,4,3,203.78
2023-04-09,4,3,158.13
2023-04-10,4,3,171.14
2023-04-11,4,3,148.51
2023-04-12,4,3,139.4
2023-04-13,4,3,123.79
2023-04-14,4,3,158.69
2023-04-15,4,3,170.17
2023-04-16,4,3,201.85
2023-04-17,4,3,148.84
2023-04-18,4,3,167.76
2023-04-19,4,3,143.98
2023-04-20,4,3,206.5
2023-04-21,4,3,152.54
2023-04-22,4,3,187.21
2023-04-23,4,3,172.62
2023-04-24,4,3,159.66
2023-04-25,4,3,133.44
2023-04-26,4,3,124.89
2023-04-27,4,3,131.45
2023-04-28,4,3,137.41
2023-04-29,4,3,246.17
2023-04-30,4,3,192.26
2023-05-01,4,3,119.75
2023-05-02,4,3,154.74
2023-05-03,4,3,136.87
2023-05-04,4,3,159.06
2023-05-05,4,3,171.51
2023-05-06,4,3,134.59
2023-05-07,4,3,111.69
2023-05-08,4,3,173.45
2023-05-09,4,3,119.86
2023-05-10,4,3,99.66
2023-05-11,4,3,123.29
2023-05-12,4,3,114.48
2023-05-13,4,3,154.02
2023-05-14,4,3,196.69
2023-05-15,4,3,126.95
2023-05-16,4,3,101.69
2023-05-17,4,3,135.02
2023-05-18,4,3,117.28
2023-05-19,4,3,129.51
2023-05-20,4,3,169.97
2023-05-21,4,3,197.34
2023-05-22,4,3,124.59
2023-05-23,4,3,149.02
2023-05-24,4,3,102.69
2023-05-25,4,3,153.29
2023-05-26,4,3,161.5
2023-05-27,4,3,169.76
2023-05-28,4,3,154.34
2023-05-29,4,3,113.54
2023-05-30,4,3,135.01
2023-05-31,4,3,160.35
2023-06-01,4,3,115.49
2023-06-02,4,3,144.03
2023-06-03,4,3,132.85
2023-06-04,4,3,152.22
2023-06-05,4,3,122.88
2023-06-06,4,3,127.79
2023-06-07,4,3,117.67
2023-06-08,4,3,147.11
2023-06-09,4,3,147.5
2023-06-10,4,3,157.1
2023-06-11,4,3,148.83
2023-06-12,4,3,113.07
2023-06-13,4,3,143.63
2023-06-14,4,3,112.01
2023-06-15,4,3,97.21
2023-06-16,4,3,100.06
2023-06-17,4,3,178.28
2023-06-18,4,3,128.96
2023-06-19,4,3,117.36
2023-06-20,4,3,126.83
2023-06-21,4,3,93.46
2023-06-22,4,3,128.49
2023-06-23,4,3,119.06
2023-06-24,4,3,116.23
2023-06-25,4,3,167.68
2023-06-26,4,3,132.85
2023-06-27,4,3,128.96
2023-06-28,4,3,135.06
2023-06-29,4,3,130.51
2023-06-30,4,3,139.5
2023-07-01,4,3,126.31
2023-07-02,4,3,116.43
2023-07-03,4,3,93.62
2023-07-04,4,3,99.63
2023-07-05,4,3,147.95
2023-07-06,4,3,99.9
2023-07-07,4,3,104.77
2023-07-08,4,3,142.66
2023-07-09,4,3,140.04
2023-07-10,4,3,144.89
2023-07-11,4,3,84.46
2023-07-12,4,3,151.41
2023-07-13,4,3,116.58
2023-07-14,4,3,130.65
2023-07-15,4,3,148.98
2023-07-16,4,3,166.8
2023-07-17,4,3,98.19
2023-07-18,4,3,91.21
2023-07-19,4,3,159.1
2023-07-20,4,3,147.52
2023-07-21,4,3,96.56
2023-07-22,4,3,165.23
2023-07-23,4,3,175.22
2023-07-24,4,3,126.29
2023-07-25,4,3,111.39
2023-07-26,4,3,150.0
2023-07-27,4,3,127.01
2023-07-28,4,3,99.17
2023-07-29,4,3,141.16
2023-07-30,4,3,125.89
2023-07-31,4,3,113.56
2023-08-01,4,3,103.88
2023-08-02,4,3,118.2
2023-08-03,4,3,118.04
2023-08-04,4,3,112.5
2023-08-05,4,3,145.78
2023-08-06,4,3,160.02
2023-08-07,4,3,102.9
2023-08-08,4,3,68.32
2023-08-09,4,3,140.41
2023-08-10,4,3,92.13
2023-08-11,4,3,117.91
2023-08-12,4,3,131.8
2023-08-13,4,3,168.13
2023-08-14,4,3,91.55
2023-08-15,4,3,95.63
2023-08-16,4,3,99.11
2023-08-17,4,3,116.09
2023-08-18,4,3,110.83
2023-08-19,4,3,151.33
2023-08-20,4,3,142.25
2023-08-21,4,3,122.47
2023-08-22,4,3,122.82
2023-08-23,4,3,132.02
2023-08-24,4,3,113.2
2023-08-25,4,3,113.19
2023-08-26,4,3,177.26
2023-08-27,4,3,165.39
2023-08-28,4,3,116.32
2023-08-29,4,3,85.4
2023-08-30,4,3,80.76
2023-08-31,4,3,118.06
2023-09-01,4,3,114.95
2023-09-02,4,3,121.41
2023-09-03,4,3,143.49
2023-09-04,4,3,90.51
2023-09-05,4,3,113.95
2023-09-06,4,3,114.43
2023-09-07,4,3,114.4
2023-09-08,4,3,110.43
2023-09-09,4,3,130.73
2023-09-10,4,3,132.5
2023-09-11,4,3,123.65
2023-09-12,4,3,111.96
2023-09-13,4,3,113.18
2023-09-14,4,3,106.9
2023-09-15,4,3,115.91
2023-09-16,4,3,157.11
2023-09-17,4,3,124.49
2023-09-18,4,3,115.19
2023-09-19,4,3,102.26
2023-09-20,4,3,110.91
2023-09-21,4,3,119.26
2023-09-22,4,3,82.96
2023-09-23,4,3,115.52
2023-09-24,4,3,124.38
2023-09-25,4,3,94.6
2023-09-26,4,3,103.72
2023-09-27,4,3,133.38
2023-09-28,4,3,125.25
2023-09-29,4,3,97.23
2023-09-30,4,3,156.6
2023-10-01,4,3,142.34
2023-10-02,4,3,115.96
2023-10-03,4,3,94.11
2023-10-04,4,3,88.54
2023-10-05,4,3,122.61
2023-10-06,4,3,111.09
2023-10-07,4,3,155.06
2023-10-08,4,3,178.28
2023-10-09,4,3,106.78
2023-10-10,4,3,106.99
2023-10-11,4,3,140.3
2023-10-12,4,3,111.23
2023-10-13,4,3,97.64
2023-10-14,4,3,160.34
2023-10-15,4,3,139.34
2023-10-16,4,3,97.49
2023-10-17,4,3,112.78
2023-10-18,4,3,125.16
2023-10-19,4,3,92.04
2023-10-20,4,3,91.71
2023-10-21,4,3,143.28
2023-10-22,4,3,121.16
2023-10-23,4,3,90.31
2023-10-24,4,3,111.86
2023-10-25,4,3,130.37
2023-10-26,4,3,125.11
2023-10-27,4,3,110.16
2023-10-28,4,3,173.65
2023-10-29,4,3,183.64
2023-10-30,4,3,120.42
2023-10-31,4,3,106.06
2023-11-01,4,3,150.89
2023-11-02,4,3,150.17
2023-11-03,4,3,127.03
2023-11-04,4,3,188.39
2023-11-05,4,3,140.62
2023-11-06,4,3,84.58
2023-11-07,4,3,104.8
2023-11-08,4,3,126.55
2023-11-09,4,3,121.45
2023-11-10,4,3,140.62
2023-11-11,4,3,124.23
2023-11-12,4,3,124.78
2023-11-13,4,3,137.19
2023-11-14,4,3,96.65
2023-11-15,4,3,118.25
2023-11-16,4,3,123.79
2023-11-17,4,3,111.37
2023-11-18,4,3,174.44
2023-11-19,4,3,110.94
2023-11-20,4,3,157.6
2023-11-21,4,3,117.57
2023-11-22,4,3,120.61
2023-11-23,4,3,173.88
2023-11-24,4,3,98.64
2023-11-25,4,3,135.92
2023-11-26,4,3,195.26
2023-11-27,4,3,95.16
2023-11-28,4,3,133.44
2023-11-29,4,3,112.98
2023-11-30,4,3,94.21
2023-12-01,4,3,149.18
2023-12-02,4,3,194.85
2023-12-03,4,3,179.98
2023-12-04,4,3,181.49
2023-12-05,4,3,122.55
2023-12-06,4,3,156.69
2023-12-07,4,3,145.56
2023-12-08,4,3,159.06
2023-12-09,4,3,166.93
2023-12-10,4,3,143.16
2023-12-11,4,3,124.84
2023-12-12,4,3,137.82
2023-12-13,4,3,153.45
2023-12-14,4,3,139.68
2023-12-15,4,3,143.89
2023-12-16,4,3,228.25
2023-12-17,4,3,180.77
2023-12-18,4,3,128.49
2023-12-19,4,3,148.95
2023-12-20,4,3,103.82
2023-12-21,4,3,103.84
2023-12-22,4,3,137.15
2023-12-23,4,3,156.59
2023-12-24,4,3,165.55
2023-12-25,4,3,159.87
2023-12-26,4,3,151.37
2023-12-27,4,3,138.75
2023-12-28,4,3,142.2
2023-12-29,4,3,131.59
2023-12-30,4,3,206.09
2023-12-31,4,3,204.65
2022-01-01,4,4,420.65
2022-01-02,4,4,437.22
2022-01-03,4,4,406.67
2022-01-04,4,4,341.73
2022-01-05,4,4,362.46
2022-01-06,4,4,376.97
2022-01-07,4,4,365.95
2022-01-08,4,4,425.98
2022-01-09,4,4,432.55
2022-01-10,4,4,373.81
2022-01-11,4,4,374.1
2022-01-12,4,4,394.2
2022-01-13,4,4,363.51
2022-01-14,4,4,366.16
2022-01-15,4,4,408.07
2022-01-16,4,4,399.61
2022-01-17,4,4,376.55
2022-01-18,4,4,308.35
2022-01-19,4,4,336.7
2022-01-20,4,4,408.01
2022-01-21,4,4,400.37
2022-01-22,4,4,460.3
2022-01-23,4,4,421.21
2022-01-24,4,4,333.12
2022-01-25,4,4,383.95
2022-01-26,4,4,338.21
2022-01-27,4,4,311.89
2022-01-28,4,4,402.87
2022-01-29,4,4,455.46
2022-01-30,4,4,405.39
2022-01-31,4,4,366.28
2022-02-01,4,4,417.97
2022-02-02,4,4,309.98
2022-02-03,4,4,354.54
2022-02-04,4,4,352.35
2022-02-05,4,4,508.41
2022-02-06,4,4,521.75
2022-02-07,4,4,336.59
2022-02-08,4,4,285.06
2022-02-09,4,4,424.56
2022-02-10,4,4,306.19
2022-02-11,4,4,383.35
2022-02-12,4,4,469.84
2022-02-13,4,4,491.48
2022-02-14,4,4,460.92
2022-02-15,4,4,538.3
2022-02-16,4,4,279.44
2022-02-17,4,4,425.16
2022-02-18,4,4,362.15
2022-02-19,4,4,558.4
2022-02-20,4,4,552.37
2022-02-21,4,4,450.54
2022-02-22,4,4,388.17
2022-02-23,4,4,322.89
2022-02-24,4,4,424.86
2022-02-25,4,4,379.92
2022-02-26,4,4,468.73
2022-02-27,4,4,451.5
2022-02-28,4,4,430.89
2022-03-01,4,4,475.47
2022-03-02,4,4,314.86
2022-03-03,4,4,419.84
2022-03-04,4,4,362.91
2022-03-05,4,4,390.08
2022-03-06,4,4,511.72
2022-03-07,4,4,337.29
2022-03-08,4,4,294.51
2022-03-09,4,4,340.9
2022-03-10,4,4,326.95
2022-03-11,4,4,349.38
2022-03-12,4,4,403.32
2022-03-13,4,4,474.06
2022-03-14,4,4,346.48
2022-03-15,4,4,410.24
2022-03-16,4,4,423.33
2022-03-17,4,4,404.26
2022-03-18,4,4,375.69
2022-03-19,4,4,486.8
2022-03-20,4,4,443.53
2022-03-21,4,4,342.9
2022-03-22,4,4,432.15
2022-03-23,4,4,287.98
2022-03-24,4,4,386.87
2022-03-25,4,4,372.95
2022-03-26,4,4,555.88
2022-03-27,4,4,401.39
2022-03-28,4,4,393.8
2022-03-29,4,4,413.66
2022-03-30,4,4,281.28
2022-03-31,4,4,330.63
2022-04-01,4,4,380.39
2022-04-02,4,4,540.58
2022-04-03,4,4,516.08
2022-04-04,4,4,419.28
2022-04-05,4,4,324.44
2022-04-06,4,4,295.13
2022-04-07,4,4,392.74
2022-04-08,4,4,316.6
2022-04-09,4,4,439.53
2022-04-10,4,4,576.25
2022-04-11,4,4,400.28
2022-04-12,4,4,356.39
2022-04-13,4,4,349.12
2022-04-14,4,4,426.65
2022-04-15,4,4,403.08
2022-04-16,4,4,415.71
2022-04-17,4,4,360.12
2022-04-18,4,4,502.29
2022-04-19,4,4,320.18
2022-04-20,4,4,423.49
2022-04-21,4,4,481.78
2022-04-22,4,4,401.84
2022-04-23,4,4,465.46
2022-04-24,4,4,402.47
2022-04-25,4,4,309.05
2022-04-26,4,4,416.84
2022-04-27,4,4,480.85
2022-04-28,4,4,371.81
2022-04-29,4,4,362.63
2022-04-30,4,4,568.61
2022-05-01,4,4,433.36
2022-05-02,4,4,387.23
2022-05-03,4,4,374.59
2022-05-04,4,4,349.7
2022-05-05,4,4,372.05
2022-05-06,4,4,471.96
2022-05-07,4,4,529.69
2022-05-08,4,4,565.74
2022-05-09,4,4,322.67
2022-05-10,4,4,436.15
2022-05-11,4,4,410.84
2022-05-12,4,4,290.83
2022-05-13,4,4,405.98
2022-05-14,4,4,451.05
2022-05-15,4,4,375.69
2022-05-16,4,4,383.89
2022-05-17,4,4,407.37
2022-05-18,4,4,385.81
2022-05-19,4,4,371.38
2022-05-20,4,4,359.15
2022-05-21,4,4,673.61
2022-05-22,4,4,404.83
2022-05-23,4,4,428.5
2022-05-24,4,4,380.1
2022-05-25,4,4,330.9
2022-05-26,4,4,377.12
2022-05-27,4,4,300.77
2022-05-28,4,4,450.52
2022-05-29,4,4,491.65
2022-05-30,4,4,292.51
2022-05-31,4,4,410.52
2022-06-01,4,4,296.97
2022-06-02,4,4,271.8
2022-06-03,4,4,291.4
2022-06-04,4,4,600.17
2022-06-05,4,4,318.5
2022-06-06,4,4,371.47
2022-06-07,4,4,309.62
2022-06-08,4,4,330.92
2022-06-09,4,4,381.24
2022-06-10,4,4,378.99
2022-06-11,4,4,408.74
2022-06-12,4,4,362.82
2022-06-13,4,4,383.51
2022-06-14,4,4,380.17
2022-06-15,4,4,336.36
2022-06-16,4,4,374.99
2022-06-17,4,4,328.44
2022-06-18,4,4,401.16
2022-06-19,4,4,458.63
2022-06-20,4,4,380.36
2022-06-21,4,4,369.57
2022-06-22,4,4,380.49
2022-06-23,4,4,313.43
2022-06-24,4,4,438.11
2022-06-25,4,4,437.05
2022-06-26,4,4,452.88
2022-06-27,4,4,284.78
2022-06-28,4,4,344.97
2022-06-29,4,4,383.99
2022-06-30,4,4,396.61
2022-07-01,4,4,395.69
2022-07-02,4,4,449.66
2022-07-03,4,4,434.81
2022-07-04,4,4,299.88
2022-07-05,4,4,289.74
2022-07-06,4,4,368.8
2022-07-07,4,4,368.18
2022-07-08,4,4,270.39
2022-07-09,4,4,465.09
2022-07-10,4,4,460.9
2022-07-11,4,4,269.29
2022-07-12,4,4,349.8
2022-07-13,4,4,272.86
2022-07-14,4,4,206.01
2022-07-15,4,4,316.59
2022-07-16,4,4,438.38
2022-07-17,4,4,415.12
2022-07-18,4,4,465.06
2022-07-19,4,4,343.97
2022-07-20,4,4,332.93
2022-07-21,4,4,347.02
2022-07-22,4,4,304.69
2022-07-23,4,4,483.71
2022-07-24,4,4,447.88
2022-07-25,4,4,342.56
2022-07-26,4,4,296.72
2022-07-27,4,4,250.76
2022-07-28,4,4,303.25
2022-07-29,4,4,342.1
2022-07-30,4,4,398.51
2022-07-31,4,4,446.05
2022-08-01,4,4,291.7
2022-08-02,4,4,322.03
2022-08-03,4,4,258.38
2022-08-04,4,4,311.75
2022-08-05,4,4,274.08
2022-08-06,4,4,303.5
2022-08-07,4,4,385.07
2022-08-08,4,4,374.04
2022-08-09,4,4,237.67
2022-08-10,4,4,309.94
2022-08-11,4,4,341.19
2022-08-12,4,4,410.2
2022-08-13,4,4,367.46
2022-08-14,4,4,359.48
2022-08-15,4,4,252.23
2022-08-16,4,4,358.33
2022-08-17,4,4,266.38
2022-08-18,4,4,289.44
2022-08-19,4,4,221.66
2022-08-20,4,4,451.99
2022-08-21,4,4,468.78
2022-08-22,4,4,346.48
2022-08-23,4,4,233.63
2022-08-24,4,4,336.02
2022-08-25,4,4,230.89
2022-08-26,4,4,311.16
2022-08-27,4,4,413.69
2022-08-28,4,4,420.35
2022-08-29,4,4,334.02
2022-08-30,4,4,309.1
2022-08-31,4,4,218.55
2022-09-01,4,4,324.0
2022-09-02,4,4,304.56
2022-09-03,4,4,337.65
2022-09-04,4,4,298.83
2022-09-05,4,4,370.4
2022-09-06,4,4,356.75
2022-09-07,4,4,333.29
2022-09-08,4,4,271.02
2022-09-09,4,4,187.89
2022-09-10,4,4,437.77
2022-09-11,4,4,414.66
2022-09-12,4,4,285.57
2022-09-13,4,4,353.91
2022-09-14,4,4,341.61
2022-09-15,4,4,311.31
2022-09-16,4,4,305.14
2022-09-17,4,4,397.94
2022-09-18,4,4,435.54
2022-09-19,4,4,265.13
2022-09-20,4,4,323.97
2022-09-21,4,4,262.67
2022-09-22,4,4,366.14
2022-09-23,4,4,329.6
2022-09-24,4,4,356.12
2022-09-25,4,4,402.23
2022-09-26,4,4,266.77
2022-09-27,4,4,375.28
2022-09-28,4,4,381.04
2022-09-29,4,4,338.71
2022-09-30,4,4,378.59
2022-10-01,4,4,422.08
2022-10-02,4,4,460.31
2022-10-03,4,4,376.36
2022-10-04,4,4,317.92
2022-10-05,4,4,321.84
2022-10-06,4,4,363.33
2022-10-07,4,4,349.88
2022-10-08,4,4,367.93
2022-10-09,4,4,279.06
2022-10-10,4,4,311.28
2022-10-11,4,4,219.31
2022-10-12,4,4,272.6
2022-10-13,4,4,278.42
2022-10-14,4,4,293.34
2022-10-15,4,4,468.57
2022-10-16,4,4,482.54
2022-10-17,4,4,345.97
2022-10-18,4,4,352.21
2022-10-19,4,4,353.62
2022-10-20,4,4,201.52
2022-10-21,4,4,322.93
2022-10-22,4,4,306.45
2022-10-23,4,4,451.88
2022-10-24,4,4,221.72
2022-10-25,4,4,314.68
2022-10-26,4,4,350.28
2022-10-27,4,4,269.62
2022-10-28,4,4,370.95
2022-10-29,4,4,453.81
2022-10-30,4,4,446.2
2022-10-31,4,4,358.95
2022-11-01,4,4,334.9
2022-11-02,4,4,362.32
2022-11-03,4,4,355.05
2022-11-04,4,4,354.12
2022-11-05,4,4,415.05
2022-11-06,4,4,375.84
2022-11-07,4,4,337.63
2022-11-08,4,4,334.95
2022-11-09,4,4,316.79
2022-11-10,4,4,401.97
2022-11-11,4,4,293.97
2022-11-12,4,4,452.11
2022-11-13,4,4,545.65
2022-11-14,4,4,406.25
2022-11-15,4,4,423.05
2022-11-16,4,4,326.32
2022-11-17,4,4,400.47
2022-11-18,4,4,301.41
2022-11-19,4,4,447.21
2022-11-20,4,4,454.14
2022-11-21,4,4,328.36
2022-11-22,4,4,340.15
2022-11-23,4,4,333.31
2022-11-24,4,4,307.14
2022-11-25,4,4,406.8
2022-11-26,4,4,456.15
2022-11-27,4,4,483.52
2022-11-28,4,4,370.18
2022-11-29,4,4,364.54
2022-11-30,4,4,366.88
2022-12-01,4,4,383.92
2022-12-02,4,4,488.32
2022-12-03,4,4,583.62
2022-12-04,4,4,525.68
2022-12-05,4,4,376.5
2022-12-06,4,4,396.66
2022-12-07,4,4,429.48
2022-12-08,4,4,495.46
2022-12-09,4,4,321.4
2022-12-10,4,4,578.7
2022-12-11,4,4,616.04
2022-12-12,4,4,315.2
2022-12-13,4,4,394.94
2022-12-14,4,4,341.4
2022-12-15,4,4,432.83
2022-12-16,4,4,385.01
2022-12-17,4,4,519.0
2022-12-18,4,4,497.06
2022-12-19,4,4,451.83
2022-12-20,4,4,422.1
2022-12-21,4,4,422.53
2022-12-22,4,4,418.53
2022-12-23,4,4,444.11
2022-12-24,4,4,511.17
2022-12-25,4,4,668.31
2022-12-26,4,4,333.97
2022-12-27,4,4,304.0
2022-12-28,4,4,299.13
2022-12-29,4,4,282.65
2022-12-30,4,4,452.61
2022-12-31,4,4,579.05
2023-01-01,4,4,695.39
2023-01-02,4,4,381.37
2023-01-03,4,4,504.25
2023-01-04,4,4,457.74
2023-01-05,4,4,465.55
2023-01-06,4,4,497.19
2023-01-07,4,4,524.24
2023-01-08,4,4,821.4
2023-01-09,4,4,546.53
2023-01-10,4,4,419.5
2023-01-11,4,4,381.55
2023-01-12,4,4,450.5
2023-01-13,4,4,469.34
2023-01-14,4,4,689.34
2023-01-15,4,4,490.5
2023-01-16,4,4,477.46
2023-01-17,4,4,353.1
2023-01-18,4,4,488.52
2023-01-19,4,4,451.44
2023-01-20,4,4,592.57
2023-01-21,4,4,458.83
2023-01-22,4,4,720.69
2023-01-23,4,4,342.56
2023-01-24,4,4,368.83
2023-01-25,4,4,344.91
2023-01-26,4,4,478.48
2023-01-27,4,4,380.25
2023-01-28,4,4,478.95
2023-01-29,4,4,619.08
2023-01-30,4,4,493.84
2023-01-31,4,4,465.59
2023-02-01,4,4,481.96
2023-02-02,4,4,629.95
2023-02-03,4,4,505.51
2023-02-04,4,4,721.33
2023-02-05,4,4,657.82
2023-02-06,4,4,414.11
2023-02-07,4,4,537.02
2023-02-08,4,4,447.62
2023-02-09,4,4,490.03
2023-02-10,4,4,519.94
2023-02-11,4,4,458.43
2023-02-12,4,4,490.98
2023-02-13,4,4,566.19
2023-02-14,4,4,448.94
2023-02-15,4,4,452.81
2023-02-16,4,4,511.75
2023-02-17,4,4,470.74
2023-02-18,4,4,690.71
2023-02-19,4,4,645.47
2023-02-20,4,4,515.62
2023-02-21,4,4,448.31
2023-02-22,4,4,515.97
2023-02-23,4,4,584.94
2023-02-24,4,4,459.36
2023-02-25,4,4,742.9
2023-02-26,4,4,648.62
2023-02-27,4,4,558.62
2023-02-28,4,4,513.26
2023-03-01,4,4,512.81
2023-03-02,4,4,542.81
2023-03-03,4,4,610.07
2023-03-04,4,4,695.21
2023-03-05,4,4,720.13
2023-03-06,4,4,488.62
2023-03-07,4,4,639.52
2023-03-08,4,4,567.68
2023-03-09,4,4,524.33
2023-03-10,4,4,509.11
2023-03-11,4,4,773.69
2023-03-12,4,4,613.8
2023-03-13,4,4,380.75
2023-03-14,4,4,525.75
2023-03-15,4,4,613.37
2023-03-16,4,4,645.14
2023-03-17,4,4,512.8
2023-03-18,4,4,682.45
2023-03-19,4,4,731.36
2023-03-20,4,4,501.56
2023-03-21,4,4,563.12
2023-03-22,4,4,516.3
2023-03-23,4,4,602.76
2023-03-24,4,4,580.52
2023-03-25,4,4,764.11
2023-03-26,4,4,660.78
2023-03-27,4,4,676.42
2023-03-28,4,4,563.29
2023-03-29,4,4,545.02
2023-03-30,4,4,465.87
2023-03-31,4,4,518.59
2023-04-01,4,4,680.8
2023-04-02,4,4,590.64
2023-04-03,4,4,492.96
2023-04-04,4,4,503.09
2023-04-05,4,4,520.6
2023-04-06,4,4,380.03
2023-04-07,4,4,506.49
2023-04-08,4,4,634.47
2023-04-09,4,4,670.89
2023-04-10,4,4,598.49
2023-04-11,4,4,677.99
2023-04-12,4,4,571.54
2023-04-13,4,4,422.98
2023-04-14,4,4,492.54
2023-04-15,4,4,736.16
2023-04-16,4,4,725.24
2023-04-17,4,4,597.61
2023-04-18,4,4,513.27
2023-04-19,4,4,492.81
2023-04-20,4,4,658.69
2023-04-21,4,4,526.53
2023-04-22,4,4,575.43
2023-04-23,4,4,829.77
2023-04-24,4,4,405.63
2023-04-25,4,4,248.98
2023-04-26,4,4,584.14
2023-04-27,4,4,595.65
2023-04-28,4,4,556.98
2023-04-29,4,4,548.92
2023-04-30,4,4,676.63
2023-05-01,4,4,472.13
2023-05-02,4,4,453.28
2023-05-03,4,4,597.84
2023-05-04,4,4,416.17
2023-05-05,4,4,517.44
2023-05-06,4,4,757.75
2023-05-07,4,4,679.87
2023-05-08,4,4,587.16
2023-05-09,4,4,537.22
2023-05-10,4,4,527.59
2023-05-11,4,4,523.3
2023-05-12,4,4,542.01
2023-05-13,4,4,608.33
2023-05-14,4,4,519.93
2023-05-15,4,4,568.5
2023-05-16,4,4,584.38
2023-05-17,4,4,516.82
2023-05-18,4,4,457.33
2023-05-19,4,4,382.14
2023-05-20,4,4,657.03
2023-05-21,4,4,517.77
2023-05-22,4,4,388.06
2023-05-23,4,4,498.43
2023-05-24,4,4,443.0
2023-05-25,4,4,526.58
2023-05-26,4,4,489.01
2023-05-27,4,4,592.4
2023-05-28,4,4,485.36
2023-05-29,4,4,437.76
2023-05-30,4,4,440.81
2023-05-31,4,4,410.26
2023-06-01,4,4,434.68
2023-06-02,4,4,378.81
2023-06-03,4,4,580.58
2023-06-04,4,4,617.07
2023-06-05,4,4,401.64
2023-06-06,4,4,488.03
2023-06-07,4,4,365.31
2023-06-08,4,4,382.72
2023-06-09,4,4,451.85
2023-06-10,4,4,659.57
2023-06-11,4,4,676.19
2023-06-12,4,4,571.95
2023-06-13,4,4,434.83
2023-06-14,4,4,452.35
2023-06-15,4,4,389.99
2023-06-16,4,4,374.93
2023-06-17,4,4,621.29
2023-06-18,4,4,531.13
2023-06-19,4,4,548.2
2023-06-20,4,4,361.42
2023-06-21,4,4,497.08
2023-06-22,4,4,393.64
2023-06-23,4,4,406.79
2023-06-24,4,4,652.24
2023-06-25,4,4,542.61
2023-06-26,4,4,428.83
2023-06-27,4,4,408.43
2023-06-28,4,4,590.0
2023-06-29,4,4,422.56
2023-06-30,4,4,469.6
2023-07-01,4,4,529.04
2023-07-02,4,4,564.05
2023-07-03,4,4,381.46
2023-07-04,4,4,407.81
2023-07-05,4,4,445.61
2023-07-06,4,4,366.52
2023-07-07,4,4,490.13
2023-07-08,4,4,645.49
2023-07-09,4,4,598.28
2023-07-10,4,4,426.53
2023-07-11,4,4,232.9
2023-07-12,4,4,449.55
2023-07-13,4,4,398.1
2023-07-14,4,4,407.56
2023-07-15,4,4,393.83
2023-07-16,4,4,591.64
2023-07-17,4,4,331.88
2023-07-18,4,4,431.82
2023-07-19,4,4,482.16
2023-07-20,4,4,394.91
2023-07-21,4,4,502.63
2023-07-22,4,4,491.01
2023-07-23,4,4,603.16
2023-07-24,4,4,342.55
2023-07-25,4,4,492.1
2023-07-26,4,4,482.49
2023-07-27,4,4,456.7
2023-07-28,4,4,401.8
2023-07-29,4,4,438.63
2023-07-30,4,4,523.23
2023-07-31,4,4,499.06
2023-08-01,4,4,400.93
2023-08-02,4,4,301.84
2023-08-03,4,4,327.33
2023-08-04,4,4,468.07
2023-08-05,4,4,550.05
2023-08-06,4,4,417.93
2023-08-07,4,4,290.2
2023-08-08,4,4,357.97
2023-08-09,4,4,285.49
2023-08-10,4,4,386.26
2023-08-11,4,4,541.29
2023-08-12,4,4,391.49
2023-08-13,4,4,500.75
2023-08-14,4,4,474.53
2023-08-15,4,4,441.33
2023-08-16,4,4,388.14
2023-08-17,4,4,388.53
2023-08-18,4,4,328.58
2023-08-19,4,4,496.31
2023-08-20,4,4,536.29
2023-08-21,4,4,464.26
2023-08-22,4,4,361.43
2023-08-23,4,4,387.39
2023-08-24,4,4,342.19
2023-08-25,4,4,412.74
2023-08-26,4,4,580.4
2023-08-27,4,4,568.75
2023-08-28,4,4,329.78
2023-08-29,4,4,409.06
2023-08-30,4,4,359.8
2023-08-31,4,4,461.52
2023-09-01,4,4,378.61
2023-09-02,4,4,389.67
2023-09-03,4,4,488.37
2023-09-04,4,4,415.45
2023-09-05,4,4,403.2
2023-09-06,4,4,359.32
2023-09-07,4,4,355.25
2023-09-08,4,4,331.96
2023-09-09,4,4,476.89
2023-09-10,4,4,442.11
2023-09-11,4,4,447.22
2023-09-12,4,4,337.85
2023-09-13,4,4,398.06
2023-09-14,4,4,394.32
2023-09-15,4,4,446.89
2023-09-16,4,4,592.29
2023-09-17,4,4,562.59
2023-09-18,4,4,412.85
2023-09-19,4,4,330.62
2023-09-20,4,4,329.64
2023-09-21,4,4,342.99
2023-09-22,4,4,437.4
2023-09-23,4,4,516.92
2023-09-24,4,4,578.27
2023-09-25,4,4,453.02
2023-09-26,4,4,351.12
2023-09-27,4,4,396.17
2023-09-28,4,4,393.74
2023-09-29,4,4,375.34
2023-09-30,4,4,472.29
2023-10-01,4,4,625.38
2023-10-02,4,4,411.91
2023-10-03,4,4,409.78
2023-10-04,4,4,359.94
2023-10-05,4,4,450.94
2023-10-06,4,4,347.95
2023-10-07,4,4,569.33
2023-10-08,4,4,571.86
2023-10-09,4,4,385.07
2023-10-10,4,4,430.29
2023-10-11,4,4,422.41
2023-10-12,4,4,408.79
2023-10-13,4,4,412.26
2023-10-14,4,4,540.19
2023-10-15,4,4,545.99
2023-10-16,4,4,415.94
2023-10-17,4,4,344.17
2023-10-18,4,4,403.29
2023-10-19,4,4,429.37
2023-10-20,4,4,419.24
2023-10-21,4,4,614.39
2023-10-22,4,4,587.85
2023-10-23,4,4,359.91
2023-10-24,4,4,403.85
2023-10-25,4,4,395.1
2023-10-26,4,4,414.44
2023-10-27,4,4,414.77
2023-10-28,4,4,589.28
2023-10-29,4,4,554.46
2023-10-30,4,4,492.43
2023-10-31,4,4,430.99
2023-11-01,4,4,396.61
2023-11-02,4,4,421.55
2023-11-03,4,4,494.68
2023-11-04,4,4,447.17
2023-11-05,4,4,471.19
2023-11-06,4,4,455.14
2023-11-07,4,4,519.54
2023-11-08,4,4,544.15
2023-11-09,4,4,440.4
2023-11-10,4,4,527.98
2023-11-11,4,4,598.92
2023-11-12,4,4,456.67
2023-11-13,4,4,455.76
2023-11-14,4,4,414.19
2023-11-15,4,4,519.78
2023-11-16,4,4,455.36
2023-11-17,4,4,369.72
2023-11-18,4,4,461.13
2023-11-19,4,4,593.45
2023-11-20,4,4,291.87
2023-11-21,4,4,422.85
2023-11-22,4,4,474.65
2023-11-23,4,4,386.25
2023-11-24,4,4,527.78
2023-11-25,4,4,704.17
2023-11-26,4,4,506.62
2023-11-27,4,4,439.54
2023-11-28,4,4,529.07
2023-11-29,4,4,460.56
2023-11-30,4,4,364.51
2023-12-01,4,4,501.42
2023-12-02,4,4,581.29
2023-12-03,4,4,777.83
2023-12-04,4,4,560.0
2023-12-05,4,4,489.47
2023-12-06,4,4,524.91
2023-12-07,4,4,413.35
2023-12-08,4,4,456.37
2023-12-09,4,4,825.25
2023-12-10,4,4,675.08
2023-12-11,4,4,587.37
2023-12-12,4,4,533.71
2023-12-13,4,4,617.8
2023-12-14,4,4,361.54
2023-12-15,4,4,502.08
2023-12-16,4,4,837.86
2023-12-17,4,4,768.89
2023-12-18,4,4,620.46
2023-12-19,4,4,517.34
2023-12-20,4,4,476.42
2023-12-21,4,4,438.59
2023-12-22,4,4,433.42
2023-12-23,4,4,756.49
2023-12-24,4,4,727.17
2023-12-25,4,4,514.49
2023-12-26,4,4,559.62
2023-12-27,4,4,531.4
2023-12-28,4,4,595.72
2023-12-29,4,4,595.32
2023-12-30,4,4,569.22
2023-12-31,4,4,705.76
2022-01-01,4,5,285.5
2022-01-02,4,5,291.65
2022-01-03,4,5,261.46
2022-01-04,4,5,343.29
2022-01-05,4,5,251.33
2022-01-06,4,5,306.74
2022-01-07,4,5,250.22
2022-01-08,4,5,273.56
2022-01-09,4,5,291.0
2022-01-10,4,5,227.41
2022-01-11,4,5,250.9
2022-01-12,4,5,271.41
2022-01-13,4,5,230.8
2022-01-14,4,5,286.75
2022-01-15,4,5,385.98
2022-01-16,4,5,320.72
2022-01-17,4,5,292.52
2022-01-18,4,5,182.38
2022-01-19,4,5,166.49
2022-01-20,4,5,290.08
2022-01-21,4,5,241.78
2022-01-22,4,5,446.91
2022-01-23,4,5,331.53
2022-01-24,4,5,220.04
2022-01-25,4,5,324.69
2022-01-26,4,5,284.9
2022-01-27,4,5,319.96
2022-01-28,4,5,237.03
2022-01-29,4,5,356.68
2022-01-30,4,5,294.06
2022-01-31,4,5,192.39
2022-02-01,4,5,309.26
2022-02-02,4,5,259.45
2022-02-03,4,5,237.16
2022-02-04,4,5,220.97
2022-02-05,4,5,373.1
2022-02-06,4,5,367.0
2022-02-07,4,5,259.59
2022-02-08,4,5,251.82
2022-02-09,4,5,312.65
2022-02-10,4,5,176.18
2022-02-11,4,5,307.56
2022-02-12,4,5,391.12
2022-02-13,4,5,298.42
2022-02-14,4,5,200.02
2022-02-15,4,5,306.94
2022-02-16,4,5,232.61
2022-02-17,4,5,349.28
2022-02-18,4,5,372.72
2022-02-19,4,5,391.62
2022-02-20,4,5,362.81
2022-02-21,4,5,274.34
2022-02-22,4,5,211.28
2022-02-23,4,5,272.02
2022-02-24,4,5,264.9
2022-02-25,4,5,257.57
2022-02-26,4,5,392.29
2022-02-27,4,5,378.17
2022-02-28,4,5,319.23
2022-03-01,4,5,272.9
2022-03-02,4,5,319.08
2022-03-03,4,5,293.25
2022-03-04,4,5,319.41
2022-03-05,4,5,377.05
2022-03-06,4,5,483.69
2022-03-07,4,5,186.33
2022-03-08,4,5,321.9
2022-03-09,4,5,332.4
2022-03-10,4,5,238.81
2022-03-11,4,5,375.9
2022-03-12,4,5,385.29
2022-03-13,4,5,377.17
2022-03-14,4,5,312.42
2022-03-15,4,5,335.65
2022-03-16,4,5,302.37
2022-03-17,4,5,301.25
2022-03-18,4,5,334.38
2022-03-19,4,5,442.69
2022-03-20,4,5,406.41
2022-03-21,4,5,228.72
2022-03-22,4,5,252.6
2022-03-23,4,5,346.98
2022-03-24,4,5,286.24
2022-03-25,4,5,272.13
2022-03-26,4,5,414.7
2022-03-27,4,5,407.84
2022-03-28,4,5,290.0
2022-03-29,4,5,333.55
2022-03-30,4,5,243.23
2022-03-31,4,5,222.51
2022-04-01,4,5,360.5
2022-04-02,4,5,318.33
2022-04-03,4,5,298.35
2022-04-04,4,5,280.57
2022-04-05,4,5,293.96
2022-04-06,4,5,274.33
2022-04-07,4,5,285.67
2022-04-08,4,5,232.95
2022-04-09,4,5,426.5
2022-04-10,4,5,297.13
2022-04-11,4,5,297.89
2022-04-12,4,5,307.59
2022-04-13,4,5,326.38
2022-04-14,4,5,307.85
2022-04-15,4,5,249.33
2022-04-16,4,5,363.79
2022-04-17,4,5,347.08
2022-04-18,4,5,228.28
2022-04-19,4,5,318.59
2022-04-20,4,5,265.35
2022-04-21,4,5,306.27
2022-04-22,4,5,294.86
2022-04-23,4,5,323.69
2022-04-24,4,5,320.07
2022-04-25,4,5,285.56
2022-04-26,4,5,241.65
2022-04-27,4,5,345.88
2022-04-28,4,5,362.3
2022-04-29,4,5,337.19
2022-04-30,4,5,413.18
2022-05-01,4,5,371.84
2022-05-02,4,5,239.09
2022-05-03,4,5,319.18
2022-05-04,4,5,342.62
2022-05-05,4,5,269.96
2022-05-06,4,5,283.14
2022-05-07,4,5,325.54
2022-05-08,4,5,352.33
2022-05-09,4,5,231.6
2022-05-10,4,5,273.31
2022-05-11,4,5,304.52
2022-05-12,4,5,300.17
2022-05-13,4,5,297.23
2022-05-14,4,5,236.24
2022-05-15,4,5,375.75
2022-05-16,4,5,313.64
2022-05-17,4,5,287.1
2022-05-18,4,5,336.73
2022-05-19,4,5,283.67
2022-05-20,4,5,305.4
2022-05-21,4,5,318.63
2022-05-22,4,5,408.37
2022-05-23,4,5,323.1
2022-05-24,4,5,258.29
2022-05-25,4,5,227.42
2022-05-26,4,5,270.16
2022-05-27,4,5,246.58
2022-05-28,4,5,411.23
2022-05-29,4,5,349.97
2022-05-30,4,5,322.1
2022-05-31,4,5,222.75
2022-06-01,4,5,231.89
2022-06-02,4,5,234.66
2022-06-03,4,5,276.22
2022-06-04,4,5,237.63
2022-06-05,4,5,331.19
2022-06-06,4,5,251.4
2022-06-07,4,5,280.61
2022-06-08,4,5,268.42
2022-06-09,4,5,228.46
2022-06-10,4,5,176.45
2022-06-11,4,5,307.08
2022-06-12,4,5,281.48
2022-06-13,4,5,219.05
2022-06-14,4,5,238.27
2022-06-15,4,5,300.88
2022-06-16,4,5,217.17
2022-06-17,4,5,193.77
2022-06-18,4,5,318.95
2022-06-19,4,5,335.01
2022-06-20,4,5,255.22
2022-06-21,4,5,242.74
2022-06-22,4,5,259.73
2022-06-23,4,5,278.58
2022-06-24,4,5,234.75
2022-06-25,4,5,404.23
2022-06-26,4,5,342.05
2022-06-27,4,5,310.55
2022-06-28,4,5,281.72
2022-06-29,4,5,219.96
2022-06-30,4,5,191.86
2022-07-01,4,5,283.59
2022-07-02,4,5,274.61
2022-07-03,4,5,313.78
2022-07-04,4,5,222.98
2022-07-05,4,5,294.76
2022-07-06,4,5,242.81
2022-07-07,4,5,194.88
2022-07-08,4,5,236.24
2022-07-09,4,5,374.02
2022-07-10,4,5,278.5
2022-07-11,4,5,188.83
2022-07-12,4,5,273.83
2022-07-13,4,5,210.74
2022-07-14,4,5,184.18
2022-07-15,4,5,212.34
2022-07-16,4,5,332.65
2022-07-17,4,5,340.88
2022-07-18,4,5,260.84
2022-07-19,4,5,208.09
2022-07-20,4,5,280.02
2022-07-21,4,5,274.16
2022-07-22,4,5,265.02
2022-07-23,4,5,270.15
2022-07-24,4,5,292.42
2022-07-25,4,5,260.03
2022-07-26,4,5,270.15
2022-07-27,4,5,210.71
2022-07-28,4,5,314.55
2022-07-29,4,5,243.95
2022-07-30,4,5,370.49
2022-07-31,4,5,263.71
2022-08-01,4,5,236.6
2022-08-02,4,5,185.86
2022-08-03,4,5,235.11
2022-08-04,4,5,246.09
2022-08-05,4,5,248.22
2022-08-06,4,5,266.27
2022-08-07,4,5,217.64
2022-08-08,4,5,242.03
2022-08-09,4,5,217.13
2022-08-10,4,5,217.29
2022-08-11,4,5,199.24
2022-08-12,4,5,229.7
2022-08-13,4,5,301.08
2022-08-14,4,5,349.48
2022-08-15,4,5,161.61
2022-08-16,4,5,186.03
2022-08-17,4,5,248.64
2022-08-18,4,5,155.51
2022-08-19,4,5,207.53
2022-08-20,4,5,411.44
2022-08-21,4,5,290.57
2022-08-22,4,5,258.07
2022-08-23,4,5,174.45
2022-08-24,4,5,258.52
2022-08-25,4,5,220.73
2022-08-26,4,5,244.44
2022-08-27,4,5,330.31
2022-08-28,4,5,281.34
2022-08-29,4,5,252.02
2022-08-30,4,5,195.3
2022-08-31,4,5,237.08
2022-09-01,4,5,245.58
2022-09-02,4,5,209.39
2022-09-03,4,5,253.52
2022-09-04,4,5,276.37
2022-09-05,4,5,266.0
2022-09-06,4,5,260.93
2022-09-07,4,5,255.07
2022-09-08,4,5,282.09
2022-09-09,4,5,230.45
2022-09-10,4,5,307.45
2022-09-11,4,5,210.17
2022-09-12,4,5,199.29
2022-09-13,4,5,248.69
2022-09-14,4,5,261.26
2022-09-15,4,5,186.48
2022-09-16,4,5,228.29
2022-09-17,4,5,398.79
2022-09-18,4,5,297.5
2022-09-19,4,5,282.37
2022-09-20,4,5,244.36
2022-09-21,4,5,252.02
2022-09-22,4,5,200.89
2022-09-23,4,5,176.63
2022-09-24,4,5,335.72
2022-09-25,4,5,317.1
2022-09-26,4,5,235.49
2022-09-27,4,5,187.06
2022-09-28,4,5,221.23
2022-09-29,4,5,212.28
2022-09-30,4,5,215.89
2022-10-01,4,5,325.56
2022-10-02,4,5,348.39
2022-10-03,4,5,252.92
2022-10-04,4,5,249.78
2022-10-05,4,5,247.03
2022-10-06,4,5,236.71
2022-10-07,4,5,212.96
2022-10-08,4,5,318.73
2022-10-09,4,5,352.26
2022-10-10,4,5,239.63
2022-10-11,4,5,210.35
2022-10-12,4,5,200.42
2022-10-13,4,5,209.45
2022-10-14,4,5,202.64
2022-10-15,4,5,456.25
2022-10-16,4,5,276.55
2022-10-17,4,5,243.76
2022-10-18,4,5,242.17
2022-10-19,4,5,297.61
2022-10-20,4,5,261.57
2022-10-21,4,5,261.6
2022-10-22,4,5,328.34
2022-10-23,4,5,333.43
2022-10-24,4,5,258.42
2022-10-25,4,5,223.48
2022-10-26,4,5,212.92
2022-10-27,4,5,249.25
2022-10-28,4,5,227.35
2022-10-29,4,5,330.59
2022-10-30,4,5,269.82
2022-10-31,4,5,193.05
2022-11-01,4,5,218.18
2022-11-02,4,5,267.2
2022-11-03,4,5,204.88
2022-11-04,4,5,349.75
2022-11-05,4,5,455.16
2022-11-06,4,5,399.13
2022-11-07,4,5,256.2
2022-11-08,4,5,251.75
2022-11-09,4,5,283.73
2022-11-10,4,5,296.18
2022-11-11,4,5,284.15
2022-11-12,4,5,284.37
2022-11-13,4,5,344.13
2022-11-14,4,5,294.49
2022-11-15,4,5,176.22
2022-11-16,4,5,227.82
2022-11-17,4,5,294.86
2022-11-18,4,5,260.7
2022-11-19,4,5,339.23
2022-11-20,4,5,415.31
2022-11-21,4,5,271.92
2022-11-22,4,5,254.86
2022-11-23,4,5,261.84
2022-11-24,4,5,263.39
2022-11-25,4,5,240.54
2022-11-26,4,5,345.78
2022-11-27,4,5,296.78
2022-11-28,4,5,261.8
2022-11-29,4,5,254.44
2022-11-30,4,5,285.57
2022-12-01,4,5,376.61
2022-12-02,4,5,319.08
2022-12-03,4,5,405.74
2022-12-04,4,5,413.88
2022-12-05,4,5,267.97
2022-12-06,4,5,340.48
2022-12-07,4,5,327.06
2022-12-08,4,5,306.42
2022-12-09,4,5,325.17
2022-12-10,4,5,421.39
2022-12-11,4,5,421.81
2022-12-12,4,5,355.57
2022-12-13,4,5,274.44
2022-12-14,4,5,370.83
2022-12-15,4,5,235.56
2022-12-16,4,5,341.15
2022-12-17,4,5,413.9
2022-12-18,4,5,345.68
2022-12-19,4,5,359.04
2022-12-20,4,5,226.59
2022-12-21,4,5,387.43
2022-12-22,4,5,417.25
2022-12-23,4,5,304.32
2022-12-24,4,5,343.27
2022-12-25,4,5,370.94
2022-12-26,4,5,358.37
2022-12-27,4,5,297.74
2022-12-28,4,5,175.24
2022-12-29,4,5,331.35
2022-12-30,4,5,355.6
2022-12-31,4,5,439.4
2023-01-01,4,5,494.41
2023-01-02,4,5,428.88
2023-01-03,4,5,334.96
2023-01-04,4,5,435.41
2023-01-05,4,5,338.41
2023-01-06,4,5,405.28
2023-01-07,4,5,441.39
2023-01-08,4,5,589.35
2023-01-09,4,5,381.22
2023-01-10,4,5,342.69
2023-01-11,4,5,285.35
2023-01-12,4,5,358.98
2023-01-13,4,5,305.64
2023-01-14,4,5,483.32
2023-01-15,4,5,498.5
2023-01-16,4,5,403.72
2023-01-17,4,5,377.66
2023-01-18,4,5,353.93
2023-01-19,4,5,419.52
2023-01-20,4,5,425.91
2023-01-21,4,5,383.68
2023-01-22,4,5,576.48
2023-01-23,4,5,415.7
2023-01-24,4,5,306.3
2023-01-25,4,5,252.42
2023-01-26,4,5,415.3
2023-01-27,4,5,362.89
2023-01-28,4,5,426.66
2023-01-29,4,5,479.84
2023-01-30,4,5,415.53
2023-01-31,4,5,245.44
2023-02-01,4,5,383.91
2023-02-02,4,5,380.3
2023-02-03,4,5,462.02
2023-02-04,4,5,551.87
2023-02-05,4,5,551.58
2023-02-06,4,5,352.95
2023-02-07,4,5,416.4
2023-02-08,4,5,351.11
2023-02-09,4,5,372.76
2023-02-10,4,5,411.85
2023-02-11,4,5,499.64
2023-02-12,4,5,517.09
2023-02-13,4,5,454.87
2023-02-14,4,5,359.47
2023-02-15,4,5,321.33
2023-02-16,4,5,329.03
2023-02-17,4,5,316.82
2023-02-18,4,5,615.32
2023-02-19,4,5,544.82
2023-02-20,4,5,443.23
2023-02-21,4,5,433.27
2023-02-22,4,5,371.07
2023-02-23,4,5,476.29
2023-02-24,4,5,343.3
2023-02-25,4,5,648.63
2023-02-26,4,5,507.84
2023-02-27,4,5,486.77
2023-02-28,4,5,323.63
2023-03-01,4,5,367.67
2023-03-02,4,5,298.81
2023-03-03,4,5,455.21
2023-03-04,4,5,531.58
2023-03-05,4,5,667.51
2023-03-06,4,5,365.86
2023-03-07,4,5,473.95
2023-03-08,4,5,399.78
2023-03-09,4,5,389.76
2023-03-10,4,5,378.43
2023-03-11,4,5,449.4
2023-03-12,4,5,543.91
2023-03-13,4,5,409.0
2023-03-14,4,5,303.12
2023-03-15,4,5,247.44
2023-03-16,4,5,378.6
2023-03-17,4,5,466.82
2023-03-18,4,5,534.38
2023-03-19,4,5,416.38
2023-03-20,4,5,292.37
2023-03-21,4,5,467.69
2023-03-22,4,5,300.0
2023-03-23,4,5,444.66
2023-03-24,4,5,433.56
2023-03-25,4,5,647.08
2023-03-26,4,5,470.95
2023-03-27,4,5,456.69
2023-03-28,4,5,484.68
2023-03-29,4,5,320.45
2023-03-30,4,5,409.13
2023-03-31,4,5,398.97
2023-04-01,4,5,429.05
2023-04-02,4,5,531.12
2023-04-03,4,5,324.29
2023-04-04,4,5,416.07
2023-04-05,4,5,522.18
2023-04-06,4,5,381.98
2023-04-07,4,5,388.71
2023-04-08,4,5,621.97
2023-04-09,4,5,610.3
2023-04-10,4,5,358.53
2023-04-11,4,5,436.22
2023-04-12,4,5,220.43
2023-04-13,4,5,336.31
2023-04-14,4,5,459.8
2023-04-15,4,5,475.98
2023-04-16,4,5,500.28
2023-04-17,4,5,341.98
2023-04-18,4,5,332.65
2023-04-19,4,5,248.7
2023-04-20,4,5,376.16
2023-04-21,4,5,425.91
2023-04-22,4,5,537.06
2023-04-23,4,5,453.56
2023-04-24,4,5,313.41
2023-04-25,4,5,376.79
2023-04-26,4,5,319.82
2023-04-27,4,5,353.7
2023-04-28,4,5,407.74
2023-04-29,4,5,452.32
2023-04-30,4,5,621.16
2023-05-01,4,5,316.84
2023-05-02,4,5,341.93
2023-05-03,4,5,424.26
2023-05-04,4,5,415.55
2023-05-05,4,5,406.0
2023-05-06,4,5,443.26
2023-05-07,4,5,533.48
2023-05-08,4,5,422.42
2023-05-09,4,5,402.85
2023-05-10,4,5,376.23
2023-05-11,4,5,411.07
2023-05-12,4,5,374.27
2023-05-13,4,5,522.32
2023-05-14,4,5,498.32
2023-05-15,4,5,293.38
2023-05-16,4,5,346.35
2023-05-17,4,5,498.38
2023-05-18,4,5,269.63
2023-05-19,4,5,468.91
2023-05-20,4,5,541.2
2023-05-21,4,5,497.65
2023-05-22,4,5,285.04
2023-05-23,4,5,381.29
2023-05-24,4,5,338.89
2023-05-25,4,5,449.97
2023-05-26,4,5,343.9
2023-05-27,4,5,476.52
2023-05-28,4,5,515.78
2023-05-29,4,5,345.86
2023-05-30,4,5,438.22
2023-05-31,4,5,366.37
2023-06-01,4,5,250.37
2023-06-02,4,5,356.88
2023-06-03,4,5,508.97
2023-06-04,4,5,552.28
2023-06-05,4,5,378.67
2023-06-06,4,5,410.43
2023-06-07,4,5,375.91
2023-06-08,4,5,299.95
2023-06-09,4,5,309.52
2023-06-10,4,5,298.82
2023-06-11,4,5,441.53
2023-06-12,4,5,385.69
2023-06-13,4,5,268.33
2023-06-14,4,5,420.02
2023-06-15,4,5,346.55
2023-06-16,4,5,304.85
2023-06-17,4,5,349.38
2023-06-18,4,5,572.71
2023-06-19,4,5,415.48
2023-06-20,4,5,331.76
2023-06-21,4,5,402.6
2023-06-22,4,5,342.48
2023-06-23,4,5,321.74
2023-06-24,4,5,415.17
2023-06-25,4,5,444.53
2023-06-26,4,5,333.32
2023-06-27,4,5,358.01
2023-06-28,4,5,440.61
2023-06-29,4,5,476.59
2023-06-30,4,5,291.32
2023-07-01,4,5,444.8
2023-07-02,4,5,429.49
2023-07-03,4,5,346.01
2023-07-04,4,5,299.06
2023-07-05,4,5,347.12
2023-07-06,4,5,254.67
2023-07-07,4,5,484.36
2023-07-08,4,5,436.23
2023-07-09,4,5,464.08
2023-07-10,4,5,267.95
2023-07-11,4,5,288.57
2023-07-12,4,5,251.36
2023-07-13,4,5,393.05
2023-07-14,4,5,269.06
2023-07-15,4,5,408.0
2023-07-16,4,5,411.06
2023-07-17,4,5,346.36
2023-07-18,4,5,260.88
2023-07-19,4,5,365.58
2023-07-20,4,5,384.54
2023-07-21,4,5,292.14
2023-07-22,4,5,419.46
2023-07-23,4,5,461.71
2023-07-24,4,5,337.31
2023-07-25,4,5,276.32
2023-07-26,4,5,359.49
2023-07-27,4,5,399.33
2023-07-28,4,5,399.43
2023-07-29,4,5,460.22
2023-07-30,4,5,472.64
2023-07-31,4,5,307.26
2023-08-01,4,5,258.69
2023-08-02,4,5,297.05
2023-08-03,4,5,402.35
2023-08-04,4,5,276.59
2023-08-05,4,5,416.41
2023-08-06,4,5,413.35
2023-08-07,4,5,284.19
2023-08-08,4,5,368.34
2023-08-09,4,5,373.33
2023-08-10,4,5,422.35
2023-08-11,4,5,265.71
2023-08-12,4,5,416.64
2023-08-13,4,5,398.13
2023-08-14,4,5,271.29
2023-08-15,4,5,272.38
2023-08-16,4,5,310.39
2023-08-17,4,5,281.78
2023-08-18,4,5,258.64
2023-08-19,4,5,401.7
2023-08-20,4,5,329.15
2023-08-21,4,5,282.51
2023-08-22,4,5,320.44
2023-08-23,4,5,297.98
2023-08-24,4,5,292.58
2023-08-25,4,5,387.15
2023-08-26,4,5,479.47
2023-08-27,4,5,401.27
2023-08-28,4,5,258.67
2023-08-29,4,5,342.41
2023-08-30,4,5,421.22
2023-08-31,4,5,368.25
2023-09-01,4,5,238.23
2023-09-02,4,5,373.55
2023-09-03,4,5,342.85
2023-09-04,4,5,255.31
2023-09-05,4,5,347.19
2023-09-06,4,5,346.46
2023-09-07,4,5,376.15
2023-09-08,4,5,327.47
2023-09-09,4,5,384.04
2023-09-10,4,5,397.78
2023-09-11,4,5,257.33
2023-09-12,4,5,359.2
2023-09-13,4,5,265.0
2023-09-14,4,5,280.05
2023-09-15,4,5,284.92
2023-09-16,4,5,209.44
2023-09-17,4,5,439.11
2023-09-18,4,5,256.55
2023-09-19,4,5,330.2
2023-09-20,4,5,279.29
2023-09-21,4,5,279.06
2023-09-22,4,5,249.86
2023-09-23,4,5,471.21
2023-09-24,4,5,484.54
2023-09-25,4,5,345.41
2023-09-26,4,5,312.49
2023-09-27,4,5,306.85
2023-09-28,4,5,349.95
2023-09-29,4,5,295.42
2023-09-30,4,5,469.07
2023-10-01,4,5,346.54
2023-10-02,4,5,357.65
2023-10-03,4,5,372.07
2023-10-04,4,5,260.72
2023-10-05,4,5,273.01
2023-10-06,4,5,310.43
2023-10-07,4,5,432.31
2023-10-08,4,5,369.08
2023-10-09,4,5,317.41
2023-10-10,4,5,216.18
2023-10-11,4,5,349.43
2023-10-12,4,5,351.86
2023-10-13,4,5,385.44
2023-10-14,4,5,443.38
2023-10-15,4,5,385.81
2023-10-16,4,5,266.57
2023-10-17,4,5,276.23
2023-10-18,4,5,310.6
2023-10-19,4,5,274.97
2023-10-20,4,5,278.84
2023-10-21,4,5,407.65
2023-10-22,4,5,311.05
2023-10-23,4,5,268.82
2023-10-24,4,5,326.29
2023-10-25,4,5,328.76
2023-10-26,4,5,357.35
2023-10-27,4,5,323.86
2023-10-28,4,5,413.61
2023-10-29,4,5,451.31
2023-10-30,4,5,326.13
2023-10-31,4,5,271.0
2023-11-01,4,5,304.12
2023-11-02,4,5,432.73
2023-11-03,4,5,512.93
2023-11-04,4,5,499.73
2023-11-05,4,5,382.19
2023-11-06,4,5,445.32
2023-11-07,4,5,324.42
2023-11-08,4,5,369.13
2023-11-09,4,5,346.16
2023-11-10,4,5,357.12
2023-11-11,4,5,422.08
2023-11-12,4,5,540.23
2023-11-13,4,5,338.42
2023-11-14,4,5,380.26
2023-11-15,4,5,379.36
2023-11-16,4,5,342.89
2023-11-17,4,5,270.13
2023-11-18,4,5,397.48
2023-11-19,4,5,502.57
2023-11-20,4,5,365.61
2023-11-21,4,5,306.95
2023-11-22,4,5,352.2
2023-11-23,4,5,361.13
2023-11-24,4,5,380.95
2023-11-25,4,5,580.11
2023-11-26,4,5,299.83
2023-11-27,4,5,414.68
2023-11-28,4,5,362.59
2023-11-29,4,5,297.06
2023-11-30,4,5,360.26
2023-12-01,4,5,475.66
2023-12-02,4,5,641.55
2023-12-03,4,5,430.79
2023-12-04,4,5,341.71
2023-12-05,4,5,315.79
2023-12-06,4,5,405.71
2023-12-07,4,5,408.85
2023-12-08,4,5,450.6
2023-12-09,4,5,544.31
2023-12-10,4,5,579.27
2023-12-11,4,5,311.37
2023-12-12,4,5,496.82
2023-12-13,4,5,470.21
2023-12-14,4,5,362.59
2023-12-15,4,5,347.55
2023-12-16,4,5,569.98
2023-12-17,4,5,392.76
2023-12-18,4,5,351.24
2023-12-19,4,5,334.11
2023-12-20,4,5,389.49
2023-12-21,4,5,369.13
2023-12-22,4,5,349.07
2023-12-23,4,5,446.47
2023-12-24,4,5,465.63
2023-12-25,4,5,325.62
2023-12-26,4,5,428.9
2023-12-27,4,5,463.88
2023-12-28,4,5,420.99
2023-12-29,4,5,479.71
2023-12-30,4,5,451.63
2023-12-31,4,5,459.02
2022-01-01,4,6,67.55
2022-01-02,4,6,66.68
2022-01-03,4,6,47.25
2022-01-04,4,6,41.51
2022-01-05,4,6,58.14
2022-01-06,4,6,47.69
2022-01-07,4,6,42.05
2022-01-08,4,6,67.41
2022-01-09,4,6,56.1
2022-01-10,4,6,41.7
2022-01-11,4,6,45.92
2022-01-12,4,6,43.85
2022-01-13,4,6,42.09
2022-01-14,4,6,54.71
2022-01-15,4,6,62.43
2022-01-16,4,6,75.52
2022-01-17,4,6,42.68
2022-01-18,4,6,36.3
2022-01-19,4,6,50.15
2022-01-20,4,6,62.77
2022-01-21,4,6,53.06
2022-01-22,4,6,94.8
2022-01-23,4,6,67.21
2022-01-24,4,6,51.03
2022-01-25,4,6,33.39
2022-01-26,4,6,52.56
2022-01-27,4,6,50.69
2022-01-28,4,6,46.46
2022-01-29,4,6,63.07
2022-01-30,4,6,63.8
2022-01-31,4,6,48.29
2022-02-01,4,6,69.59
2022-02-02,4,6,50.08
2022-02-03,4,6,54.43
2022-02-04,4,6,49.92
2022-02-05,4,6,77.27
2022-02-06,4,6,71.05
2022-02-07,4,6,51.05
2022-02-08,4,6,37.93
2022-02-09,4,6,55.34
2022-02-10,4,6,50.96
2022-02-11,4,6,53.01
2022-02-12,4,6,57.27
2022-02-13,4,6,84.66
2022-02-14,4,6,60.55
2022-02-15,4,6,65.23
2022-02-16,4,6,63.0
2022-02-17,4,6,58.59
2022-02-18,4,6,44.63
2022-02-19,4,6,89.46
2022-02-20,4,6,60.39
2022-02-21,4,6,51.84
2022-02-22,4,6,59.79
2022-02-23,4,6,60.25
2022-02-24,4,6,58.81
2022-02-25,4,6,50.96
2022-02-26,4,6,64.13
2022-02-27,4,6,97.46
2022-02-28,4,6,54.05
2022-03-01,4,6,54.31
2022-03-02,4,6,49.75
2022-03-03,4,6,57.82
2022-03-04,4,6,57.48
2022-03-05,4,6,72.46
2022-03-06,4,6,76.87
2022-03-07,4,6,70.79
2022-03-08,4,6,51.03
2022-03-09,4,6,56.45
2022-03-10,4,6,50.68
2022-03-11,4,6,58.67
2022-03-12,4,6,66.88
2022-03-13,4,6,67.42
2022-03-14,4,6,44.01
2022-03-15,4,6,57.23
2022-03-16,4,6,60.09
2022-03-17,4,6,72.28
2022-03-18,4,6,60.54
2022-03-19,4,6,68.63
2022-03-20,4,6,58.64
2022-03-21,4,6,46.33
2022-03-22,4,6,45.74
2022-03-23,4,6,72.83
2022-03-24,4,6,59.33
2022-03-25,4,6,51.95
2022-03-26,4,6,63.41
2022-03-27,4,6,64.62
2022-03-28,4,6,51.87
2022-03-29,4,6,68.42
2022-03-30,4,6,56.93
2022-03-31,4,6,44.81
2022-04-01,4,6,75.43
2022-04-02,4,6,60.42
2022-04-03,4,6,66.49
2022-04-04,4,6,67.21
2022-04-05,4,6,59.72
2022-04-06,4,6,52.31
2022-04-07,4,6,45.92
2022-04-08,4,6,48.2
2022-04-09,4,6,63.38
2022-04-10,4,6,73.5
2022-04-11,4,6,58.15
2022-04-12,4,6,55.32
2022-04-13,4,6,56.3
2022-04-14,4,6,47.75
2022-04-15,4,6,59.23
2022-04-16,4,6,88.0
2022-04-17,4,6,72.08
2022-04-18,4,6,55.33
2022-04-19,4,6,57.65
2022-04-20,4,6,66.55
2022-04-21,4,6,49.39
2022-04-22,4,6,69.52
2022-04-23,4,6,78.98
2022-04-24,4,6,74.68
2022-04-25,4,6,67.67
2022-04-26,4,6,47.14
2022-04-27,4,6,61.84
2022-04-28,4,6,61.11
2022-04-29,4,6,49.39
2022-04-30,4,6,79.92
2022-05-01,4,6,73.14
2022-05-02,4,6,52.57
2022-05-03,4,6,61.06
2022-05-04,4,6,49.47
2022-05-05,4,6,56.35
2022-05-06,4,6,53.14
2022-05-07,4,6,64.03
2022-05-08,4,6,75.92
2022-05-09,4,6,52.66
2022-05-10,4,6,42.38
2022-05-11,4,6,39.74
2022-05-12,4,6,60.95
2022-05-13,4,6,44.56
2022-05-14,4,6,73.94
2022-05-15,4,6,71.62
2022-05-16,4,6,51.67
2022-05-17,4,6,70.8
2022-05-18,4,6,56.26
2022-05-19,4,6,61.05
2022-05-20,4,6,57.23
2022-05-21,4,6,68.93
2022-05-22,4,6,71.27
2022-05-23,4,6,67.06
2022-05-24,4,6,64.06
2022-05-25,4,6,71.26
2022-05-26,4,6,57.0
2022-05-27,4,6,47.95
2022-05-28,4,6,67.1
2022-05-29,4,6,59.1
2022-05-30,4,6,61.73
2022-05-31,4,6,50.54
2022-06-01,4,6,27.31
2022-06-02,4,6,69.11
2022-06-03,4,6,46.18
2022-06-04,4,6,60.03
2022-06-05,4,6,82.26
2022-06-06,4,6,41.46
2022-06-07,4,6,59.32
2022-06-08,4,6,46.25
2022-06-09,4,6,40.69
2022-06-10,4,6,63.81
2022-06-11,4,6,75.27
2022-06-12,4,6,75.3
2022-06-13,4,6,53.75
2022-06-14,4,6,55.57
2022-06-15,4,6,41.6
2022-06-16,4,6,51.93
2022-06-17,4,6,44.0
2022-06-18,4,6,52.65
2022-06-19,4,6,70.67
2022-06-20,4,6,60.15
2022-06-21,4,6,48.34
2022-06-22,4,6,49.7
2022-06-23,4,6,42.61
2022-06-24,4,6,51.48
2022-06-25,4,6,74.54
2022-06-26,4,6,74.92
2022-06-27,4,6,55.77
2022-06-28,4,6,46.81
2022-06-29,4,6,46.61
2022-06-30,4,6,57.85
2022-07-01,4,6,52.23
2022-07-02,4,6,59.01
2022-07-03,4,6,56.75
2022-07-04,4,6,54.85
2022-07-05,4,6,44.19
2022-07-06,4,6,51.99
2022-07-07,4,6,45.83
2022-07-08,4,6,39.48
2022-07-09,4,6,75.67
2022-07-10,4,6,62.09
2022-07-11,4,6,41.95
2022-07-12,4,6,37.19
2022-07-13,4,6,37.93
2022-07-14,4,6,44.44
2022-07-15,4,6,60.71
2022-07-16,4,6,55.92
2022-07-17,4,6,74.67
2022-07-18,4,6,46.3
2022-07-19,4,6,38.89
2022-07-20,4,6,43.95
2022-07-21,4,6,38.25
2022-07-22,4,6,41.3
2022-07-23,4,6,53.46
2022-07-24,4,6,44.08
2022-07-25,4,6,58.28
2022-07-26,4,6,49.05
2022-07-27,4,6,42.68
2022-07-28,4,6,49.21
2022-07-29,4,6,41.69
2022-07-30,4,6,37.17
2022-07-31,4,6,89.59
2022-08-01,4,6,45.14
2022-08-02,4,6,40.05
2022-08-03,4,6,31.21
2022-08-04,4,6,34.14
2022-08-05,4,6,54.97
2022-08-06,4,6,70.21
2022-08-07,4,6,63.82
2022-08-08,4,6,36.76
2022-08-09,4,6,54.19
2022-08-10,4,6,47.2
2022-08-11,4,6,48.6
2022-08-12,4,6,47.26
2022-08-13,4,6,44.6
2022-08-14,4,6,47.31
2022-08-15,4,6,41.0
2022-08-16,4,6,48.73
2022-08-17,4,6,35.26
2022-08-18,4,6,43.34
2022-08-19,4,6,43.37
2022-08-20,4,6,64.85
2022-08-21,4,6,63.87
2022-08-22,4,6,37.89
2022-08-23,4,6,54.39
2022-08-24,4,6,36.92
2022-08-25,4,6,52.1
2022-08-26,4,6,41.1
2022-08-27,4,6,59.72
2022-08-28,4,6,60.31
2022-08-29,4,6,46.24
2022-08-30,4,6,49.49
2022-08-31,4,6,47.62
2022-09-01,4,6,48.68
2022-09-02,4,6,46.63
2022-09-03,4,6,45.96
2022-09-04,4,6,59.06
2022-09-05,4,6,40.0
2022-09-06,4,6,36.46
2022-09-07,4,6,41.87
2022-09-08,4,6,45.01
2022-09-09,4,6,45.48
2022-09-10,4,6,66.07
2022-09-11,4,6,68.27
2022-09-12,4,6,46.16
2022-09-13,4,6,47.39
2022-09-14,4,6,44.64
2022-09-15,4,6,49.12
2022-09-16,4,6,47.3
2022-09-17,4,6,56.89
2022-09-18,4,6,75.93
2022-09-19,4,6,40.57
2022-09-20,4,6,53.87
2022-09-21,4,6,35.27
2022-09-22,4,6,49.7
2022-09-23,4,6,53.88
2022-09-24,4,6,41.17
2022-09-25,4,6,58.92
2022-09-26,4,6,49.2
2022-09-27,4,6,46.15
2022-09-28,4,6,47.03
2022-09-29,4,6,45.45
2022-09-30,4,6,37.26
2022-10-01,4,6,81.22
2022-10-02,4,6,55.45
2022-10-03,4,6,49.18
2022-10-04,4,6,41.73
2022-10-05,4,6,30.46
2022-10-06,4,6,39.87
2022-10-07,4,6,36.26
2022-10-08,4,6,70.13
2022-10-09,4,6,54.82
2022-10-10,4,6,42.85
2022-10-11,4,6,39.05
2022-10-12,4,6,47.16
2022-10-13,4,6,41.54
2022-10-14,4,6,53.51
2022-10-15,4,6,63.34
2022-10-16,4,6,55.44
2022-10-17,4,6,52.64
2022-10-18,4,6,46.77
2022-10-19,4,6,46.91
2022-10-20,4,6,36.53
2022-10-21,4,6,46.33
2022-10-22,4,6,63.86
2022-10-23,4,6,73.17
2022-10-24,4,6,41.64
2022-10-25,4,6,63.02
2022-10-26,4,6,50.94
2022-10-27,4,6,36.32
2022-10-28,4,6,41.11
2022-10-29,4,6,74.31
2022-10-30,4,6,72.73
2022-10-31,4,6,47.32
2022-11-01,4,6,52.56
2022-11-02,4,6,42.46
2022-11-03,4,6,61.69
2022-11-04,4,6,43.89
2022-11-05,4,6,75.53
2022-11-06,4,6,80.69
2022-11-07,4,6,52.02
2022-11-08,4,6,59.18
2022-11-09,4,6,66.06
2022-11-10,4,6,53.84
2022-11-11,4,6,50.44
2022-11-12,4,6,66.72
2022-11-13,4,6,59.93
2022-11-14,4,6,45.96
2022-11-15,4,6,55.41
2022-11-16,4,6,50.72
2022-11-17,4,6,54.59
2022-11-18,4,6,40.44
2022-11-19,4,6,66.81
2022-11-20,4,6,78.28
2022-11-21,4,6,43.44
2022-11-22,4,6,52.36
2022-11-23,4,6,37.73
2022-11-24,4,6,42.07
2022-11-25,4,6,58.7
2022-11-26,4,6,64.95
2022-11-27,4,6,86.79
2022-11-28,4,6,55.88
2022-11-29,4,6,56.69
2022-11-30,4,6,44.07
2022-12-01,4,6,55.06
2022-12-02,4,6,52.05
2022-12-03,4,6,63.92
2022-12-04,4,6,83.72
2022-12-05,4,6,66.21
2022-12-06,4,6,62.16
2022-12-07,4,6,51.41
2022-12-08,4,6,61.65
2022-12-09,4,6,41.92
2022-12-10,4,6,91.65
2022-12-11,4,6,61.63
2022-12-12,4,6,49.01
2022-12-13,4,6,59.98
2022-12-14,4,6,60.81
2022-12-15,4,6,58.4
2022-12-16,4,6,49.25
2022-12-17,4,6,89.94
2022-12-18,4,6,57.48
2022-12-19,4,6,46.05
2022-12-20,4,6,58.31
2022-12-21,4,6,48.06
2022-12-22,4,6,70.24
2022-12-23,4,6,48.9
2022-12-24,4,6,95.32
2022-12-25,4,6,89.34
2022-12-26,4,6,70.56
2022-12-27,4,6,76.44
2022-12-28,4,6,60.34
2022-12-29,4,6,50.59
2022-12-30,4,6,58.78
2022-12-31,4,6,71.07
2023-01-01,4,6,76.41
2023-01-02,4,6,67.31
2023-01-03,4,6,62.79
2023-01-04,4,6,58.48
2023-01-05,4,6,63.53
2023-01-06,4,6,71.45
2023-01-07,4,6,98.2
2023-01-08,4,6,65.28
2023-01-09,4,6,63.15
2023-01-10,4,6,64.8
2023-01-11,4,6,54.5
2023-01-12,4,6,65.11
2023-01-13,4,6,67.82
2023-01-14,4,6,93.03
2023-01-15,4,6,87.38
2023-01-16,4,6,57.71
2023-01-17,4,6,86.62
2023-01-18,4,6,74.87
2023-01-19,4,6,72.16
2023-01-20,4,6,76.74
2023-01-21,4,6,89.94
2023-01-22,4,6,103.57
2023-01-23,4,6,67.4
2023-01-24,4,6,66.9
2023-01-25,4,6,73.3
2023-01-26,4,6,82.81
2023-01-27,4,6,82.22
2023-01-28,4,6,94.95
2023-01-29,4,6,94.02
2023-01-30,4,6,74.18
2023-01-31,4,6,77.15
2023-02-01,4,6,85.72
2023-02-02,4,6,69.24
2023-02-03,4,6,86.05
2023-02-04,4,6,98.27
2023-02-05,4,6,102.66
2023-02-06,4,6,86.92
2023-02-07,4,6,80.12
2023-02-08,4,6,82.01
2023-02-09,4,6,67.94
2023-02-10,4,6,88.43
2023-02-11,4,6,103.73
2023-02-12,4,6,95.77
2023-02-13,4,6,84.31
2023-02-14,4,6,100.52
2023-02-15,4,6,59.75
2023-02-16,4,6,63.77
2023-02-17,4,6,101.79
2023-02-18,4,6,100.44
2023-02-19,4,6,97.17
2023-02-20,4,6,71.46
2023-02-21,4,6,85.96
2023-02-22,4,6,101.34
2023-02-23,4,6,65.6
2023-02-24,4,6,71.86
2023-02-25,4,6,89.88
2023-02-26,4,6,105.37
2023-02-27,4,6,86.48
2023-02-28,4,6,90.91
2023-03-01,4,6,83.46
2023-03-02,4,6,103.21
2023-03-03,4,6,68.49
2023-03-04,4,6,85.3
2023-03-05,4,6,119.09
2023-03-06,4,6,76.5
2023-03-07,4,6,59.65
2023-03-08,4,6,71.65
2023-03-09,4,6,78.16
2023-03-10,4,6,68.02
2023-03-11,4,6,83.08
2023-03-12,4,6,95.0
2023-03-13,4,6,63.43
2023-03-14,4,6,82.73
2023-03-15,4,6,53.55
2023-03-16,4,6,76.67
2023-03-17,4,6,81.59
2023-03-18,4,6,97.13
2023-03-19,4,6,114.69
2023-03-20,4,6,60.26
2023-03-21,4,6,67.92
2023-03-22,4,6,72.19
2023-03-23,4,6,84.13
2023-03-24,4,6,78.55
2023-03-25,4,6,130.76
2023-03-26,4,6,87.05
2023-03-27,4,6,60.27
2023-03-28,4,6,96.74
2023-03-29,4,6,59.94
2023-03-30,4,6,84.2
2023-03-31,4,6,65.21
2023-04-01,4,6,67.03
2023-04-02,4,6,91.8
2023-04-03,4,6,84.98
2023-04-04,4,6,61.2
2023-04-05,4,6,81.46
2023-04-06,4,6,83.61
2023-04-07,4,6,60.76
2023-04-08,4,6,94.33
2023-04-09,4,6,120.86
2023-04-10,4,6,82.58
2023-04-11,4,6,72.33
2023-04-12,4,6,80.03
2023-04-13,4,6,67.64
2023-04-14,4,6,88.04
2023-04-15,4,6,114.53
2023-04-16,4,6,99.99
2023-04-17,4,6,78.21
2023-04-18,4,6,64.31
2023-04-19,4,6,60.35
2023-04-20,4,6,71.47
2023-04-21,4,6,74.81
2023-04-22,4,6,114.32
2023-04-23,4,6,112.33
2023-04-24,4,6,78.06
2023-04-25,4,6,89.58
2023-04-26,4,6,65.29
2023-04-27,4,6,88.41
2023-04-28,4,6,67.13
2023-04-29,4,6,117.5
2023-04-30,4,6,98.94
2023-05-01,4,6,50.11
2023-05-02,4,6,79.44
2023-05-03,4,6,80.35
2023-05-04,4,6,66.79
2023-05-05,4,6,67.75
2023-05-06,4,6,91.1
2023-05-07,4,6,66.42
2023-05-08,4,6,46.39
2023-05-09,4,6,85.98
2023-05-10,4,6,63.09
2023-05-11,4,6,92.08
2023-05-12,4,6,86.9
2023-05-13,4,6,115.81
2023-05-14,4,6,84.68
2023-05-15,4,6,54.8
2023-05-16,4,6,60.49
2023-05-17,4,6,67.48
2023-05-18,4,6,46.61
2023-05-19,4,6,67.26
2023-05-20,4,6,91.36
2023-05-21,4,6,75.97
2023-05-22,4,6,61.24
2023-05-23,4,6,70.21
2023-05-24,4,6,76.54
2023-05-25,4,6,62.99
2023-05-26,4,6,75.95
2023-05-27,4,6,96.59
2023-05-28,4,6,95.38
2023-05-29,4,6,65.77
2023-05-30,4,6,58.36
2023-05-31,4,6,91.57
2023-06-01,4,6,72.68
2023-06-02,4,6,76.47
2023-06-03,4,6,85.36
2023-06-04,4,6,84.37
2023-06-05,4,6,71.48
2023-06-06,4,6,48.29
2023-06-07,4,6,55.52
2023-06-08,4,6,58.73
2023-06-09,4,6,62.2
2023-06-10,4,6,75.38
2023-06-11,4,6,91.23
2023-06-12,4,6,67.7
2023-06-13,4,6,80.92
2023-06-14,4,6,91.83
2023-06-15,4,6,54.32
2023-06-16,4,6,68.54
2023-06-17,4,6,89.14
2023-06-18,4,6,87.11
2023-06-19,4,6,56.26
2023-06-20,4,6,57.99
2023-06-21,4,6,69.71
2023-06-22,4,6,57.78
2023-06-23,4,6,68.98
2023-06-24,4,6,84.4
2023-06-25,4,6,89.56
2023-06-26,4,6,57.85
2023-06-27,4,6,69.14
2023-06-28,4,6,58.66
2023-06-29,4,6,69.26
2023-06-30,4,6,81.27
2023-07-01,4,6,82.33
2023-07-02,4,6,83.11
2023-07-03,4,6,68.51
2023-07-04,4,6,48.21
2023-07-05,4,6,76.86
2023-07-06,4,6,51.46
2023-07-07,4,6,69.26
2023-07-08,4,6,88.51
2023-07-09,4,6,68.86
2023-07-10,4,6,70.58
2023-07-11,4,6,65.92
2023-07-12,4,6,78.78
2023-07-13,4,6,63.2
2023-07-14,4,6,60.46
2023-07-15,4,6,73.78
2023-07-16,4,6,59.08
2023-07-17,4,6,58.64
2023-07-18,4,6,59.07
2023-07-19,4,6,64.08
2023-07-20,4,6,48.53
2023-07-21,4,6,59.52
2023-07-22,4,6,87.25
2023-07-23,4,6,88.5
2023-07-24,4,6,44.6
2023-07-25,4,6,68.45
2023-07-26,4,6,59.64
2023-07-27,4,6,60.25
2023-07-28,4,6,40.02
2023-07-29,4,6,98.74
2023-07-30,4,6,82.86
2023-07-31,4,6,47.86
2023-08-01,4,6,60.33
2023-08-02,4,6,60.1
2023-08-03,4,6,67.67
2023-08-04,4,6,54.56
2023-08-05,4,6,74.57
2023-08-06,4,6,67.3
2023-08-07,4,6,62.47
2023-08-08,4,6,50.62
2023-08-09,4,6,49.71
2023-08-10,4,6,56.85
2023-08-11,4,6,46.91
2023-08-12,4,6,92.73
2023-08-13,4,6,96.44
2023-08-14,4,6,53.67
2023-08-15,4,6,45.64
2023-08-16,4,6,60.57
2023-08-17,4,6,53.52
2023-08-18,4,6,67.9
2023-08-19,4,6,66.23
2023-08-20,4,6,81.28
2023-08-21,4,6,58.83
2023-08-22,4,6,52.0
2023-08-23,4,6,59.99
2023-08-24,4,6,65.58
2023-08-25,4,6,58.74
2023-08-26,4,6,76.52
2023-08-27,4,6,65.59
2023-08-28,4,6,68.06
2023-08-29,4,6,67.23
2023-08-30,4,6,54.58
2023-08-31,4,6,57.11
2023-09-01,4,6,68.3
2023-09-02,4,6,60.84
2023-09-03,4,6,79.99
2023-09-04,4,6,51.72
2023-09-05,4,6,71.55
2023-09-06,4,6,57.06
2023-09-07,4,6,67.25
2023-09-08,4,6,50.13
2023-09-09,4,6,59.83
2023-09-10,4,6,71.07
2023-09-11,4,6,58.93
2023-09-12,4,6,52.39
2023-09-13,4,6,63.23
2023-09-14,4,6,55.01
2023-09-15,4,6,39.09
2023-09-16,4,6,80.07
2023-09-17,4,6,64.19
2023-09-18,4,6,53.86
2023-09-19,4,6,70.25
2023-09-20,4,6,72.18
2023-09-21,4,6,52.12
2023-09-22,4,6,62.03
2023-09-23,4,6,68.1
2023-09-24,4,6,71.1
2023-09-25,4,6,51.99
2023-09-26,4,6,42.42
2023-09-27,4,6,58.08
2023-09-28,4,6,59.77
2023-09-29,4,6,51.56
2023-09-30,4,6,86.74
2023-10-01,4,6,72.07
2023-10-02,4,6,53.68
2023-10-03,4,6,64.09
2023-10-04,4,6,45.68
2023-10-05,4,6,67.55
2023-10-06,4,6,55.91
2023-10-07,4,6,88.89
2023-10-08,4,6,92.41
2023-10-09,4,6,65.34
2023-10-10,4,6,52.38
2023-10-11,4,6,48.49
2023-10-12,4,6,46.87
2023-10-13,4,6,69.64
2023-10-14,4,6,76.16
2023-10-15,4,6,70.79
2023-10-16,4,6,58.68
2023-10-17,4,6,69.61
2023-10-18,4,6,66.94
2023-10-19,4,6,63.92
2023-10-20,4,6,65.75
2023-10-21,4,6,80.17
2023-10-22,4,6,81.65
2023-10-23,4,6,62.11
2023-10-24,4,6,60.15
2023-10-25,4,6,66.99
2023-10-26,4,6,63.49
2023-10-27,4,6,52.3
2023-10-28,4,6,84.61
2023-10-29,4,6,81.35
2023-10-30,4,6,65.91
2023-10-31,4,6,59.46
2023-11-01,4,6,73.81
2023-11-02,4,6,65.23
2023-11-03,4,6,73.03
2023-11-04,4,6,79.82
2023-11-05,4,6,80.76
2023-11-06,4,6,71.95
2023-11-07,4,6,62.75
2023-11-08,4,6,87.93
2023-11-09,4,6,71.73
2023-11-10,4,6,66.4
2023-11-11,4,6,96.63
2023-11-12,4,6,79.89
2023-11-13,4,6,75.44
2023-11-14,4,6,75.21
2023-11-15,4,6,78.82
2023-11-16,4,6,62.0
2023-11-17,4,6,54.24
2023-11-18,4,6,78.5
2023-11-19,4,6,82.81
2023-11-20,4,6,83.19
2023-11-21,4,6,88.51
2023-11-22,4,6,70.07
2023-11-23,4,6,66.76
2023-11-24,4,6,63.2
2023-11-25,4,6,97.5
2023-11-26,4,6,115.32
2023-11-27,4,6,84.72
2023-11-28,4,6,78.27
2023-11-29,4,6,78.17
2023-11-30,4,6,75.3
2023-12-01,4,6,73.89
2023-12-02,4,6,86.11
2023-12-03,4,6,96.56
2023-12-04,4,6,79.28
2023-12-05,4,6,58.33
2023-12-06,4,6,72.93
2023-12-07,4,6,65.43
2023-12-08,4,6,86.09
2023-12-09,4,6,89.19
2023-12-10,4,6,102.05
2023-12-11,4,6,67.0
2023-12-12,4,6,92.85
2023-12-13,4,6,55.83
2023-12-14,4,6,80.34
2023-12-15,4,6,60.66
2023-12-16,4,6,90.15
2023-12-17,4,6,100.68
2023-12-18,4,6,78.05
2023-12-19,4,6,77.8
2023-12-20,4,6,76.97
2023-12-21,4,6,68.05
2023-12-22,4,6,73.49
2023-12-23,4,6,98.47
2023-12-24,4,6,100.93
2023-12-25,4,6,74.73
2023-12-26,4,6,83.78
2023-12-27,4,6,76.62
2023-12-28,4,6,77.89
2023-12-29,4,6,71.31
2023-12-30,4,6,82.87
2023-12-31,4,6,100.73
2022-01-01,4,7,411.98
2022-01-02,4,7,420.05
2022-01-03,4,7,255.55
2022-01-04,4,7,254.01
2022-01-05,4,7,333.73
2022-01-06,4,7,268.99
2022-01-07,4,7,274.5
2022-01-08,4,7,354.46
2022-01-09,4,7,395.22
2022-01-10,4,7,342.1
2022-01-11,4,7,323.28
2022-01-12,4,7,273.71
2022-01-13,4,7,353.49
2022-01-14,4,7,333.12
2022-01-15,4,7,440.56
2022-01-16,4,7,439.12
2022-01-17,4,7,272.75
2022-01-18,4,7,255.03
2022-01-19,4,7,281.11
2022-01-20,4,7,340.48
2022-01-21,4,7,244.21
2022-01-22,4,7,309.95
2022-01-23,4,7,281.35
2022-01-24,4,7,241.53
2022-01-25,4,7,262.63
2022-01-26,4,7,303.75
2022-01-27,4,7,246.92
2022-01-28,4,7,328.43
2022-01-29,4,7,391.4
2022-01-30,4,7,269.9
2022-01-31,4,7,298.8
2022-02-01,4,7,326.68
2022-02-02,4,7,412.24
2022-02-03,4,7,332.14
2022-02-04,4,7,235.67
2022-02-05,4,7,431.84
2022-02-06,4,7,428.8
2022-02-07,4,7,350.94
2022-02-08,4,7,449.44
2022-02-09,4,7,296.42
2022-02-10,4,7,291.09
2022-02-11,4,7,345.71
2022-02-12,4,7,535.38
2022-02-13,4,7,463.04
2022-02-14,4,7,307.27
2022-02-15,4,7,372.13
2022-02-16,4,7,411.87
2022-02-17,4,7,287.39
2022-02-18,4,7,276.35
2022-02-19,4,7,426.66
2022-02-20,4,7,442.64
2022-02-21,4,7,393.79
2022-02-22,4,7,303.45
2022-02-23,4,7,346.41
2022-02-24,4,7,403.39
2022-02-25,4,7,338.33
2022-02-26,4,7,400.68
2022-02-27,4,7,462.8
2022-02-28,4,7,312.0
2022-03-01,4,7,353.1
2022-03-02,4,7,326.99
2022-03-03,4,7,329.42
2022-03-04,4,7,316.66
2022-03-05,4,7,400.81
2022-03-06,4,7,504.41
2022-03-07,4,7,347.61
2022-03-08,4,7,402.94
2022-03-09,4,7,224.31
2022-03-10,4,7,312.51
2022-03-11,4,7,301.56
2022-03-12,4,7,424.62
2022-03-13,4,7,373.45
2022-03-14,4,7,258.18
2022-03-15,4,7,374.86
2022-03-16,4,7,310.51
2022-03-17,4,7,369.59
2022-03-18,4,7,281.12
2022-03-19,4,7,335.29
2022-03-20,4,7,460.83
2022-03-21,4,7,374.92
2022-03-22,4,7,311.09
2022-03-23,4,7,290.72
2022-03-24,4,7,407.72
2022-03-25,4,7,340.74
2022-03-26,4,7,380.26
2022-03-27,4,7,347.11
2022-03-28,4,7,309.06
2022-03-29,4,7,324.56
2022-03-30,4,7,384.79
2022-03-31,4,7,344.73
2022-04-01,4,7,331.32
2022-04-02,4,7,379.63
2022-04-03,4,7,531.68
2022-04-04,4,7,388.79
2022-04-05,4,7,385.09
2022-04-06,4,7,336.64
2022-04-07,4,7,360.51
2022-04-08,4,7,208.9
2022-04-09,4,7,456.32
2022-04-10,4,7,571.13
2022-04-11,4,7,311.58
2022-04-12,4,7,291.1
2022-04-13,4,7,334.61
2022-04-14,4,7,298.0
2022-04-15,4,7,295.05
2022-04-16,4,7,463.41
2022-04-17,4,7,501.27
2022-04-18,4,7,357.58
2022-04-19,4,7,284.66
2022-04-20,4,7,309.55
2022-04-21,4,7,360.98
2022-04-22,4,7,378.7
2022-04-23,4,7,434.53
2022-04-24,4,7,388.77
2022-04-25,4,7,385.79
2022-04-26,4,7,440.0
2022-04-27,4,7,404.63
2022-04-28,4,7,449.73
2022-04-29,4,7,314.55
2022-04-30,4,7,521.17
2022-05-01,4,7,505.42
2022-05-02,4,7,302.28
2022-05-03,4,7,285.97
2022-05-04,4,7,279.59
2022-05-05,4,7,322.52
2022-05-06,4,7,253.35
2022-05-07,4,7,533.74
2022-05-08,4,7,344.13
2022-05-09,4,7,348.91
2022-05-10,4,7,216.94
2022-05-11,4,7,429.57
2022-05-12,4,7,390.68
2022-05-13,4,7,250.58
2022-05-14,4,7,448.08
2022-05-15,4,7,413.32
2022-05-16,4,7,337.86
2022-05-17,4,7,361.96
2022-05-18,4,7,291.04
2022-05-19,4,7,328.39
2022-05-20,4,7,241.41
2022-05-21,4,7,436.5
2022-05-22,4,7,298.23
2022-05-23,4,7,397.29
2022-05-24,4,7,259.45
2022-05-25,4,7,347.49
2022-05-26,4,7,374.49
2022-05-27,4,7,426.6
2022-05-28,4,7,549.15
2022-05-29,4,7,524.92
2022-05-30,4,7,333.45
2022-05-31,4,7,390.53
2022-06-01,4,7,316.99
2022-06-02,4,7,321.16
2022-06-03,4,7,276.56
2022-06-04,4,7,500.38
2022-06-05,4,7,349.27
2022-06-06,4,7,256.63
2022-06-07,4,7,324.69
2022-06-08,4,7,223.92
2022-06-09,4,7,311.91
2022-06-10,4,7,381.99
2022-06-11,4,7,424.0
2022-06-12,4,7,401.39
2022-06-13,4,7,268.81
2022-06-14,4,7,238.46
2022-06-15,4,7,348.01
2022-06-16,4,7,309.66
2022-06-17,4,7,337.54
2022-06-18,4,7,269.52
2022-06-19,4,7,446.03
2022-06-20,4,7,401.58
2022-06-21,4,7,371.99
2022-06-22,4,7,323.74
2022-06-23,4,7,261.61
2022-06-24,4,7,316.15
2022-06-25,4,7,413.3
2022-06-26,4,7,374.25
2022-06-27,4,7,291.7
2022-06-28,4,7,409.6
2022-06-29,4,7,266.63
2022-06-30,4,7,291.99
2022-07-01,4,7,304.75
2022-07-02,4,7,485.38
2022-07-03,4,7,349.51
2022-07-04,4,7,205.77
2022-07-05,4,7,191.65
2022-07-06,4,7,388.99
2022-07-07,4,7,201.61
2022-07-08,4,7,285.98
2022-07-09,4,7,284.43
2022-07-10,4,7,324.65
2022-07-11,4,7,255.91
2022-07-12,4,7,200.5
2022-07-13,4,7,335.87
2022-07-14,4,7,302.55
2022-07-15,4,7,266.21
2022-07-16,4,7,338.16
2022-07-17,4,7,430.85
2022-07-18,4,7,288.99
2022-07-19,4,7,374.66
2022-07-20,4,7,266.44
2022-07-21,4,7,304.1
2022-07-22,4,7,233.25
2022-07-23,4,7,348.04
2022-07-24,4,7,430.52
2022-07-25,4,7,337.52
2022-07-26,4,7,366.33
2022-07-27,4,7,306.46
2022-07-28,4,7,340.82
2022-07-29,4,7,314.69
2022-07-30,4,7,351.2
2022-07-31,4,7,289.61
2022-08-01,4,7,255.81
2022-08-02,4,7,219.66
2022-08-03,4,7,307.44
2022-08-04,4,7,309.95
2022-08-05,4,7,225.38
2022-08-06,4,7,403.64
2022-08-07,4,7,284.92
2022-08-08,4,7,324.3
2022-08-09,4,7,260.29
2022-08-10,4,7,285.35
2022-08-11,4,7,325.29
2022-08-12,4,7,291.36
2022-08-13,4,7,340.95
2022-08-14,4,7,393.89
2022-08-15,4,7,229.17
2022-08-16,4,7,190.66
2022-08-17,4,7,314.67
2022-08-18,4,7,215.82
2022-08-19,4,7,306.13
2022-08-20,4,7,357.33
2022-08-21,4,7,349.44
2022-08-22,4,7,231.38
2022-08-23,4,7,251.6
2022-08-24,4,7,270.59
2022-08-25,4,7,278.31
2022-08-26,4,7,233.84
2022-08-27,4,7,391.16
2022-08-28,4,7,394.83
2022-08-29,4,7,290.81
2022-08-30,4,7,253.5
2022-08-31,4,7,306.58
2022-09-01,4,7,287.48
2022-09-02,4,7,186.04
2022-09-03,4,7,353.28
2022-09-04,4,7,442.07
2022-09-05,4,7,302.29
2022-09-06,4,7,309.72
2022-09-07,4,7,236.46
2022-09-08,4,7,269.44
2022-09-09,4,7,257.4
2022-09-10,4,7,344.23
2022-09-11,4,7,318.04
2022-09-12,4,7,216.15
2022-09-13,4,7,268.08
2022-09-14,4,7,234.61
2022-09-15,4,7,289.32
2022-09-16,4,7,264.93
2022-09-17,4,7,246.17
2022-09-18,4,7,418.38
2022-09-19,4,7,284.21
2022-09-20,4,7,248.66
2022-09-21,4,7,253.73
2022-09-22,4,7,218.16
2022-09-23,4,7,265.13
2022-09-24,4,7,383.78
2022-09-25,4,7,439.68
2022-09-26,4,7,264.7
2022-09-27,4,7,270.45
2022-09-28,4,7,316.76
2022-09-29,4,7,222.16
2022-09-30,4,7,274.99
2022-10-01,4,7,320.8
2022-10-02,4,7,369.26
2022-10-03,4,7,317.96
2022-10-04,4,7,209.86
2022-10-05,4,7,325.76
2022-10-06,4,7,294.52
2022-10-07,4,7,285.53
2022-10-08,4,7,437.3
2022-10-09,4,7,320.94
2022-10-10,4,7,223.98
2022-10-11,4,7,237.43
2022-10-12,4,7,303.19
2022-10-13,4,7,260.11
2022-10-14,4,7,244.35
2022-10-15,4,7,312.2
2022-10-16,4,7,375.71
2022-10-17,4,7,280.68
2022-10-18,4,7,222.04
2022-10-19,4,7,223.62
2022-10-20,4,7,260.18
2022-10-21,4,7,321.66
2022-10-22,4,7,344.32
2022-10-23,4,7,286.58
2022-10-24,4,7,279.69
2022-10-25,4,7,285.21
2022-10-26,4,7,220.59
2022-10-27,4,7,232.15
2022-10-28,4,7,315.97
2022-10-29,4,7,301.56
2022-10-30,4,7,413.73
2022-10-31,4,7,218.81
2022-11-01,4,7,240.1
2022-11-02,4,7,311.69
2022-11-03,4,7,275.66
2022-11-04,4,7,286.13
2022-11-05,4,7,413.93
2022-11-06,4,7,370.76
2022-11-07,4,7,267.45
2022-11-08,4,7,335.0
2022-11-09,4,7,320.74
2022-11-10,4,7,314.54
2022-11-11,4,7,311.9
2022-11-12,4,7,357.94
2022-11-13,4,7,345.48
2022-11-14,4,7,297.26
2022-11-15,4,7,276.75
2022-11-16,4,7,313.35
2022-11-17,4,7,295.72
2022-11-18,4,7,315.27
2022-11-19,4,7,403.35
2022-11-20,4,7,517.76
2022-11-21,4,7,249.61
2022-11-22,4,7,306.51
2022-11-23,4,7,263.17
2022-11-24,4,7,292.96
2022-11-25,4,7,277.35
2022-11-26,4,7,450.63
2022-11-27,4,7,320.54
2022-11-28,4,7,353.9
2022-11-29,4,7,342.22
2022-11-30,4,7,415.09
2022-12-01,4,7,448.2
2022-12-02,4,7,310.8
2022-12-03,4,7,544.53
2022-12-04,4,7,437.29
2022-12-05,4,7,370.01
2022-12-06,4,7,445.48
2022-12-07,4,7,314.07
2022-12-08,4,7,357.62
2022-12-09,4,7,251.23
2022-12-10,4,7,523.22
2022-12-11,4,7,607.8
2022-12-12,4,7,386.29
2022-12-13,4,7,429.01
2022-12-14,4,7,417.25
2022-12-15,4,7,318.71
2022-12-16,4,7,374.11
2022-12-17,4,7,498.51
2022-12-18,4,7,383.21
2022-12-19,4,7,435.03
2022-12-20,4,7,330.73
2022-12-21,4,7,346.43
2022-12-22,4,7,344.17
2022-12-23,4,7,360.62
2022-12-24,4,7,671.55
2022-12-25,4,7,424.4
2022-12-26,4,7,276.06
2022-12-27,4,7,368.49
2022-12-28,4,7,313.34
2022-12-29,4,7,338.12
2022-12-30,4,7,393.97
2022-12-31,4,7,392.44
2023-01-01,4,7,488.02
2023-01-02,4,7,414.84
2023-01-03,4,7,351.24
2023-01-04,4,7,395.6
2023-01-05,4,7,415.72
2023-01-06,4,7,391.59
2023-01-07,4,7,530.69
2023-01-08,4,7,546.63
2023-01-09,4,7,359.08
2023-01-10,4,7,311.68
2023-01-11,4,7,337.86
2023-01-12,4,7,328.35
2023-01-13,4,7,474.63
2023-01-14,4,7,385.43
2023-01-15,4,7,570.64
2023-01-16,4,7,360.23
2023-01-17,4,7,464.14
2023-01-18,4,7,376.58
2023-01-19,4,7,404.19
2023-01-20,4,7,433.86
2023-01-21,4,7,622.32
2023-01-22,4,7,479.33
2023-01-23,4,7,366.18
2023-01-24,4,7,434.75
2023-01-25,4,7,307.88
2023-01-26,4,7,300.18
2023-01-27,4,7,426.93
2023-01-28,4,7,579.27
2023-01-29,4,7,553.18
2023-01-30,4,7,399.58
2023-01-31,4,7,373.04
2023-02-01,4,7,536.28
2023-02-02,4,7,545.12
2023-02-03,4,7,440.75
2023-02-04,4,7,506.41
2023-02-05,4,7,479.21
2023-02-06,4,7,462.8
2023-02-07,4,7,354.84
2023-02-08,4,7,356.6
2023-02-09,4,7,403.97
2023-02-10,4,7,469.09
2023-02-11,4,7,692.04
2023-02-12,4,7,588.86
2023-02-13,4,7,469.4
2023-02-14,4,7,501.6
2023-02-15,4,7,495.84
2023-02-16,4,7,401.54
2023-02-17,4,7,495.35
2023-02-18,4,7,658.14
2023-02-19,4,7,596.91
2023-02-20,4,7,448.01
2023-02-21,4,7,478.84
2023-02-22,4,7,472.29
2023-02-23,4,7,317.01
2023-02-24,4,7,468.59
2023-02-25,4,7,674.05
2023-02-26,4,7,658.16
2023-02-27,4,7,466.16
2023-02-28,4,7,451.31
2023-03-01,4,7,425.01
2023-03-02,4,7,444.46
2023-03-03,4,7,501.92
2023-03-04,4,7,622.68
2023-03-05,4,7,669.0
2023-03-06,4,7,418.17
2023-03-07,4,7,527.58
2023-03-08,4,7,412.0
2023-03-09,4,7,468.27
2023-03-10,4,7,416.44
2023-03-11,4,7,582.87
2023-03-12,4,7,772.63
2023-03-13,4,7,490.54
2023-03-14,4,7,471.44
2023-03-15,4,7,553.01
2023-03-16,4,7,280.99
2023-03-17,4,7,446.1
2023-03-18,4,7,549.94
2023-03-19,4,7,518.39
2023-03-20,4,7,352.94
2023-03-21,4,7,443.2
2023-03-22,4,7,506.28
2023-03-23,4,7,448.78
2023-03-24,4,7,514.24
2023-03-25,4,7,603.79
2023-03-26,4,7,702.37
2023-03-27,4,7,425.46
2023-03-28,4,7,331.13
2023-03-29,4,7,351.56
2023-03-30,4,7,426.69
2023-03-31,4,7,400.51
2023-04-01,4,7,534.89
2023-04-02,4,7,687.58
2023-04-03,4,7,350.27
2023-04-04,4,7,554.7
2023-04-05,4,7,397.97
2023-04-06,4,7,368.46
2023-04-07,4,7,443.89
2023-04-08,4,7,722.29
2023-04-09,4,7,527.05
2023-04-10,4,7,413.28
2023-04-11,4,7,418.12
2023-04-12,4,7,533.31
2023-04-13,4,7,424.7
2023-04-14,4,7,485.96
2023-04-15,4,7,603.23
2023-04-16,4,7,583.14
2023-04-17,4,7,422.26
2023-04-18,4,7,591.6
2023-04-19,4,7,648.43
2023-04-20,4,7,396.73
2023-04-21,4,7,384.09
2023-04-22,4,7,598.98
2023-04-23,4,7,392.62
2023-04-24,4,7,461.9
2023-04-25,4,7,597.04
2023-04-26,4,7,417.94
2023-04-27,4,7,533.98
2023-04-28,4,7,561.16
2023-04-29,4,7,520.86
2023-04-30,4,7,614.57
2023-05-01,4,7,454.94
2023-05-02,4,7,479.55
2023-05-03,4,7,484.6
2023-05-04,4,7,505.75
2023-05-05,4,7,382.34
2023-05-06,4,7,578.2
2023-05-07,4,7,689.25
2023-05-08,4,7,537.58
2023-05-09,4,7,448.99
2023-05-10,4,7,399.96
2023-05-11,4,7,502.44
2023-05-12,4,7,470.2
2023-05-13,4,7,609.84
2023-05-14,4,7,632.43
2023-05-15,4,7,373.88
2023-05-16,4,7,491.81
2023-05-17,4,7,446.77
2023-05-18,4,7,511.76
2023-05-19,4,7,438.58
2023-05-20,4,7,618.56
2023-05-21,4,7,608.2
2023-05-22,4,7,402.23
2023-05-23,4,7,379.1
2023-05-24,4,7,491.77
2023-05-25,4,7,382.56
2023-05-26,4,7,417.13
2023-05-27,4,7,540.03
2023-05-28,4,7,603.29
2023-05-29,4,7,484.76
2023-05-30,4,7,337.6
2023-05-31,4,7,392.79
2023-06-01,4,7,354.48
2023-06-02,4,7,387.46
2023-06-03,4,7,365.93
2023-06-04,4,7,611.05
2023-06-05,4,7,405.62
2023-06-06,4,7,394.14
2023-06-07,4,7,448.09
2023-06-08,4,7,434.04
2023-06-09,4,7,433.67
2023-06-10,4,7,523.06
2023-06-11,4,7,532.88
2023-06-12,4,7,454.98
2023-06-13,4,7,436.35
2023-06-14,4,7,509.19
2023-06-15,4,7,413.13
2023-06-16,4,7,444.41
2023-06-17,4,7,516.98
2023-06-18,4,7,552.64
2023-06-19,4,7,428.55
2023-06-20,4,7,378.92
2023-06-21,4,7,366.82
2023-06-22,4,7,445.57
2023-06-23,4,7,434.46
2023-06-24,4,7,645.58
2023-06-25,4,7,529.81
2023-06-26,4,7,346.74
2023-06-27,4,7,408.5
2023-06-28,4,7,455.16
2023-06-29,4,7,278.39
2023-06-30,4,7,408.21
2023-07-01,4,7,526.18
2023-07-02,4,7,495.53
2023-07-03,4,7,348.64
2023-07-04,4,7,302.17
2023-07-05,4,7,368.26
2023-07-06,4,7,301.37
2023-07-07,4,7,406.69
2023-07-08,4,7,484.94
2023-07-09,4,7,588.66
2023-07-10,4,7,261.67
2023-07-11,4,7,351.46
2023-07-12,4,7,411.36
2023-07-13,4,7,434.39
2023-07-14,4,7,414.14
2023-07-15,4,7,413.69
2023-07-16,4,7,448.14
2023-07-17,4,7,247.1
2023-07-18,4,7,374.55
2023-07-19,4,7,437.21
2023-07-20,4,7,372.89
2023-07-21,4,7,404.97
2023-07-22,4,7,524.86
2023-07-23,4,7,462.11
2023-07-24,4,7,237.22
2023-07-25,4,7,448.84
2023-07-26,4,7,398.15
2023-07-27,4,7,303.96
2023-07-28,4,7,395.23
2023-07-29,4,7,501.64
2023-07-30,4,7,583.18
2023-07-31,4,7,401.67
2023-08-01,4,7,369.42
2023-08-02,4,7,355.35
2023-08-03,4,7,305.39
2023-08-04,4,7,380.34
2023-08-05,4,7,447.69
2023-08-06,4,7,385.42
2023-08-07,4,7,311.91
2023-08-08,4,7,287.32
2023-08-09,4,7,401.66
2023-08-10,4,7,449.72
2023-08-11,4,7,407.13
2023-08-12,4,7,476.86
2023-08-13,4,7,447.24
2023-08-14,4,7,332.49
2023-08-15,4,7,296.41
2023-08-16,4,7,449.75
2023-08-17,4,7,294.29
2023-08-18,4,7,304.13
2023-08-19,4,7,440.09
2023-08-20,4,7,445.98
2023-08-21,4,7,380.73
2023-08-22,4,7,314.11
2023-08-23,4,7,245.34
2023-08-24,4,7,337.7
2023-08-25,4,7,341.45
2023-08-26,4,7,438.62
2023-08-27,4,7,437.98
2023-08-28,4,7,332.28
2023-08-29,4,7,281.22
2023-08-30,4,7,428.18
2023-08-31,4,7,425.46
2023-09-01,4,7,411.41
2023-09-02,4,7,363.84
2023-09-03,4,7,469.63
2023-09-04,4,7,319.22
2023-09-05,4,7,316.64
2023-09-06,4,7,293.72
2023-09-07,4,7,472.88
2023-09-08,4,7,328.93
2023-09-09,4,7,382.99
2023-09-10,4,7,453.96
2023-09-11,4,7,381.5
2023-09-12,4,7,335.27
2023-09-13,4,7,355.3
2023-09-14,4,7,394.49
2023-09-15,4,7,294.03
2023-09-16,4,7,458.29
2023-09-17,4,7,403.85
2023-09-18,4,7,303.87
2023-09-19,4,7,434.41
2023-09-20,4,7,339.61
2023-09-21,4,7,289.57
2023-09-22,4,7,338.88
2023-09-23,4,7,366.98
2023-09-24,4,7,433.96
2023-09-25,4,7,310.14
2023-09-26,4,7,371.97
2023-09-27,4,7,446.15
2023-09-28,4,7,336.84
2023-09-29,4,7,312.85
2023-09-30,4,7,456.39
2023-10-01,4,7,569.76
2023-10-02,4,7,386.13
2023-10-03,4,7,351.01
2023-10-04,4,7,247.6
2023-10-05,4,7,356.21
2023-10-06,4,7,401.1
2023-10-07,4,7,534.43
2023-10-08,4,7,559.53
2023-10-09,4,7,323.49
2023-10-10,4,7,338.35
2023-10-11,4,7,353.85
2023-10-12,4,7,398.94
2023-10-13,4,7,346.54
2023-10-14,4,7,506.24
2023-10-15,4,7,442.51
2023-10-16,4,7,323.17
2023-10-17,4,7,421.86
2023-10-18,4,7,378.83
2023-10-19,4,7,402.65
2023-10-20,4,7,351.1
2023-10-21,4,7,528.13
2023-10-22,4,7,396.4
2023-10-23,4,7,313.78
2023-10-24,4,7,414.51
2023-10-25,4,7,359.58
2023-10-26,4,7,350.18
2023-10-27,4,7,313.66
2023-10-28,4,7,530.39
2023-10-29,4,7,606.07
2023-10-30,4,7,397.72
2023-10-31,4,7,340.15
2023-11-01,4,7,479.88
2023-11-02,4,7,418.91
2023-11-03,4,7,371.89
2023-11-04,4,7,616.34
2023-11-05,4,7,503.65
2023-11-06,4,7,312.21
2023-11-07,4,7,379.68
2023-11-08,4,7,430.75
2023-11-09,4,7,356.18
2023-11-10,4,7,287.22
2023-11-11,4,7,634.05
2023-11-12,4,7,753.27
2023-11-13,4,7,371.57
2023-11-14,4,7,362.52
2023-11-15,4,7,319.64
2023-11-16,4,7,351.44
2023-11-17,4,7,309.14
2023-11-18,4,7,419.56
2023-11-19,4,7,522.17
2023-11-20,4,7,306.61
2023-11-21,4,7,313.46
2023-11-22,4,7,414.74
2023-11-23,4,7,365.2
2023-11-24,4,7,424.27
2023-11-25,4,7,496.97
2023-11-26,4,7,509.57
2023-11-27,4,7,450.64
2023-11-28,4,7,370.45
2023-11-29,4,7,446.91
2023-11-30,4,7,378.7
2023-12-01,4,7,394.0
2023-12-02,4,7,490.3
2023-12-03,4,7,439.48
2023-12-04,4,7,366.36
2023-12-05,4,7,330.57
2023-12-06,4,7,383.42
2023-12-07,4,7,506.43
2023-12-08,4,7,450.61
2023-12-09,4,7,552.72
2023-12-10,4,7,526.32
2023-12-11,4,7,446.45
2023-12-12,4,7,454.28
2023-12-13,4,7,376.81
2023-12-14,4,7,484.24
2023-12-15,4,7,430.89
2023-12-16,4,7,615.51
2023-12-17,4,7,586.78
2023-12-18,4,7,357.26
2023-12-19,4,7,542.68
2023-12-20,4,7,453.56
2023-12-21,4,7,429.53
2023-12-22,4,7,494.62
2023-12-23,4,7,488.96
2023-12-24,4,7,452.22
2023-12-25,4,7,493.71
2023-12-26,4,7,534.34
2023-12-27,4,7,475.79
2023-12-28,4,7,511.63
2023-12-29,4,7,369.98
2023-12-30,4,7,562.07
2023-12-31,4,7,535.75
2022-01-01,4,8,368.8
2022-01-02,4,8,458.12
2022-01-03,4,8,337.08
2022-01-04,4,8,356.87
2022-01-05,4,8,348.53
2022-01-06,4,8,293.65
2022-01-07,4,8,411.99
2022-01-08,4,8,411.41
2022-01-09,4,8,218.57
2022-01-10,4,8,297.56
2022-01-11,4,8,289.14
2022-01-12,4,8,348.47
2022-01-13,4,8,290.55
2022-01-14,4,8,363.37
2022-01-15,4,8,439.92
2022-01-16,4,8,345.38
2022-01-17,4,8,306.29
2022-01-18,4,8,276.75
2022-01-19,4,8,322.18
2022-01-20,4,8,277.01
2022-01-21,4,8,317.61
2022-01-22,4,8,392.04
2022-01-23,4,8,399.8
2022-01-24,4,8,411.94
2022-01-25,4,8,298.29
2022-01-26,4,8,224.06
2022-01-27,4,8,364.1
2022-01-28,4,8,364.08
2022-01-29,4,8,289.38
2022-01-30,4,8,368.63
2022-01-31,4,8,337.92
2022-02-01,4,8,365.25
2022-02-02,4,8,338.71
2022-02-03,4,8,340.19
2022-02-04,4,8,291.79
2022-02-05,4,8,282.84
2022-02-06,4,8,578.33
2022-02-07,4,8,291.1
2022-02-08,4,8,349.95
2022-02-09,4,8,333.12
2022-02-10,4,8,387.55
2022-02-11,4,8,347.8
2022-02-12,4,8,455.15
2022-02-13,4,8,269.36
2022-02-14,4,8,300.03
2022-02-15,4,8,381.56
2022-02-16,4,8,377.28
2022-02-17,4,8,294.79
2022-02-18,4,8,262.73
2022-02-19,4,8,456.4
2022-02-20,4,8,252.85
2022-02-21,4,8,285.71
2022-02-22,4,8,436.74
2022-02-23,4,8,420.81
2022-02-24,4,8,371.48
2022-02-25,4,8,362.48
2022-02-26,4,8,318.99
2022-02-27,4,8,401.17
2022-02-28,4,8,332.1
2022-03-01,4,8,317.37
2022-03-02,4,8,337.39
2022-03-03,4,8,425.9
2022-03-04,4,8,327.77
2022-03-05,4,8,440.5
2022-03-06,4,8,516.22
2022-03-07,4,8,281.6
2022-03-08,4,8,312.98
2022-03-09,4,8,318.78
2022-03-10,4,8,361.78
2022-03-11,4,8,340.54
2022-03-12,4,8,445.33
2022-03-13,4,8,421.09
2022-03-14,4,8,302.28
2022-03-15,4,8,393.4
2022-03-16,4,8,342.52
2022-03-17,4,8,394.67
2022-03-18,4,8,301.2
2022-03-19,4,8,423.42
2022-03-20,4,8,455.17
2022-03-21,4,8,355.53
2022-03-22,4,8,403.87
2022-03-23,4,8,339.7
2022-03-24,4,8,404.2
2022-03-25,4,8,384.29
2022-03-26,4,8,465.82
2022-03-27,4,8,406.23
2022-03-28,4,8,406.25
2022-03-29,4,8,314.43
2022-03-30,4,8,364.34
2022-03-31,4,8,362.88
2022-04-01,4,8,346.88
2022-04-02,4,8,438.62
2022-04-03,4,8,408.76
2022-04-04,4,8,271.92
2022-04-05,4,8,434.97
2022-04-06,4,8,333.12
2022-04-07,4,8,353.05
2022-04-08,4,8,353.04
2022-04-09,4,8,545.86
2022-04-10,4,8,605.31
2022-04-11,4,8,369.95
2022-04-12,4,8,353.1
2022-04-13,4,8,300.95
2022-04-14,4,8,283.82
2022-04-15,4,8,266.11
2022-04-16,4,8,415.48
2022-04-17,4,8,324.13
2022-04-18,4,8,422.42
2022-04-19,4,8,387.01
2022-04-20,4,8,350.49
2022-04-21,4,8,425.24
2022-04-22,4,8,306.27
2022-04-23,4,8,416.39
2022-04-24,4,8,337.37
2022-04-25,4,8,408.38
2022-04-26,4,8,321.7
2022-04-27,4,8,367.4
2022-04-28,4,8,422.04
2022-04-29,4,8,442.7
2022-04-30,4,8,475.69
2022-05-01,4,8,474.21
2022-05-02,4,8,298.41
2022-05-03,4,8,432.76
2022-05-04,4,8,337.2
2022-05-05,4,8,350.3
2022-05-06,4,8,325.3
2022-05-07,4,8,531.86
2022-05-08,4,8,464.68
2022-05-09,4,8,387.01
2022-05-10,4,8,366.13
2022-05-11,4,8,336.47
2022-05-12,4,8,396.85
2022-05-13,4,8,366.65
2022-05-14,4,8,388.19
2022-05-15,4,8,386.61
2022-05-16,4,8,357.32
2022-05-17,4,8,397.45
2022-05-18,4,8,436.24
2022-05-19,4,8,257.02
2022-05-20,4,8,352.1
2022-05-21,4,8,489.9
2022-05-22,4,8,477.03
2022-05-23,4,8,404.92
2022-05-24,4,8,386.59
2022-05-25,4,8,300.21
2022-05-26,4,8,298.93
2022-05-27,4,8,369.45
2022-05-28,4,8,527.4
2022-05-29,4,8,469.47
2022-05-30,4,8,270.08
2022-05-31,4,8,298.51
2022-06-01,4,8,355.65
2022-06-02,4,8,305.64
2022-06-03,4,8,328.49
2022-06-04,4,8,487.1
2022-06-05,4,8,344.55
2022-06-06,4,8,303.51
2022-06-07,4,8,298.5
2022-06-08,4,8,341.47
2022-06-09,4,8,362.08
2022-06-10,4,8,252.64
2022-06-11,4,8,422.18
2022-06-12,4,8,478.04
2022-06-13,4,8,235.0
2022-06-14,4,8,322.72
2022-06-15,4,8,266.67
2022-06-16,4,8,295.01
2022-06-17,4,8,203.94
2022-06-18,4,8,513.88
2022-06-19,4,8,402.73
2022-06-20,4,8,287.88
2022-06-21,4,8,343.96
2022-06-22,4,8,276.81
2022-06-23,4,8,272.37
2022-06-24,4,8,403.12
2022-06-25,4,8,543.64
2022-06-26,4,8,389.98
2022-06-27,4,8,382.26
2022-06-28,4,8,347.39
2022-06-29,4,8,260.06
2022-06-30,4,8,284.35
2022-07-01,4,8,366.79
2022-07-02,4,8,304.3
2022-07-03,4,8,520.06
2022-07-04,4,8,272.75
2022-07-05,4,8,369.37
2022-07-06,4,8,285.12
2022-07-07,4,8,334.96
2022-07-08,4,8,361.96
2022-07-09,4,8,470.65
2022-07-10,4,8,355.61
2022-07-11,4,8,261.49
2022-07-12,4,8,296.67
2022-07-13,4,8,241.95
2022-07-14,4,8,311.63
2022-07-15,4,8,264.02
2022-07-16,4,8,455.36
2022-07-17,4,8,358.54
2022-07-18,4,8,222.96
2022-07-19,4,8,365.58
2022-07-20,4,8,310.66
2022-07-21,4,8,303.92
2022-07-22,4,8,352.57
2022-07-23,4,8,445.55
2022-07-24,4,8,349.29
2022-07-25,4,8,283.12
2022-07-26,4,8,253.13
2022-07-27,4,8,237.31
2022-07-28,4,8,330.78
2022-07-29,4,8,322.53
2022-07-30,4,8,441.56
2022-07-31,4,8,472.91
2022-08-01,4,8,313.12
2022-08-02,4,8,317.13
2022-08-03,4,8,193.41
2022-08-04,4,8,268.28
2022-08-05,4,8,322.18
2022-08-06,4,8,302.03
2022-08-07,4,8,371.54
2022-08-08,4,8,304.14
2022-08-09,4,8,301.14
2022-08-10,4,8,298.25
2022-08-11,4,8,308.26
2022-08-12,4,8,290.75
2022-08-13,4,8,287.48
2022-08-14,4,8,396.63
2022-08-15,4,8,295.89
2022-08-16,4,8,222.24
2022-08-17,4,8,343.06
2022-08-18,4,8,307.25
2022-08-19,4,8,225.75
2022-08-20,4,8,325.0
2022-08-21,4,8,339.34
2022-08-22,4,8,261.22
2022-08-23,4,8,298.18
2022-08-24,4,8,243.99
2022-08-25,4,8,334.5
2022-08-26,4,8,331.23
2022-08-27,4,8,407.12
2022-08-28,4,8,375.29
2022-08-29,4,8,327.37
2022-08-30,4,8,275.35
2022-08-31,4,8,256.24
2022-09-01,4,8,328.08
2022-09-02,4,8,291.88
2022-09-03,4,8,325.29
2022-09-04,4,8,340.04
2022-09-05,4,8,248.43
2022-09-06,4,8,364.28
2022-09-07,4,8,279.9
2022-09-08,4,8,286.58
2022-09-09,4,8,310.49
2022-09-10,4,8,298.07
2022-09-11,4,8,424.81
2022-09-12,4,8,255.24
2022-09-13,4,8,358.23
2022-09-14,4,8,268.1
2022-09-15,4,8,325.34
2022-09-16,4,8,176.22
2022-09-17,4,8,301.94
2022-09-18,4,8,350.69
2022-09-19,4,8,196.39
2022-09-20,4,8,308.11
2022-09-21,4,8,296.14
2022-09-22,4,8,241.01
2022-09-23,4,8,282.63
2022-09-24,4,8,413.18
2022-09-25,4,8,252.52
2022-09-26,4,8,229.74
2022-09-27,4,8,269.92
2022-09-28,4,8,285.44
2022-09-29,4,8,282.15
2022-09-30,4,8,322.88
2022-10-01,4,8,410.47
2022-10-02,4,8,423.41
2022-10-03,4,8,233.59
2022-10-04,4,8,301.76
2022-10-05,4,8,281.96
2022-10-06,4,8,360.68
2022-10-07,4,8,303.78
2022-10-08,4,8,346.5
2022-10-09,4,8,434.74
2022-10-10,4,8,321.81
2022-10-11,4,8,260.37
2022-10-12,4,8,281.66
2022-10-13,4,8,282.64
2022-10-14,4,8,352.47
2022-10-15,4,8,399.07
2022-10-16,4,8,429.81
2022-10-17,4,8,276.28
2022-10-18,4,8,313.58
2022-10-19,4,8,357.24
2022-10-20,4,8,282.85
2022-10-21,4,8,304.45
2022-10-22,4,8,309.74
2022-10-23,4,8,344.92
2022-10-24,4,8,284.93
2022-10-25,4,8,252.44
2022-10-26,4,8,360.01
2022-10-27,4,8,262.87
2022-10-28,4,8,336.41
2022-10-29,4,8,402.44
2022-10-30,4,8,393.59
2022-10-31,4,8,368.83
2022-11-01,4,8,217.14
2022-11-02,4,8,319.13
2022-11-03,4,8,275.73
2022-11-04,4,8,232.42
2022-11-05,4,8,351.65
2022-11-06,4,8,429.86
2022-11-07,4,8,294.15
2022-11-08,4,8,374.74
2022-11-09,4,8,319.96
2022-11-10,4,8,314.7
2022-11-11,4,8,315.16
2022-11-12,4,8,424.36
2022-11-13,4,8,403.99
2022-11-14,4,8,289.46
2022-11-15,4,8,381.35
2022-11-16,4,8,301.22
2022-11-17,4,8,313.45
2022-11-18,4,8,354.27
2022-11-19,4,8,453.71
2022-11-20,4,8,375.26
2022-11-21,4,8,371.37
2022-11-22,4,8,360.77
2022-11-23,4,8,343.01
2022-11-24,4,8,312.71
2022-11-25,4,8,314.18
2022-11-26,4,8,422.13
2022-11-27,4,8,355.14
2022-11-28,4,8,333.38
2022-11-29,4,8,380.51
2022-11-30,4,8,380.01
2022-12-01,4,8,352.12
2022-12-02,4,8,433.39
2022-12-03,4,8,625.22
2022-12-04,4,8,463.5
2022-12-05,4,8,413.43
2022-12-06,4,8,247.62
2022-12-07,4,8,304.34
2022-12-08,4,8,380.55
2022-12-09,4,8,318.96
2022-12-10,4,8,638.27
2022-12-11,4,8,533.0
2022-12-12,4,8,431.08
2022-12-13,4,8,375.17
2022-12-14,4,8,320.35
2022-12-15,4,8,348.01
2022-12-16,4,8,392.06
2022-12-17,4,8,444.3
2022-12-18,4,8,541.18
2022-12-19,4,8,418.88
2022-12-20,4,8,379.06
2022-12-21,4,8,275.25
2022-12-22,4,8,476.91
2022-12-23,4,8,367.5
2022-12-24,4,8,694.56
2022-12-25,4,8,542.6
2022-12-26,4,8,368.47
2022-12-27,4,8,406.31
2022-12-28,4,8,265.61
2022-12-29,4,8,439.98
2022-12-30,4,8,528.49
2022-12-31,4,8,340.84
2023-01-01,4,8,522.89
2023-01-02,4,8,414.01
2023-01-03,4,8,476.23
2023-01-04,4,8,554.35
2023-01-05,4,8,445.79
2023-01-06,4,8,557.43
2023-01-07,4,8,562.88
2023-01-08,4,8,586.44
2023-01-09,4,8,443.63
2023-01-10,4,8,500.57
2023-01-11,4,8,396.6
2023-01-12,4,8,475.74
2023-01-13,4,8,345.76
2023-01-14,4,8,528.11
2023-01-15,4,8,499.33
2023-01-16,4,8,430.57
2023-01-17,4,8,405.11
2023-01-18,4,8,497.85
2023-01-19,4,8,369.76
2023-01-20,4,8,315.52
2023-01-21,4,8,441.57
2023-01-22,4,8,637.6
2023-01-23,4,8,365.0
2023-01-24,4,8,452.94
2023-01-25,4,8,408.82
2023-01-26,4,8,480.97
2023-01-27,4,8,413.53
2023-01-28,4,8,788.33
2023-01-29,4,8,716.44
2023-01-30,4,8,408.98
2023-01-31,4,8,400.45
2023-02-01,4,8,673.93
2023-02-02,4,8,384.58
2023-02-03,4,8,455.37
2023-02-04,4,8,599.35
2023-02-05,4,8,597.55
2023-02-06,4,8,340.14
2023-02-07,4,8,494.77
2023-02-08,4,8,393.73
2023-02-09,4,8,560.46
2023-02-10,4,8,360.68
2023-02-11,4,8,605.68
2023-02-12,4,8,401.05
2023-02-13,4,8,313.0
2023-02-14,4,8,404.51
2023-02-15,4,8,414.6
2023-02-16,4,8,565.32
2023-02-17,4,8,460.93
2023-02-18,4,8,720.27
2023-02-19,4,8,569.34
2023-02-20,4,8,506.99
2023-02-21,4,8,414.46
2023-02-22,4,8,410.01
2023-02-23,4,8,338.52
2023-02-24,4,8,489.53
2023-02-25,4,8,630.14
2023-02-26,4,8,677.47
2023-02-27,4,8,482.1
2023-02-28,4,8,609.42
2023-03-01,4,8,491.01
2023-03-02,4,8,549.94
2023-03-03,4,8,455.76
2023-03-04,4,8,538.28
2023-03-05,4,8,690.78
2023-03-06,4,8,473.64
2023-03-07,4,8,540.35
2023-03-08,4,8,506.18
2023-03-09,4,8,423.84
2023-03-10,4,8,558.98
2023-03-11,4,8,544.42
2023-03-12,4,8,685.48
2023-03-13,4,8,575.15
2023-03-14,4,8,454.9
2023-03-15,4,8,566.85
2023-03-16,4,8,512.25
2023-03-17,4,8,545.58
2023-03-18,4,8,550.33
2023-03-19,4,8,650.0
2023-03-20,4,8,382.38
2023-03-21,4,8,609.62
2023-03-22,4,8,338.79
2023-03-23,4,8,459.92
2023-03-24,4,8,418.17
2023-03-25,4,8,696.38
2023-03-26,4,8,815.44
2023-03-27,4,8,534.97
2023-03-28,4,8,703.97
2023-03-29,4,8,386.97
2023-03-30,4,8,392.85
2023-03-31,4,8,423.02
2023-04-01,4,8,632.54
2023-04-02,4,8,525.91
2023-04-03,4,8,424.58
2023-04-04,4,8,523.44
2023-04-05,4,8,390.12
2023-04-06,4,8,398.01
2023-04-07,4,8,451.17
2023-04-08,4,8,595.73
2023-04-09,4,8,719.3
2023-04-10,4,8,415.88
2023-04-11,4,8,429.18
2023-04-12,4,8,523.5
2023-04-13,4,8,539.74
2023-04-14,4,8,585.48
2023-04-15,4,8,671.36
2023-04-16,4,8,639.92
2023-04-17,4,8,524.81
2023-04-18,4,8,464.07
2023-04-19,4,8,463.85
2023-04-20,4,8,355.29
2023-04-21,4,8,549.37
2023-04-22,4,8,650.2
2023-04-23,4,8,704.14
2023-04-24,4,8,280.4
2023-04-25,4,8,482.33
2023-04-26,4,8,423.69
2023-04-27,4,8,595.96
2023-04-28,4,8,531.59
2023-04-29,4,8,655.45
2023-04-30,4,8,592.57
2023-05-01,4,8,484.55
2023-05-02,4,8,393.9
2023-05-03,4,8,451.07
2023-05-04,4,8,418.47
2023-05-05,4,8,614.42
2023-05-06,4,8,728.01
2023-05-07,4,8,692.07
2023-05-08,4,8,356.75
2023-05-09,4,8,519.36
2023-05-10,4,8,473.02
2023-05-11,4,8,544.87
2023-05-12,4,8,482.97
2023-05-13,4,8,598.69
2023-05-14,4,8,620.72
2023-05-15,4,8,336.59
2023-05-16,4,8,408.75
2023-05-17,4,8,488.11
2023-05-18,4,8,541.59
2023-05-19,4,8,424.62
2023-05-20,4,8,598.41
2023-05-21,4,8,457.81
2023-05-22,4,8,565.28
2023-05-23,4,8,541.6
2023-05-24,4,8,509.81
2023-05-25,4,8,493.05
2023-05-26,4,8,573.29
2023-05-27,4,8,531.86
2023-05-28,4,8,522.39
2023-05-29,4,8,540.11
2023-05-30,4,8,535.77
2023-05-31,4,8,383.02
2023-06-01,4,8,390.58
2023-06-02,4,8,532.29
2023-06-03,4,8,586.57
2023-06-04,4,8,618.09
2023-06-05,4,8,351.55
2023-06-06,4,8,467.75
2023-06-07,4,8,335.36
2023-06-08,4,8,299.75
2023-06-09,4,8,473.16
2023-06-10,4,8,674.42
2023-06-11,4,8,534.23
2023-06-12,4,8,392.44
2023-06-13,4,8,537.54
2023-06-14,4,8,415.54
2023-06-15,4,8,424.1
2023-06-16,4,8,537.51
2023-06-17,4,8,527.98
2023-06-18,4,8,503.18
2023-06-19,4,8,481.98
2023-06-20,4,8,383.84
2023-06-21,4,8,420.68
2023-06-22,4,8,345.14
2023-06-23,4,8,442.54
2023-06-24,4,8,565.82
2023-06-25,4,8,641.84
2023-06-26,4,8,486.88
2023-06-27,4,8,467.4
2023-06-28,4,8,457.51
2023-06-29,4,8,427.5
2023-06-30,4,8,472.07
2023-07-01,4,8,421.89
2023-07-02,4,8,328.17
2023-07-03,4,8,458.01
2023-07-04,4,8,429.75
2023-07-05,4,8,383.09
2023-07-06,4,8,453.77
2023-07-07,4,8,348.13
2023-07-08,4,8,454.84
2023-07-09,4,8,444.55
2023-07-10,4,8,425.15
2023-07-11,4,8,298.96
2023-07-12,4,8,347.16
2023-07-13,4,8,409.61
2023-07-14,4,8,321.85
2023-07-15,4,8,460.36
2023-07-16,4,8,341.68
2023-07-17,4,8,429.32
2023-07-18,4,8,353.18
2023-07-19,4,8,329.08
2023-07-20,4,8,317.71
2023-07-21,4,8,369.81
2023-07-22,4,8,391.61
2023-07-23,4,8,663.22
2023-07-24,4,8,253.91
2023-07-25,4,8,368.83
2023-07-26,4,8,402.17
2023-07-27,4,8,350.01
2023-07-28,4,8,408.94
2023-07-29,4,8,453.72
2023-07-30,4,8,634.28
2023-07-31,4,8,330.44
2023-08-01,4,8,236.28
2023-08-02,4,8,294.11
2023-08-03,4,8,386.67
2023-08-04,4,8,359.24
2023-08-05,4,8,529.4
2023-08-06,4,8,511.85
2023-08-07,4,8,331.43
2023-08-08,4,8,339.74
2023-08-09,4,8,345.66
2023-08-10,4,8,470.86
2023-08-11,4,8,405.39
2023-08-12,4,8,613.42
2023-08-13,4,8,538.43
2023-08-14,4,8,364.51
2023-08-15,4,8,311.95
2023-08-16,4,8,379.63
2023-08-17,4,8,365.35
2023-08-18,4,8,363.77
2023-08-19,4,8,464.88
2023-08-20,4,8,332.39
2023-08-21,4,8,439.55
2023-08-22,4,8,367.08
2023-08-23,4,8,291.59
2023-08-24,4,8,397.1
2023-08-25,4,8,323.0
2023-08-26,4,8,522.69
2023-08-27,4,8,546.13
2023-08-28,4,8,428.05
2023-08-29,4,8,362.53
2023-08-30,4,8,348.66
2023-08-31,4,8,337.06
2023-09-01,4,8,321.1
2023-09-02,4,8,467.25
2023-09-03,4,8,454.03
2023-09-04,4,8,316.14
2023-09-05,4,8,299.08
2023-09-06,4,8,355.36
2023-09-07,4,8,337.93
2023-09-08,4,8,299.77
2023-09-09,4,8,529.11
2023-09-10,4,8,595.93
2023-09-11,4,8,414.69
2023-09-12,4,8,323.42
2023-09-13,4,8,360.08
2023-09-14,4,8,446.93
2023-09-15,4,8,299.31
2023-09-16,4,8,528.01
2023-09-17,4,8,370.12
2023-09-18,4,8,455.87
2023-09-19,4,8,340.65
2023-09-20,4,8,486.22
2023-09-21,4,8,459.12
2023-09-22,4,8,359.01
2023-09-23,4,8,423.36
2023-09-24,4,8,488.74
2023-09-25,4,8,355.63
2023-09-26,4,8,343.7
2023-09-27,4,8,274.93
2023-09-28,4,8,337.91
2023-09-29,4,8,305.37
2023-09-30,4,8,516.05
2023-10-01,4,8,566.15
2023-10-02,4,8,421.52
2023-10-03,4,8,399.09
2023-10-04,4,8,331.24
2023-10-05,4,8,391.77
2023-10-06,4,8,425.51
2023-10-07,4,8,451.18
2023-10-08,4,8,503.82
2023-10-09,4,8,372.67
2023-10-10,4,8,476.28
2023-10-11,4,8,430.17
2023-10-12,4,8,416.56
2023-10-13,4,8,283.57
2023-10-14,4,8,509.67
2023-10-15,4,8,485.53
2023-10-16,4,8,373.21
2023-10-17,4,8,293.06
2023-10-18,4,8,320.57
2023-10-19,4,8,379.39
2023-10-20,4,8,447.64
2023-10-21,4,8,454.7
2023-10-22,4,8,469.25
2023-10-23,4,8,486.88
2023-10-24,4,8,367.34
2023-10-25,4,8,377.26
2023-10-26,4,8,378.27
2023-10-27,4,8,307.42
2023-10-28,4,8,543.97
2023-10-29,4,8,452.21
2023-10-30,4,8,384.11
2023-10-31,4,8,411.81
2023-11-01,4,8,543.05
2023-11-02,4,8,337.6
2023-11-03,4,8,475.64
2023-11-04,4,8,619.02
2023-11-05,4,8,495.52
2023-11-06,4,8,459.7
2023-11-07,4,8,526.06
2023-11-08,4,8,373.82
2023-11-09,4,8,437.83
2023-11-10,4,8,448.45
2023-11-11,4,8,594.01
2023-11-12,4,8,613.77
2023-11-13,4,8,434.1
2023-11-14,4,8,456.43
2023-11-15,4,8,366.07
2023-11-16,4,8,434.73
2023-11-17,4,8,394.21
2023-11-18,4,8,450.36
2023-11-19,4,8,510.36
2023-11-20,4,8,442.49
2023-11-21,4,8,453.37
2023-11-22,4,8,344.79
2023-11-23,4,8,366.13
2023-11-24,4,8,472.65
2023-11-25,4,8,596.8
2023-11-26,4,8,628.69
2023-11-27,4,8,514.69
2023-11-28,4,8,461.79
2023-11-29,4,8,400.97
2023-11-30,4,8,435.19
2023-12-01,4,8,594.06
2023-12-02,4,8,875.24
2023-12-03,4,8,662.06
2023-12-04,4,8,514.75
2023-12-05,4,8,528.65
2023-12-06,4,8,478.74
2023-12-07,4,8,560.65
2023-12-08,4,8,549.81
2023-12-09,4,8,654.26
2023-12-10,4,8,591.95
2023-12-11,4,8,369.3
2023-12-12,4,8,531.31
2023-12-13,4,8,494.29
2023-12-14,4,8,426.24
2023-12-15,4,8,398.28
2023-12-16,4,8,685.68
2023-12-17,4,8,474.24
2023-12-18,4,8,501.99
2023-12-19,4,8,541.5
2023-12-20,4,8,520.63
2023-12-21,4,8,453.03
2023-12-22,4,8,391.28
2023-12-23,4,8,681.49
2023-12-24,4,8,739.55
2023-12-25,4,8,440.92
2023-12-26,4,8,519.33
2023-12-27,4,8,597.48
2023-12-28,4,8,507.76
2023-12-29,4,8,454.69
2023-12-30,4,8,727.07
2023-12-31,4,8,559.63
2022-01-01,4,9,345.73
2022-01-02,4,9,355.07
2022-01-03,4,9,288.0
2022-01-04,4,9,280.99
2022-01-05,4,9,322.45
2022-01-06,4,9,256.45
2022-01-07,4,9,376.04
2022-01-08,4,9,502.64
2022-01-09,4,9,465.19
2022-01-10,4,9,330.12
2022-01-11,4,9,301.71
2022-01-12,4,9,316.41
2022-01-13,4,9,273.06
2022-01-14,4,9,315.58
2022-01-15,4,9,421.37
2022-01-16,4,9,351.87
2022-01-17,4,9,384.42
2022-01-18,4,9,305.61
2022-01-19,4,9,262.02
2022-01-20,4,9,300.58
2022-01-21,4,9,282.38
2022-01-22,4,9,353.04
2022-01-23,4,9,499.66
2022-01-24,4,9,311.81
2022-01-25,4,9,359.79
2022-01-26,4,9,331.21
2022-01-27,4,9,334.58
2022-01-28,4,9,311.92
2022-01-29,4,9,380.37
2022-01-30,4,9,486.51
2022-01-31,4,9,344.24
2022-02-01,4,9,325.58
2022-02-02,4,9,384.95
2022-02-03,4,9,411.27
2022-02-04,4,9,354.07
2022-02-05,4,9,538.39
2022-02-06,4,9,405.88
2022-02-07,4,9,291.19
2022-02-08,4,9,319.6
2022-02-09,4,9,339.35
2022-02-10,4,9,416.35
2022-02-11,4,9,318.6
2022-02-12,4,9,465.05
2022-02-13,4,9,512.81
2022-02-14,4,9,362.65
2022-02-15,4,9,314.1
2022-02-16,4,9,274.41
2022-02-17,4,9,401.99
2022-02-18,4,9,286.48
2022-02-19,4,9,417.52
2022-02-20,4,9,445.34
2022-02-21,4,9,405.81
2022-02-22,4,9,392.59
2022-02-23,4,9,349.41
2022-02-24,4,9,404.37
2022-02-25,4,9,416.05
2022-02-26,4,9,413.75
2022-02-27,4,9,419.73
2022-02-28,4,9,382.02
2022-03-01,4,9,441.1
2022-03-02,4,9,315.25
2022-03-03,4,9,254.93
2022-03-04,4,9,386.96
2022-03-05,4,9,552.71
2022-03-06,4,9,468.16
2022-03-07,4,9,493.3
2022-03-08,4,9,309.48
2022-03-09,4,9,314.82
2022-03-10,4,9,314.39
2022-03-11,4,9,359.56
2022-03-12,4,9,469.45
2022-03-13,4,9,408.89
2022-03-14,4,9,415.89
2022-03-15,4,9,370.56
2022-03-16,4,9,301.23
2022-03-17,4,9,389.77
2022-03-18,4,9,334.72
2022-03-19,4,9,471.94
2022-03-20,4,9,527.21
2022-03-21,4,9,411.93
2022-03-22,4,9,407.87
2022-03-23,4,9,361.58
2022-03-24,4,9,306.71
2022-03-25,4,9,342.39
2022-03-26,4,9,469.5
2022-03-27,4,9,576.92
2022-03-28,4,9,332.12
2022-03-29,4,9,371.82
2022-03-30,4,9,294.42
2022-03-31,4,9,380.03
2022-04-01,4,9,351.4
2022-04-02,4,9,451.46
2022-04-03,4,9,519.32
2022-04-04,4,9,318.29
2022-04-05,4,9,429.73
2022-04-06,4,9,314.94
2022-04-07,4,9,428.66
2022-04-08,4,9,270.83
2022-04-09,4,9,484.59
2022-04-10,4,9,506.21
2022-04-11,4,9,337.79
2022-04-12,4,9,372.28
2022-04-13,4,9,338.2
2022-04-14,4,9,382.08
2022-04-15,4,9,371.82
2022-04-16,4,9,621.35
2022-04-17,4,9,370.2
2022-04-18,4,9,370.16
2022-04-19,4,9,336.96
2022-04-20,4,9,366.71
2022-04-21,4,9,352.96
2022-04-22,4,9,341.78
2022-04-23,4,9,432.43
2022-04-24,4,9,519.99
2022-04-25,4,9,341.37
2022-04-26,4,9,360.75
2022-04-27,4,9,372.35
2022-04-28,4,9,323.17
2022-04-29,4,9,396.07
2022-04-30,4,9,404.3
2022-05-01,4,9,475.92
2022-05-02,4,9,361.74
2022-05-03,4,9,334.66
2022-05-04,4,9,285.65
2022-05-05,4,9,342.43
2022-05-06,4,9,289.37
2022-05-07,4,9,438.02
2022-05-08,4,9,498.66
2022-05-09,4,9,342.51
2022-05-10,4,9,408.24
2022-05-11,4,9,359.13
2022-05-12,4,9,384.14
2022-05-13,4,9,381.56
2022-05-14,4,9,542.89
2022-05-15,4,9,360.83
2022-05-16,4,9,318.33
2022-05-17,4,9,347.18
2022-05-18,4,9,387.6
2022-05-19,4,9,355.09
2022-05-20,4,9,346.32
2022-05-21,4,9,520.75
2022-05-22,4,9,428.57
2022-05-23,4,9,327.53
2022-05-24,4,9,375.04
2022-05-25,4,9,473.2
2022-05-26,4,9,347.45
2022-05-27,4,9,314.98
2022-05-28,4,9,415.22
2022-05-29,4,9,429.28
2022-05-30,4,9,419.25
2022-05-31,4,9,330.78
2022-06-01,4,9,333.01
2022-06-02,4,9,314.34
2022-06-03,4,9,256.17
2022-06-04,4,9,394.67
2022-06-05,4,9,261.24
2022-06-06,4,9,328.24
2022-06-07,4,9,343.62
2022-06-08,4,9,279.76
2022-06-09,4,9,294.6
2022-06-10,4,9,256.41
2022-06-11,4,9,278.76
2022-06-12,4,9,323.52
2022-06-13,4,9,353.25
2022-06-14,4,9,306.87
2022-06-15,4,9,332.45
2022-06-16,4,9,421.37
2022-06-17,4,9,371.26
2022-06-18,4,9,454.08
2022-06-19,4,9,389.9
2022-06-20,4,9,399.43
2022-06-21,4,9,384.02
2022-06-22,4,9,367.71
2022-06-23,4,9,324.3
2022-06-24,4,9,279.77
2022-06-25,4,9,518.82
2022-06-26,4,9,478.22
2022-06-27,4,9,315.71
2022-06-28,4,9,312.4
2022-06-29,4,9,266.43
2022-06-30,4,9,363.72
2022-07-01,4,9,301.6
2022-07-02,4,9,405.46
2022-07-03,4,9,436.39
2022-07-04,4,9,326.76
2022-07-05,4,9,256.35
2022-07-06,4,9,296.32
2022-07-07,4,9,313.88
2022-07-08,4,9,317.49
2022-07-09,4,9,293.08
2022-07-10,4,9,327.09
2022-07-11,4,9,325.81
2022-07-12,4,9,325.41
2022-07-13,4,9,368.8
2022-07-14,4,9,228.19
2022-07-15,4,9,337.63
2022-07-16,4,9,409.02
2022-07-17,4,9,326.4
2022-07-18,4,9,219.22
2022-07-19,4,9,340.7
2022-07-20,4,9,254.73
2022-07-21,4,9,240.11
2022-07-22,4,9,319.67
2022-07-23,4,9,388.86
2022-07-24,4,9,423.35
2022-07-25,4,9,319.44
2022-07-26,4,9,451.01
2022-07-27,4,9,333.17
2022-07-28,4,9,330.57
2022-07-29,4,9,261.21
2022-07-30,4,9,483.49
2022-07-31,4,9,362.3
2022-08-01,4,9,239.39
2022-08-02,4,9,268.68
2022-08-03,4,9,296.04
2022-08-04,4,9,258.69
2022-08-05,4,9,241.6
2022-08-06,4,9,313.18
2022-08-07,4,9,373.39
2022-08-08,4,9,302.29
2022-08-09,4,9,305.97
2022-08-10,4,9,214.14
2022-08-11,4,9,244.71
2022-08-12,4,9,318.85
2022-08-13,4,9,340.84
2022-08-14,4,9,375.37
2022-08-15,4,9,390.94
2022-08-16,4,9,185.76
2022-08-17,4,9,275.47
2022-08-18,4,9,311.0
2022-08-19,4,9,239.94
2022-08-20,4,9,358.67
2022-08-21,4,9,300.42
2022-08-22,4,9,306.5
2022-08-23,4,9,253.87
2022-08-24,4,9,264.26
2022-08-25,4,9,320.78
2022-08-26,4,9,306.58
2022-08-27,4,9,421.91
2022-08-28,4,9,465.59
2022-08-29,4,9,286.79
2022-08-30,4,9,374.02
2022-08-31,4,9,292.37
2022-09-01,4,9,329.51
2022-09-02,4,9,274.16
2022-09-03,4,9,403.4
2022-09-04,4,9,335.57
2022-09-05,4,9,331.47
2022-09-06,4,9,323.93
2022-09-07,4,9,267.6
2022-09-08,4,9,283.16
2022-09-09,4,9,237.68
2022-09-10,4,9,410.52
2022-09-11,4,9,406.01
2022-09-12,4,9,226.24
2022-09-13,4,9,368.27
2022-09-14,4,9,294.59
2022-09-15,4,9,268.53
2022-09-16,4,9,328.52
2022-09-17,4,9,333.9
2022-09-18,4,9,433.64
2022-09-19,4,9,229.87
2022-09-20,4,9,270.04
2022-09-21,4,9,275.89
2022-09-22,4,9,256.95
2022-09-23,4,9,249.06
2022-09-24,4,9,337.68
2022-09-25,4,9,335.46
2022-09-26,4,9,260.92
2022-09-27,4,9,341.31
2022-09-28,4,9,299.38
2022-09-29,4,9,277.61
2022-09-30,4,9,313.86
2022-10-01,4,9,373.16
2022-10-02,4,9,333.74
2022-10-03,4,9,221.42
2022-10-04,4,9,335.19
2022-10-05,4,9,194.6
2022-10-06,4,9,226.19
2022-10-07,4,9,314.73
2022-10-08,4,9,379.67
2022-10-09,4,9,464.33
2022-10-10,4,9,264.93
2022-10-11,4,9,327.37
2022-10-12,4,9,285.95
2022-10-13,4,9,318.17
2022-10-14,4,9,301.68
2022-10-15,4,9,411.67
2022-10-16,4,9,395.38
2022-10-17,4,9,307.85
2022-10-18,4,9,246.91
2022-10-19,4,9,298.68
2022-10-20,4,9,322.27
2022-10-21,4,9,293.49
2022-10-22,4,9,378.94
2022-10-23,4,9,276.34
2022-10-24,4,9,364.69
2022-10-25,4,9,235.83
2022-10-26,4,9,269.39
2022-10-27,4,9,262.02
2022-10-28,4,9,310.62
2022-10-29,4,9,406.74
2022-10-30,4,9,425.49
2022-10-31,4,9,329.54
2022-11-01,4,9,408.65
2022-11-02,4,9,310.07
2022-11-03,4,9,284.66
2022-11-04,4,9,313.99
2022-11-05,4,9,353.22
2022-11-06,4,9,401.8
2022-11-07,4,9,250.31
2022-11-08,4,9,285.53
2022-11-09,4,9,244.01
2022-11-10,4,9,386.22
2022-11-11,4,9,332.65
2022-11-12,4,9,545.75
2022-11-13,4,9,496.97
2022-11-14,4,9,387.43
2022-11-15,4,9,321.32
2022-11-16,4,9,352.59
2022-11-17,4,9,284.5
2022-11-18,4,9,302.68
2022-11-19,4,9,428.85
2022-11-20,4,9,316.55
2022-11-21,4,9,304.64
2022-11-22,4,9,369.18
2022-11-23,4,9,305.91
2022-11-24,4,9,293.95
2022-11-25,4,9,311.62
2022-11-26,4,9,478.49
2022-11-27,4,9,453.85
2022-11-28,4,9,320.23
2022-11-29,4,9,332.56
2022-11-30,4,9,374.6
2022-12-01,4,9,441.47
2022-12-02,4,9,343.06
2022-12-03,4,9,474.59
2022-12-04,4,9,570.69
2022-12-05,4,9,399.23
2022-12-06,4,9,292.51
2022-12-07,4,9,321.08
2022-12-08,4,9,323.05
2022-12-09,4,9,348.15
2022-12-10,4,9,509.85
2022-12-11,4,9,620.11
2022-12-12,4,9,367.5
2022-12-13,4,9,409.25
2022-12-14,4,9,436.07
2022-12-15,4,9,456.14
2022-12-16,4,9,436.77
2022-12-17,4,9,431.17
2022-12-18,4,9,380.19
2022-12-19,4,9,338.8
2022-12-20,4,9,383.81
2022-12-21,4,9,332.87
2022-12-22,4,9,283.51
2022-12-23,4,9,306.78
2022-12-24,4,9,708.21
2022-12-25,4,9,472.38
2022-12-26,4,9,477.54
2022-12-27,4,9,363.03
2022-12-28,4,9,421.33
2022-12-29,4,9,368.74
2022-12-30,4,9,377.53
2022-12-31,4,9,547.89
2023-01-01,4,9,507.46
2023-01-02,4,9,341.27
2023-01-03,4,9,365.79
2023-01-04,4,9,365.72
2023-01-05,4,9,421.89
2023-01-06,4,9,298.37
2023-01-07,4,9,567.27
2023-01-08,4,9,645.94
2023-01-09,4,9,386.02
2023-01-10,4,9,377.11
2023-01-11,4,9,541.97
2023-01-12,4,9,511.25
2023-01-13,4,9,445.96
2023-01-14,4,9,484.07
2023-01-15,4,9,593.39
2023-01-16,4,9,356.46
2023-01-17,4,9,336.9
2023-01-18,4,9,449.14
2023-01-19,4,9,390.72
2023-01-20,4,9,293.38
2023-01-21,4,9,596.21
2023-01-22,4,9,668.48
2023-01-23,4,9,463.9
2023-01-24,4,9,390.83
2023-01-25,4,9,287.02
2023-01-26,4,9,432.33
2023-01-27,4,9,381.63
2023-01-28,4,9,476.29
2023-01-29,4,9,390.2
2023-01-30,4,9,543.71
2023-01-31,4,9,354.69
2023-02-01,4,9,329.33
2023-02-02,4,9,568.74
2023-02-03,4,9,455.91
2023-02-04,4,9,579.37
2023-02-05,4,9,618.19
2023-02-06,4,9,484.49
2023-02-07,4,9,469.65
2023-02-08,4,9,352.49
2023-02-09,4,9,347.44
2023-02-10,4,9,406.2
2023-02-11,4,9,547.91
2023-02-12,4,9,561.66
2023-02-13,4,9,472.71
2023-02-14,4,9,438.18
2023-02-15,4,9,410.96
2023-02-16,4,9,485.13
2023-02-17,4,9,507.41
2023-02-18,4,9,523.92
2023-02-19,4,9,474.25
2023-02-20,4,9,471.73
2023-02-21,4,9,430.63
2023-02-22,4,9,517.64
2023-02-23,4,9,392.26
2023-02-24,4,9,377.3
2023-02-25,4,9,542.29
2023-02-26,4,9,646.39
2023-02-27,4,9,437.24
2023-02-28,4,9,455.77
2023-03-01,4,9,437.67
2023-03-02,4,9,545.19
2023-03-03,4,9,507.76
2023-03-04,4,9,475.25
2023-03-05,4,9,699.67
2023-03-06,4,9,516.47
2023-03-07,4,9,552.04
2023-03-08,4,9,437.43
2023-03-09,4,9,408.48
2023-03-10,4,9,469.88
2023-03-11,4,9,634.08
2023-03-12,4,9,729.5
2023-03-13,4,9,522.29
2023-03-14,4,9,487.77
2023-03-15,4,9,468.3
2023-03-16,4,9,478.86
2023-03-17,4,9,449.82
2023-03-18,4,9,685.3
2023-03-19,4,9,486.82
2023-03-20,4,9,479.72
2023-03-21,4,9,554.52
2023-03-22,4,9,398.03
2023-03-23,4,9,620.14
2023-03-24,4,9,402.79
2023-03-25,4,9,577.67
2023-03-26,4,9,721.66
2023-03-27,4,9,586.28
2023-03-28,4,9,507.59
2023-03-29,4,9,506.03
2023-03-30,4,9,611.79
2023-03-31,4,9,383.68
2023-04-01,4,9,455.13
2023-04-02,4,9,437.05
2023-04-03,4,9,412.55
2023-04-04,4,9,422.43
2023-04-05,4,9,500.63
2023-04-06,4,9,545.56
2023-04-07,4,9,538.88
2023-04-08,4,9,698.32
2023-04-09,4,9,528.64
2023-04-10,4,9,502.65
2023-04-11,4,9,423.2
2023-04-12,4,9,518.76
2023-04-13,4,9,479.24
2023-04-14,4,9,539.77
2023-04-15,4,9,840.84
2023-04-16,4,9,617.26
2023-04-17,4,9,398.46
2023-04-18,4,9,360.9
2023-04-19,4,9,413.82
2023-04-20,4,9,555.03
2023-04-21,4,9,513.58
2023-04-22,4,9,644.36
2023-04-23,4,9,658.93
2023-04-24,4,9,531.53
2023-04-25,4,9,367.96
2023-04-26,4,9,551.48
2023-04-27,4,9,508.81
2023-04-28,4,9,377.1
2023-04-29,4,9,657.29
2023-04-30,4,9,503.88
2023-05-01,4,9,486.54
2023-05-02,4,9,460.4
2023-05-03,4,9,384.06
2023-05-04,4,9,480.96
2023-05-05,4,9,508.17
2023-05-06,4,9,538.81
2023-05-07,4,9,659.14
2023-05-08,4,9,435.11
2023-05-09,4,9,513.98
2023-05-10,4,9,448.15
2023-05-11,4,9,535.07
2023-05-12,4,9,392.91
2023-05-13,4,9,513.69
2023-05-14,4,9,522.63
2023-05-15,4,9,464.88
2023-05-16,4,9,446.09
2023-05-17,4,9,476.46
2023-05-18,4,9,377.31
2023-05-19,4,9,408.2
2023-05-20,4,9,708.48
2023-05-21,4,9,628.64
2023-05-22,4,9,501.22
2023-05-23,4,9,441.09
2023-05-24,4,9,479.25
2023-05-25,4,9,426.55
2023-05-26,4,9,332.02
2023-05-27,4,9,690.68
2023-05-28,4,9,614.57
2023-05-29,4,9,409.91
2023-05-30,4,9,460.87
2023-05-31,4,9,428.84
2023-06-01,4,9,513.72
2023-06-02,4,9,462.0
2023-06-03,4,9,451.99
2023-06-04,4,9,441.18
2023-06-05,4,9,436.36
2023-06-06,4,9,429.31
2023-06-07,4,9,453.82
2023-06-08,4,9,412.32
2023-06-09,4,9,380.72
2023-06-10,4,9,590.45
2023-06-11,4,9,597.79
2023-06-12,4,9,502.18
2023-06-13,4,9,469.34
2023-06-14,4,9,369.94
2023-06-15,4,9,439.6
2023-06-16,4,9,405.44
2023-06-17,4,9,472.92
2023-06-18,4,9,403.44
2023-06-19,4,9,567.53
2023-06-20,4,9,389.1
2023-06-21,4,9,416.93
2023-06-22,4,9,439.28
2023-06-23,4,9,432.66
2023-06-24,4,9,344.18
2023-06-25,4,9,540.14
2023-06-26,4,9,539.64
2023-06-27,4,9,413.08
2023-06-28,4,9,531.62
2023-06-29,4,9,429.21
2023-06-30,4,9,404.95
2023-07-01,4,9,511.3
2023-07-02,4,9,503.61
2023-07-03,4,9,386.36
2023-07-04,4,9,352.04
2023-07-05,4,9,307.01
2023-07-06,4,9,418.73
2023-07-07,4,9,391.96
2023-07-08,4,9,628.24
2023-07-09,4,9,500.54
2023-07-10,4,9,299.29
2023-07-11,4,9,406.2
2023-07-12,4,9,392.13
2023-07-13,4,9,362.89
2023-07-14,4,9,424.22
2023-07-15,4,9,542.69
2023-07-16,4,9,414.59
2023-07-17,4,9,361.66
2023-07-18,4,9,453.1
2023-07-19,4,9,332.22
2023-07-20,4,9,379.63
2023-07-21,4,9,403.24
2023-07-22,4,9,419.46
2023-07-23,4,9,500.09
2023-07-24,4,9,383.01
2023-07-25,4,9,371.98
2023-07-26,4,9,301.38
2023-07-27,4,9,391.43
2023-07-28,4,9,355.35
2023-07-29,4,9,590.98
2023-07-30,4,9,541.64
2023-07-31,4,9,346.7
2023-08-01,4,9,339.35
2023-08-02,4,9,367.75
2023-08-03,4,9,339.69
2023-08-04,4,9,279.29
2023-08-05,4,9,490.78
2023-08-06,4,9,507.59
2023-08-07,4,9,402.37
2023-08-08,4,9,413.37
2023-08-09,4,9,317.53
2023-08-10,4,9,405.52
2023-08-11,4,9,300.86
2023-08-12,4,9,497.55
2023-08-13,4,9,422.31
2023-08-14,4,9,386.55
2023-08-15,4,9,281.63
2023-08-16,4,9,393.83
2023-08-17,4,9,321.41
2023-08-18,4,9,391.05
2023-08-19,4,9,500.85
2023-08-20,4,9,502.06
2023-08-21,4,9,367.93
2023-08-22,4,9,301.55
2023-08-23,4,9,447.55
2023-08-24,4,9,358.88
2023-08-25,4,9,358.96
2023-08-26,4,9,575.37
2023-08-27,4,9,413.14
2023-08-28,4,9,364.31
2023-08-29,4,9,376.5
2023-08-30,4,9,354.61
2023-08-31,4,9,382.68
2023-09-01,4,9,324.89
2023-09-02,4,9,458.25
2023-09-03,4,9,472.39
2023-09-04,4,9,429.7
2023-09-05,4,9,445.45
2023-09-06,4,9,366.1
2023-09-07,4,9,421.51
2023-09-08,4,9,318.59
2023-09-09,4,9,622.03
2023-09-10,4,9,448.21
2023-09-11,4,9,356.37
2023-09-12,4,9,386.95
2023-09-13,4,9,404.43
2023-09-14,4,9,349.57
2023-09-15,4,9,250.87
2023-09-16,4,9,512.96
2023-09-17,4,9,403.51
2023-09-18,4,9,401.45
2023-09-19,4,9,400.52
2023-09-20,4,9,370.53
2023-09-21,4,9,409.23
2023-09-22,4,9,334.05
2023-09-23,4,9,565.75
2023-09-24,4,9,480.78
2023-09-25,4,9,351.19
2023-09-26,4,9,423.33
2023-09-27,4,9,325.59
2023-09-28,4,9,247.64
2023-09-29,4,9,294.35
2023-09-30,4,9,572.44
2023-10-01,4,9,505.38
2023-10-02,4,9,384.5
2023-10-03,4,9,426.41
2023-10-04,4,9,392.03
2023-10-05,4,9,360.11
2023-10-06,4,9,351.12
2023-10-07,4,9,402.7
2023-10-08,4,9,410.9
2023-10-09,4,9,386.4
2023-10-10,4,9,367.96
2023-10-11,4,9,404.59
2023-10-12,4,9,372.37
2023-10-13,4,9,317.21
2023-10-14,4,9,509.07
2023-10-15,4,9,504.96
2023-10-16,4,9,379.11
2023-10-17,4,9,387.29
2023-10-18,4,9,490.22
2023-10-19,4,9,311.1
2023-10-20,4,9,324.63
2023-10-21,4,9,367.19
2023-10-22,4,9,500.21
2023-10-23,4,9,269.46
2023-10-24,4,9,392.74
2023-10-25,4,9,376.99
2023-10-26,4,9,347.68
2023-10-27,4,9,407.6
2023-10-28,4,9,517.17
2023-10-29,4,9,614.73
2023-10-30,4,9,416.4
2023-10-31,4,9,377.95
2023-11-01,4,9,273.38
2023-11-02,4,9,473.84
2023-11-03,4,9,474.62
2023-11-04,4,9,648.71
2023-11-05,4,9,355.73
2023-11-06,4,9,429.67
2023-11-07,4,9,458.29
2023-11-08,4,9,492.56
2023-11-09,4,9,455.29
2023-11-10,4,9,421.64
2023-11-11,4,9,460.49
2023-11-12,4,9,534.29
2023-11-13,4,9,443.0
2023-11-14,4,9,468.02
2023-11-15,4,9,319.37
2023-11-16,4,9,437.92
2023-11-17,4,9,326.89
2023-11-18,4,9,567.55
2023-11-19,4,9,452.12
2023-11-20,4,9,329.35
2023-11-21,4,9,534.8
2023-11-22,4,9,333.58
2023-11-23,4,9,380.86
2023-11-24,4,9,420.04
2023-11-25,4,9,376.86
2023-11-26,4,9,612.98
2023-11-27,4,9,377.71
2023-11-28,4,9,357.7
2023-11-29,4,9,481.16
2023-11-30,4,9,338.1
2023-12-01,4,9,501.64
2023-12-02,4,9,613.62
2023-12-03,4,9,617.08
2023-12-04,4,9,466.92
2023-12-05,4,9,480.27
2023-12-06,4,9,310.43
2023-12-07,4,9,409.88
2023-12-08,4,9,407.35
2023-12-09,4,9,715.98
2023-12-10,4,9,628.96
2023-12-11,4,9,473.65
2023-12-12,4,9,604.81
2023-12-13,4,9,329.64
2023-12-14,4,9,574.18
2023-12-15,4,9,474.79
2023-12-16,4,9,546.66
2023-12-17,4,9,567.42
2023-12-18,4,9,439.3
2023-12-19,4,9,581.95
2023-12-20,4,9,492.39
2023-12-21,4,9,524.58
2023-12-22,4,9,422.91
2023-12-23,4,9,629.34
2023-12-24,4,9,703.85
2023-12-25,4,9,557.25
2023-12-26,4,9,381.14
2023-12-27,4,9,535.16
2023-12-28,4,9,467.1
2023-12-29,4,9,504.01
2023-12-30,4,9,572.31
2023-12-31,4,9,764.22
2022-01-01,4,10,467.86
2022-01-02,4,10,590.9
2022-01-03,4,10,463.25
2022-01-04,4,10,400.15
2022-01-05,4,10,425.58
2022-01-06,4,10,385.61
2022-01-07,4,10,353.12
2022-01-08,4,10,508.85
2022-01-09,4,10,556.5
2022-01-10,4,10,330.03
2022-01-11,4,10,397.24
2022-01-12,4,10,430.23
2022-01-13,4,10,501.23
2022-01-14,4,10,405.53
2022-01-15,4,10,450.2
2022-01-16,4,10,536.79
2022-01-17,4,10,390.47
2022-01-18,4,10,462.54
2022-01-19,4,10,405.91
2022-01-20,4,10,253.98
2022-01-21,4,10,665.66
2022-01-22,4,10,569.4
2022-01-23,4,10,565.5
2022-01-24,4,10,330.33
2022-01-25,4,10,335.61
2022-01-26,4,10,424.58
2022-01-27,4,10,452.67
2022-01-28,4,10,476.79
2022-01-29,4,10,581.31
2022-01-30,4,10,461.91
2022-01-31,4,10,270.1
2022-02-01,4,10,454.92
2022-02-02,4,10,425.28
2022-02-03,4,10,375.12
2022-02-04,4,10,520.74
2022-02-05,4,10,460.3
2022-02-06,4,10,659.16
2022-02-07,4,10,366.29
2022-02-08,4,10,474.35
2022-02-09,4,10,530.65
2022-02-10,4,10,442.27
2022-02-11,4,10,584.55
2022-02-12,4,10,781.4
2022-02-13,4,10,629.01
2022-02-14,4,10,505.66
2022-02-15,4,10,542.61
2022-02-16,4,10,506.84
2022-02-17,4,10,499.79
2022-02-18,4,10,432.57
2022-02-19,4,10,456.28
2022-02-20,4,10,483.98
2022-02-21,4,10,639.07
2022-02-22,4,10,494.06
2022-02-23,4,10,454.33
2022-02-24,4,10,561.64
2022-02-25,4,10,419.48
2022-02-26,4,10,668.77
2022-02-27,4,10,622.69
2022-02-28,4,10,506.66
2022-03-01,4,10,460.75
2022-03-02,4,10,415.41
2022-03-03,4,10,426.15
2022-03-04,4,10,429.39
2022-03-05,4,10,632.91
2022-03-06,4,10,485.85
2022-03-07,4,10,396.68
2022-03-08,4,10,498.37
2022-03-09,4,10,479.54
2022-03-10,4,10,503.33
2022-03-11,4,10,486.51
2022-03-12,4,10,878.18
2022-03-13,4,10,650.08
2022-03-14,4,10,463.26
2022-03-15,4,10,499.11
2022-03-16,4,10,567.4
2022-03-17,4,10,488.9
2022-03-18,4,10,543.67
2022-03-19,4,10,679.64
2022-03-20,4,10,614.15
2022-03-21,4,10,502.62
2022-03-22,4,10,613.55
2022-03-23,4,10,513.38
2022-03-24,4,10,422.45
2022-03-25,4,10,472.45
2022-03-26,4,10,440.92
2022-03-27,4,10,659.62
2022-03-28,4,10,595.54
2022-03-29,4,10,397.85
2022-03-30,4,10,509.72
2022-03-31,4,10,572.74
2022-04-01,4,10,568.21
2022-04-02,4,10,757.33
2022-04-03,4,10,457.73
2022-04-04,4,10,526.72
2022-04-05,4,10,379.4
2022-04-06,4,10,417.07
2022-04-07,4,10,551.45
2022-04-08,4,10,503.08
2022-04-09,4,10,709.1
2022-04-10,4,10,550.82
2022-04-11,4,10,601.69
2022-04-12,4,10,544.14
2022-04-13,4,10,559.52
2022-04-14,4,10,414.05
2022-04-15,4,10,581.46
2022-04-16,4,10,612.99
2022-04-17,4,10,585.04
2022-04-18,4,10,542.43
2022-04-19,4,10,539.77
2022-04-20,4,10,433.7
2022-04-21,4,10,650.62
2022-04-22,4,10,633.15
2022-04-23,4,10,706.36
2022-04-24,4,10,690.02
2022-04-25,4,10,523.73
2022-04-26,4,10,383.36
2022-04-27,4,10,508.4
2022-04-28,4,10,507.86
2022-04-29,4,10,457.56
2022-04-30,4,10,621.43
2022-05-01,4,10,393.11
2022-05-02,4,10,393.35
2022-05-03,4,10,536.43
2022-05-04,4,10,594.17
2022-05-05,4,10,405.3
2022-05-06,4,10,485.48
2022-05-07,4,10,716.12
2022-05-08,4,10,567.35
2022-05-09,4,10,521.84
2022-05-10,4,10,471.8
2022-05-11,4,10,559.37
2022-05-12,4,10,383.66
2022-05-13,4,10,396.68
2022-05-14,4,10,644.59
2022-05-15,4,10,628.13
2022-05-16,4,10,472.69
2022-05-17,4,10,518.36
2022-05-18,4,10,410.9
2022-05-19,4,10,379.8
2022-05-20,4,10,442.51
2022-05-21,4,10,586.22
2022-05-22,4,10,596.5
2022-05-23,4,10,570.97
2022-05-24,4,10,535.56
2022-05-25,4,10,518.94
2022-05-26,4,10,496.94
2022-05-27,4,10,449.99
2022-05-28,4,10,546.07
2022-05-29,4,10,514.27
2022-05-30,4,10,432.33
2022-05-31,4,10,479.91
2022-06-01,4,10,363.35
2022-06-02,4,10,451.06
2022-06-03,4,10,427.42
2022-06-04,4,10,538.69
2022-06-05,4,10,673.22
2022-06-06,4,10,278.48
2022-06-07,4,10,416.36
2022-06-08,4,10,286.14
2022-06-09,4,10,458.38
2022-06-10,4,10,493.57
2022-06-11,4,10,459.51
2022-06-12,4,10,470.98
2022-06-13,4,10,330.95
2022-06-14,4,10,448.7
2022-06-15,4,10,422.1
2022-06-16,4,10,426.61
2022-06-17,4,10,421.01
2022-06-18,4,10,495.11
2022-06-19,4,10,678.8
2022-06-20,4,10,465.0
2022-06-21,4,10,367.68
2022-06-22,4,10,400.49
2022-06-23,4,10,389.3
2022-06-24,4,10,542.81
2022-06-25,4,10,645.48
2022-06-26,4,10,572.68
2022-06-27,4,10,564.51
2022-06-28,4,10,547.77
2022-06-29,4,10,434.61
2022-06-30,4,10,422.82
2022-07-01,4,10,383.79
2022-07-02,4,10,452.59
2022-07-03,4,10,665.96
2022-07-04,4,10,345.46
2022-07-05,4,10,460.27
2022-07-06,4,10,449.79
2022-07-07,4,10,389.26
2022-07-08,4,10,519.1
2022-07-09,4,10,406.96
2022-07-10,4,10,525.28
2022-07-11,4,10,379.27
2022-07-12,4,10,468.66
2022-07-13,4,10,431.72
2022-07-14,4,10,304.01
2022-07-15,4,10,487.02
2022-07-16,4,10,573.22
2022-07-17,4,10,451.7
2022-07-18,4,10,390.1
2022-07-19,4,10,331.7
2022-07-20,4,10,401.82
2022-07-21,4,10,422.02
2022-07-22,4,10,392.34
2022-07-23,4,10,501.12
2022-07-24,4,10,407.76
2022-07-25,4,10,435.05
2022-07-26,4,10,294.81
2022-07-27,4,10,416.72
2022-07-28,4,10,303.1
2022-07-29,4,10,418.62
2022-07-30,4,10,540.07
2022-07-31,4,10,573.74
2022-08-01,4,10,432.12
2022-08-02,4,10,443.12
2022-08-03,4,10,290.7
2022-08-04,4,10,380.23
2022-08-05,4,10,499.69
2022-08-06,4,10,508.39
2022-08-07,4,10,437.54
2022-08-08,4,10,380.24
2022-08-09,4,10,362.99
2022-08-10,4,10,317.45
2022-08-11,4,10,436.08
2022-08-12,4,10,419.94
2022-08-13,4,10,401.79
2022-08-14,4,10,495.72
2022-08-15,4,10,354.16
2022-08-16,4,10,294.3
2022-08-17,4,10,305.41
2022-08-18,4,10,314.32
2022-08-19,4,10,384.91
2022-08-20,4,10,470.51
2022-08-21,4,10,432.88
2022-08-22,4,10,366.38
2022-08-23,4,10,433.26
2022-08-24,4,10,410.75
2022-08-25,4,10,448.85
2022-08-26,4,10,377.15
2022-08-27,4,10,630.22
2022-08-28,4,10,535.05
2022-08-29,4,10,362.76
2022-08-30,4,10,397.25
2022-08-31,4,10,318.69
2022-09-01,4,10,362.26
2022-09-02,4,10,404.51
2022-09-03,4,10,539.76
2022-09-04,4,10,464.36
2022-09-05,4,10,537.13
2022-09-06,4,10,371.38
2022-09-07,4,10,285.48
2022-09-08,4,10,451.33
2022-09-09,4,10,416.94
2022-09-10,4,10,514.46
2022-09-11,4,10,462.88
2022-09-12,4,10,405.66
2022-09-13,4,10,476.46
2022-09-14,4,10,395.27
2022-09-15,4,10,299.31
2022-09-16,4,10,185.22
2022-09-17,4,10,528.8
2022-09-18,4,10,426.36
2022-09-19,4,10,379.43
2022-09-20,4,10,338.72
2022-09-21,4,10,334.83
2022-09-22,4,10,341.79
2022-09-23,4,10,347.3
2022-09-24,4,10,561.28
2022-09-25,4,10,546.43
2022-09-26,4,10,317.15
2022-09-27,4,10,325.32
2022-09-28,4,10,410.01
2022-09-29,4,10,449.55
2022-09-30,4,10,449.0
2022-10-01,4,10,443.86
2022-10-02,4,10,600.45
2022-10-03,4,10,295.27
2022-10-04,4,10,390.57
2022-10-05,4,10,432.6
2022-10-06,4,10,277.66
2022-10-07,4,10,530.54
2022-10-08,4,10,629.87
2022-10-09,4,10,576.76
2022-10-10,4,10,346.14
2022-10-11,4,10,400.91
2022-10-12,4,10,453.42
2022-10-13,4,10,337.36
2022-10-14,4,10,395.0
2022-10-15,4,10,600.33
2022-10-16,4,10,410.1
2022-10-17,4,10,427.23
2022-10-18,4,10,300.06
2022-10-19,4,10,349.87
2022-10-20,4,10,377.01
2022-10-21,4,10,439.65
2022-10-22,4,10,475.25
2022-10-23,4,10,541.49
2022-10-24,4,10,366.97
2022-10-25,4,10,376.87
2022-10-26,4,10,486.65
2022-10-27,4,10,339.34
2022-10-28,4,10,457.14
2022-10-29,4,10,533.86
2022-10-30,4,10,488.22
2022-10-31,4,10,336.23
2022-11-01,4,10,371.07
2022-11-02,4,10,398.78
2022-11-03,4,10,438.71
2022-11-04,4,10,489.81
2022-11-05,4,10,558.03
2022-11-06,4,10,564.33
2022-11-07,4,10,444.51
2022-11-08,4,10,482.75
2022-11-09,4,10,494.48
2022-11-10,4,10,357.34
2022-11-11,4,10,432.45
2022-11-12,4,10,695.63
2022-11-13,4,10,471.85
2022-11-14,4,10,457.64
2022-11-15,4,10,441.33
2022-11-16,4,10,414.75
2022-11-17,4,10,561.86
2022-11-18,4,10,456.47
2022-11-19,4,10,724.47
2022-11-20,4,10,591.55
2022-11-21,4,10,486.41
2022-11-22,4,10,415.91
2022-11-23,4,10,416.99
2022-11-24,4,10,484.03
2022-11-25,4,10,485.65
2022-11-26,4,10,646.98
2022-11-27,4,10,627.75
2022-11-28,4,10,365.71
2022-11-29,4,10,402.38
2022-11-30,4,10,516.49
2022-12-01,4,10,359.73
2022-12-02,4,10,532.12
2022-12-03,4,10,652.04
2022-12-04,4,10,748.25
2022-12-05,4,10,542.82
2022-12-06,4,10,460.36
2022-12-07,4,10,457.22
2022-12-08,4,10,471.89
2022-12-09,4,10,557.01
2022-12-10,4,10,436.43
2022-12-11,4,10,682.89
2022-12-12,4,10,445.54
2022-12-13,4,10,528.66
2022-12-14,4,10,540.91
2022-12-15,4,10,386.37
2022-12-16,4,10,497.57
2022-12-17,4,10,685.76
2022-12-18,4,10,679.47
2022-12-19,4,10,506.78
2022-12-20,4,10,422.01
2022-12-21,4,10,434.13
2022-12-22,4,10,410.44
2022-12-23,4,10,560.8
2022-12-24,4,10,661.92
2022-12-25,4,10,668.86
2022-12-26,4,10,386.16
2022-12-27,4,10,516.68
2022-12-28,4,10,569.07
2022-12-29,4,10,376.38
2022-12-30,4,10,478.65
2022-12-31,4,10,517.59
2023-01-01,4,10,698.34
2023-01-02,4,10,496.21
2023-01-03,4,10,606.97
2023-01-04,4,10,589.17
2023-01-05,4,10,686.4
2023-01-06,4,10,570.76
2023-01-07,4,10,786.61
2023-01-08,4,10,686.48
2023-01-09,4,10,481.27
2023-01-10,4,10,649.37
2023-01-11,4,10,685.23
2023-01-12,4,10,639.12
2023-01-13,4,10,589.75
2023-01-14,4,10,642.48
2023-01-15,4,10,881.91
2023-01-16,4,10,630.01
2023-01-17,4,10,756.23
2023-01-18,4,10,479.95
2023-01-19,4,10,656.05
2023-01-20,4,10,629.19
2023-01-21,4,10,717.45
2023-01-22,4,10,911.61
2023-01-23,4,10,617.73
2023-01-24,4,10,501.06
2023-01-25,4,10,573.05
2023-01-26,4,10,500.73
2023-01-27,4,10,543.19
2023-01-28,4,10,840.31
2023-01-29,4,10,873.48
2023-01-30,4,10,604.94
2023-01-31,4,10,520.0
2023-02-01,4,10,661.17
2023-02-02,4,10,693.72
2023-02-03,4,10,441.01
2023-02-04,4,10,828.96
2023-02-05,4,10,792.05
2023-02-06,4,10,717.39
2023-02-07,4,10,664.39
2023-02-08,4,10,674.17
2023-02-09,4,10,583.49
2023-02-10,4,10,629.56
2023-02-11,4,10,934.71
2023-02-12,4,10,811.41
2023-02-13,4,10,647.27
2023-02-14,4,10,485.77
2023-02-15,4,10,625.15
2023-02-16,4,10,441.32
2023-02-17,4,10,583.56
2023-02-18,4,10,830.72
2023-02-19,4,10,918.21
2023-02-20,4,10,538.88
2023-02-21,4,10,669.88
2023-02-22,4,10,774.6
2023-02-23,4,10,574.17
2023-02-24,4,10,488.16
2023-02-25,4,10,862.91
2023-02-26,4,10,679.58
2023-02-27,4,10,558.76
2023-02-28,4,10,725.75
2023-03-01,4,10,836.18
2023-03-02,4,10,554.93
2023-03-03,4,10,581.12
2023-03-04,4,10,793.93
2023-03-05,4,10,780.71
2023-03-06,4,10,844.65
2023-03-07,4,10,603.08
2023-03-08,4,10,617.55
2023-03-09,4,10,815.21
2023-03-10,4,10,713.4
2023-03-11,4,10,980.5
2023-03-12,4,10,738.6
2023-03-13,4,10,605.65
2023-03-14,4,10,555.75
2023-03-15,4,10,738.09
2023-03-16,4,10,780.54
2023-03-17,4,10,600.45
2023-03-18,4,10,811.46
2023-03-19,4,10,817.66
2023-03-20,4,10,507.74
2023-03-21,4,10,594.77
2023-03-22,4,10,738.9
2023-03-23,4,10,575.56
2023-03-24,4,10,672.27
2023-03-25,4,10,693.29
2023-03-26,4,10,844.47
2023-03-27,4,10,608.25
2023-03-28,4,10,543.02
2023-03-29,4,10,744.19
2023-03-30,4,10,750.32
2023-03-31,4,10,569.34
2023-04-01,4,10,819.86
2023-04-02,4,10,853.56
2023-04-03,4,10,475.02
2023-04-04,4,10,516.27
2023-04-05,4,10,779.7
2023-04-06,4,10,549.54
2023-04-07,4,10,778.01
2023-04-08,4,10,679.59
2023-04-09,4,10,936.2
2023-04-10,4,10,625.21
2023-04-11,4,10,639.47
2023-04-12,4,10,839.55
2023-04-13,4,10,533.54
2023-04-14,4,10,716.3
2023-04-15,4,10,926.52
2023-04-16,4,10,1286.84
2023-04-17,4,10,552.5
2023-04-18,4,10,597.5
2023-04-19,4,10,740.62
2023-04-20,4,10,640.48
2023-04-21,4,10,614.86
2023-04-22,4,10,983.03
2023-04-23,4,10,825.76
2023-04-24,4,10,573.53
2023-04-25,4,10,734.72
2023-04-26,4,10,700.32
2023-04-27,4,10,632.31
2023-04-28,4,10,628.01
2023-04-29,4,10,745.12
2023-04-30,4,10,958.23
2023-05-01,4,10,590.04
2023-05-02,4,10,552.07
2023-05-03,4,10,504.13
2023-05-04,4,10,661.75
2023-05-05,4,10,577.7
2023-05-06,4,10,567.96
2023-05-07,4,10,667.18
2023-05-08,4,10,604.71
2023-05-09,4,10,607.76
2023-05-10,4,10,604.59
2023-05-11,4,10,591.88
2023-05-12,4,10,489.25
2023-05-13,4,10,710.17
2023-05-14,4,10,963.19
2023-05-15,4,10,727.47
2023-05-16,4,10,684.65
2023-05-17,4,10,676.74
2023-05-18,4,10,716.49
2023-05-19,4,10,525.16
2023-05-20,4,10,825.28
2023-05-21,4,10,683.68
2023-05-22,4,10,527.9
2023-05-23,4,10,667.92
2023-05-24,4,10,723.34
2023-05-25,4,10,615.38
2023-05-26,4,10,791.11
2023-05-27,4,10,851.25
2023-05-28,4,10,729.39
2023-05-29,4,10,531.9
2023-05-30,4,10,733.03
2023-05-31,4,10,648.59
2023-06-01,4,10,637.56
2023-06-02,4,10,348.3
2023-06-03,4,10,781.17
2023-06-04,4,10,696.13
2023-06-05,4,10,459.05
2023-06-06,4,10,575.31
2023-06-07,4,10,676.33
2023-06-08,4,10,779.22
2023-06-09,4,10,603.06
2023-06-10,4,10,676.47
2023-06-11,4,10,670.05
2023-06-12,4,10,667.3
2023-06-13,4,10,496.2
2023-06-14,4,10,638.34
2023-06-15,4,10,609.95
2023-06-16,4,10,600.65
2023-06-17,4,10,581.59
2023-06-18,4,10,720.22
2023-06-19,4,10,457.62
2023-06-20,4,10,534.4
2023-06-21,4,10,667.19
2023-06-22,4,10,695.26
2023-06-23,4,10,606.11
2023-06-24,4,10,698.58
2023-06-25,4,10,946.54
2023-06-26,4,10,536.9
2023-06-27,4,10,488.49
2023-06-28,4,10,650.73
2023-06-29,4,10,630.03
2023-06-30,4,10,541.92
2023-07-01,4,10,701.06
2023-07-02,4,10,736.96
2023-07-03,4,10,548.23
2023-07-04,4,10,568.96
2023-07-05,4,10,492.26
2023-07-06,4,10,575.08
2023-07-07,4,10,534.75
2023-07-08,4,10,644.7
2023-07-09,4,10,668.64
2023-07-10,4,10,526.53
2023-07-11,4,10,418.79
2023-07-12,4,10,483.97
2023-07-13,4,10,540.62
2023-07-14,4,10,427.18
2023-07-15,4,10,632.12
2023-07-16,4,10,946.82
2023-07-17,4,10,445.86
2023-07-18,4,10,506.21
2023-07-19,4,10,470.26
2023-07-20,4,10,528.39
2023-07-21,4,10,472.38
2023-07-22,4,10,674.51
2023-07-23,4,10,625.0
2023-07-24,4,10,624.53
2023-07-25,4,10,546.14
2023-07-26,4,10,458.66
2023-07-27,4,10,608.35
2023-07-28,4,10,462.86
2023-07-29,4,10,538.21
2023-07-30,4,10,703.31
2023-07-31,4,10,696.54
2023-08-01,4,10,361.37
2023-08-02,4,10,398.72
2023-08-03,4,10,554.76
2023-08-04,4,10,450.75
2023-08-05,4,10,708.42
2023-08-06,4,10,567.71
2023-08-07,4,10,510.4
2023-08-08,4,10,630.92
2023-08-09,4,10,410.72
2023-08-10,4,10,577.59
2023-08-11,4,10,552.1
2023-08-12,4,10,506.14
2023-08-13,4,10,706.81
2023-08-14,4,10,507.45
2023-08-15,4,10,509.14
2023-08-16,4,10,527.96
2023-08-17,4,10,476.48
2023-08-18,4,10,508.52
2023-08-19,4,10,678.31
2023-08-20,4,10,728.32
2023-08-21,4,10,388.68
2023-08-22,4,10,602.17
2023-08-23,4,10,417.33
2023-08-24,4,10,562.83
2023-08-25,4,10,511.46
2023-08-26,4,10,531.13
2023-08-27,4,10,710.01
2023-08-28,4,10,434.57
2023-08-29,4,10,587.93
2023-08-30,4,10,452.95
2023-08-31,4,10,393.56
2023-09-01,4,10,604.21
2023-09-02,4,10,656.33
2023-09-03,4,10,722.51
2023-09-04,4,10,429.26
2023-09-05,4,10,352.68
2023-09-06,4,10,616.53
2023-09-07,4,10,492.55
2023-09-08,4,10,529.69
2023-09-09,4,10,704.93
2023-09-10,4,10,609.82
2023-09-11,4,10,511.02
2023-09-12,4,10,612.8
2023-09-13,4,10,492.45
2023-09-14,4,10,565.14
2023-09-15,4,10,347.48
2023-09-16,4,10,753.15
2023-09-17,4,10,497.67
2023-09-18,4,10,571.55
2023-09-19,4,10,525.8
2023-09-20,4,10,489.85
2023-09-21,4,10,489.87
2023-09-22,4,10,478.74
2023-09-23,4,10,567.61
2023-09-24,4,10,627.67
2023-09-25,4,10,663.64
2023-09-26,4,10,596.28
2023-09-27,4,10,433.92
2023-09-28,4,10,519.5
2023-09-29,4,10,506.94
2023-09-30,4,10,636.19
2023-10-01,4,10,571.13
2023-10-02,4,10,552.04
2023-10-03,4,10,583.46
2023-10-04,4,10,453.26
2023-10-05,4,10,670.44
2023-10-06,4,10,637.11
2023-10-07,4,10,730.19
2023-10-08,4,10,550.39
2023-10-09,4,10,550.93
2023-10-10,4,10,541.95
2023-10-11,4,10,560.32
2023-10-12,4,10,644.79
2023-10-13,4,10,507.16
2023-10-14,4,10,885.72
2023-10-15,4,10,719.34
2023-10-16,4,10,499.12
2023-10-17,4,10,710.1
2023-10-18,4,10,587.52
2023-10-19,4,10,487.14
2023-10-20,4,10,529.72
2023-10-21,4,10,745.3
2023-10-22,4,10,665.46
2023-10-23,4,10,534.59
2023-10-24,4,10,460.1
2023-10-25,4,10,392.06
2023-10-26,4,10,533.39
2023-10-27,4,10,536.36
2023-10-28,4,10,737.36
2023-10-29,4,10,624.65
2023-10-30,4,10,420.45
2023-10-31,4,10,450.34
2023-11-01,4,10,664.38
2023-11-02,4,10,516.51
2023-11-03,4,10,536.16
2023-11-04,4,10,711.96
2023-11-05,4,10,677.98
2023-11-06,4,10,515.46
2023-11-07,4,10,500.4
2023-11-08,4,10,696.97
2023-11-09,4,10,635.1
2023-11-10,4,10,684.58
2023-11-11,4,10,913.16
2023-11-12,4,10,485.99
2023-11-13,4,10,607.44
2023-11-14,4,10,527.2
2023-11-15,4,10,675.26
2023-11-16,4,10,514.35
2023-11-17,4,10,487.49
2023-11-18,4,10,591.2
2023-11-19,4,10,719.45
2023-11-20,4,10,659.7
2023-11-21,4,10,602.73
2023-11-22,4,10,476.0
2023-11-23,4,10,768.76
2023-11-24,4,10,638.11
2023-11-25,4,10,844.54
2023-11-26,4,10,902.67
2023-11-27,4,10,439.18
2023-11-28,4,10,503.15
2023-11-29,4,10,655.17
2023-11-30,4,10,512.56
2023-12-01,4,10,621.98
2023-12-02,4,10,834.02
2023-12-03,4,10,682.57
2023-12-04,4,10,614.71
2023-12-05,4,10,739.47
2023-12-06,4,10,721.84
2023-12-07,4,10,759.72
2023-12-08,4,10,750.09
2023-12-09,4,10,898.92
2023-12-10,4,10,889.37
2023-12-11,4,10,677.35
2023-12-12,4,10,591.53
2023-12-13,4,10,552.39
2023-12-14,4,10,586.08
2023-12-15,4,10,622.1
2023-12-16,4,10,767.11
2023-12-17,4,10,904.15
2023-12-18,4,10,675.07
2023-12-19,4,10,686.03
2023-12-20,4,10,690.57
2023-12-21,4,10,774.1
2023-12-22,4,10,655.91
2023-12-23,4,10,983.5
2023-12-24,4,10,921.01
2023-12-25,4,10,769.38
2023-12-26,4,10,817.72
2023-12-27,4,10,715.64
2023-12-28,4,10,669.31
2023-12-29,4,10,669.06
2023-12-30,4,10,797.26
2023-12-31,4,10,793.4
2022-01-01,5,1,143.14
2022-01-02,5,1,107.97
2022-01-03,5,1,120.72
2022-01-04,5,1,95.06
2022-01-05,5,1,139.18
2022-01-06,5,1,87.34
2022-01-07,5,1,101.23
2022-01-08,5,1,120.27
2022-01-09,5,1,111.97
2022-01-10,5,1,113.48
2022-01-11,5,1,81.71
2022-01-12,5,1,88.11
2022-01-13,5,1,106.78
2022-01-14,5,1,109.23
2022-01-15,5,1,101.16
2022-01-16,5,1,139.14
2022-01-17,5,1,100.44
2022-01-18,5,1,85.06
2022-01-19,5,1,87.05
2022-01-20,5,1,68.69
2022-01-21,5,1,124.41
2022-01-22,5,1,148.34
2022-01-23,5,1,103.94
2022-01-24,5,1,111.11
2022-01-25,5,1,90.76
2022-01-26,5,1,113.05
2022-01-27,5,1,92.1
2022-01-28,5,1,94.18
2022-01-29,5,1,124.01
2022-01-30,5,1,116.95
2022-01-31,5,1,120.86
2022-02-01,5,1,121.02
2022-02-02,5,1,108.51
2022-02-03,5,1,123.28
2022-02-04,5,1,80.85
2022-02-05,5,1,113.53
2022-02-06,5,1,149.23
2022-02-07,5,1,119.1
2022-02-08,5,1,111.87
2022-02-09,5,1,77.12
2022-02-10,5,1,90.44
2022-02-11,5,1,114.41
2022-02-12,5,1,191.12
2022-02-13,5,1,165.88
2022-02-14,5,1,133.54
2022-02-15,5,1,113.61
2022-02-16,5,1,113.6
2022-02-17,5,1,91.51
2022-02-18,5,1,123.88
2022-02-19,5,1,139.52
2022-02-20,5,1,155.87
2022-02-21,5,1,109.22
2022-02-22,5,1,113.38
2022-02-23,5,1,107.49
2022-02-24,5,1,112.7
2022-02-25,5,1,125.5
2022-02-26,5,1,115.03
2022-02-27,5,1,110.31
2022-02-28,5,1,116.43
2022-03-01,5,1,136.26
2022-03-02,5,1,140.63
2022-03-03,5,1,91.64
2022-03-04,5,1,105.57
2022-03-05,5,1,113.77
2022-03-06,5,1,134.26
2022-03-07,5,1,131.66
2022-03-08,5,1,112.57
2022-03-09,5,1,106.56
2022-03-10,5,1,122.24
2022-03-11,5,1,99.62
2022-03-12,5,1,182.34
2022-03-13,5,1,147.47
2022-03-14,5,1,106.59
2022-03-15,5,1,123.52
2022-03-16,5,1,129.64
2022-03-17,5,1,140.97
2022-03-18,5,1,110.26
2022-03-19,5,1,172.27
2022-03-20,5,1,150.53
2022-03-21,5,1,103.69
2022-03-22,5,1,100.95
2022-03-23,5,1,95.55
2022-03-24,5,1,101.74
2022-03-25,5,1,133.76
2022-03-26,5,1,164.9
2022-03-27,5,1,121.45
2022-03-28,5,1,84.8
2022-03-29,5,1,95.82
2022-03-30,5,1,101.7
2022-03-31,5,1,109.98
2022-04-01,5,1,132.59
2022-04-02,5,1,134.66
2022-04-03,5,1,183.86
2022-04-04,5,1,84.57
2022-04-05,5,1,107.25
2022-04-06,5,1,126.62
2022-04-07,5,1,127.78
2022-04-08,5,1,107.76
2022-04-09,5,1,169.84
2022-04-10,5,1,165.79
2022-04-11,5,1,102.14
2022-04-12,5,1,119.27
2022-04-13,5,1,126.02
2022-04-14,5,1,103.65
2022-04-15,5,1,143.22
2022-04-16,5,1,129.97
2022-04-17,5,1,151.94
2022-04-18,5,1,93.04
2022-04-19,5,1,116.39
2022-04-20,5,1,96.36
2022-04-21,5,1,109.75
2022-04-22,5,1,87.57
2022-04-23,5,1,167.48
2022-04-24,5,1,157.67
2022-04-25,5,1,134.03
2022-04-26,5,1,109.32
2022-04-27,5,1,135.07
2022-04-28,5,1,116.23
2022-04-29,5,1,117.61
2022-04-30,5,1,198.19
2022-05-01,5,1,130.95
2022-05-02,5,1,128.74
2022-05-03,5,1,116.65
2022-05-04,5,1,99.57
2022-05-05,5,1,87.5
2022-05-06,5,1,92.2
2022-05-07,5,1,166.05
2022-05-08,5,1,179.06
2022-05-09,5,1,110.9
2022-05-10,5,1,111.86
2022-05-11,5,1,122.36
2022-05-12,5,1,110.9
2022-05-13,5,1,127.9
2022-05-14,5,1,149.1
2022-05-15,5,1,145.89
2022-05-16,5,1,98.54
2022-05-17,5,1,94.56
2022-05-18,5,1,58.02
2022-05-19,5,1,130.8
2022-05-20,5,1,108.04
2022-05-21,5,1,135.1
2022-05-22,5,1,101.75
2022-05-23,5,1,100.12
2022-05-24,5,1,98.02
2022-05-25,5,1,97.73
2022-05-26,5,1,116.59
2022-05-27,5,1,113.19
2022-05-28,5,1,115.09
2022-05-29,5,1,116.57
2022-05-30,5,1,89.71
2022-05-31,5,1,141.83
2022-06-01,5,1,124.21
2022-06-02,5,1,88.59
2022-06-03,5,1,71.52
2022-06-04,5,1,134.81
2022-06-05,5,1,133.32
2022-06-06,5,1,106.77
2022-06-07,5,1,113.36
2022-06-08,5,1,109.02
2022-06-09,5,1,85.08
2022-06-10,5,1,106.79
2022-06-11,5,1,150.12
2022-06-12,5,1,118.73
2022-06-13,5,1,107.16
2022-06-14,5,1,94.12
2022-06-15,5,1,133.47
2022-06-16,5,1,82.35
2022-06-17,5,1,120.74
2022-06-18,5,1,100.33
2022-06-19,5,1,170.03
2022-06-20,5,1,85.5
2022-06-21,5,1,106.18
2022-06-22,5,1,78.08
2022-06-23,5,1,82.48
2022-06-24,5,1,117.45
2022-06-25,5,1,155.45
2022-06-26,5,1,139.63
2022-06-27,5,1,115.31
2022-06-28,5,1,120.14
2022-06-29,5,1,93.28
2022-06-30,5,1,82.21
2022-07-01,5,1,93.52
2022-07-02,5,1,111.38
2022-07-03,5,1,129.15
2022-07-04,5,1,101.68
2022-07-05,5,1,84.42
2022-07-06,5,1,104.05
2022-07-07,5,1,103.43
2022-07-08,5,1,104.5
2022-07-09,5,1,115.15
2022-07-10,5,1,137.12
2022-07-11,5,1,101.88
2022-07-12,5,1,103.67
2022-07-13,5,1,118.49
2022-07-14,5,1,99.41
2022-07-15,5,1,86.19
2022-07-16,5,1,102.83
2022-07-17,5,1,144.37
2022-07-18,5,1,100.16
2022-07-19,5,1,118.98
2022-07-20,5,1,66.23
2022-07-21,5,1,108.32
2022-07-22,5,1,91.65
2022-07-23,5,1,117.52
2022-07-24,5,1,109.95
2022-07-25,5,1,108.52
2022-07-26,5,1,104.51
2022-07-27,5,1,79.37
2022-07-28,5,1,98.23
2022-07-29,5,1,106.1
2022-07-30,5,1,128.16
2022-07-31,5,1,145.69
2022-08-01,5,1,84.51
2022-08-02,5,1,58.52
2022-08-03,5,1,90.98
2022-08-04,5,1,90.97
2022-08-05,5,1,92.78
2022-08-06,5,1,134.48
2022-08-07,5,1,81.62
2022-08-08,5,1,85.68
2022-08-09,5,1,76.63
2022-08-10,5,1,72.88
2022-08-11,5,1,88.12
2022-08-12,5,1,98.54
2022-08-13,5,1,121.23
2022-08-14,5,1,104.12
2022-08-15,5,1,87.42
2022-08-16,5,1,101.92
2022-08-17,5,1,98.69
2022-08-18,5,1,82.16
2022-08-19,5,1,81.36
2022-08-20,5,1,86.62
2022-08-21,5,1,109.23
2022-08-22,5,1,66.48
2022-08-23,5,1,117.85
2022-08-24,5,1,78.48
2022-08-25,5,1,105.09
2022-08-26,5,1,114.77
2022-08-27,5,1,121.13
2022-08-28,5,1,115.66
2022-08-29,5,1,72.46
2022-08-30,5,1,83.62
2022-08-31,5,1,112.32
2022-09-01,5,1,92.3
2022-09-02,5,1,88.12
2022-09-03,5,1,136.63
2022-09-04,5,1,126.19
2022-09-05,5,1,86.01
2022-09-06,5,1,90.88
2022-09-07,5,1,77.95
2022-09-08,5,1,80.75
2022-09-09,5,1,85.51
2022-09-10,5,1,124.4
2022-09-11,5,1,93.4
2022-09-12,5,1,89.46
2022-09-13,5,1,83.35
2022-09-14,5,1,76.62
2022-09-15,5,1,83.55
2022-09-16,5,1,57.84
2022-09-17,5,1,102.33
2022-09-18,5,1,96.48
2022-09-19,5,1,85.21
2022-09-20,5,1,58.58
2022-09-21,5,1,91.64
2022-09-22,5,1,101.32
2022-09-23,5,1,87.66
2022-09-24,5,1,124.77
2022-09-25,5,1,107.24
2022-09-26,5,1,68.58
2022-09-27,5,1,89.53
2022-09-28,5,1,98.72
2022-09-29,5,1,71.84
2022-09-30,5,1,83.46
2022-10-01,5,1,116.17
2022-10-02,5,1,172.37
2022-10-03,5,1,96.06
2022-10-04,5,1,66.43
2022-10-05,5,1,63.03
2022-10-06,5,1,103.37
2022-10-07,5,1,127.99
2022-10-08,5,1,116.19
2022-10-09,5,1,115.19
2022-10-10,5,1,99.49
2022-10-11,5,1,82.33
2022-10-12,5,1,57.88
2022-10-13,5,1,108.25
2022-10-14,5,1,85.13
2022-10-15,5,1,141.18
2022-10-16,5,1,108.13
2022-10-17,5,1,95.68
2022-10-18,5,1,106.1
2022-10-19,5,1,109.22
2022-10-20,5,1,97.48
2022-10-21,5,1,96.85
2022-10-22,5,1,134.03
2022-10-23,5,1,131.27
2022-10-24,5,1,76.18
2022-10-25,5,1,76.51
2022-10-26,5,1,64.69
2022-10-27,5,1,105.58
2022-10-28,5,1,89.14
2022-10-29,5,1,138.46
2022-10-30,5,1,130.86
2022-10-31,5,1,80.7
2022-11-01,5,1,101.61
2022-11-02,5,1,96.49
2022-11-03,5,1,94.16
2022-11-04,5,1,117.95
2022-11-05,5,1,185.75
2022-11-06,5,1,157.64
2022-11-07,5,1,103.53
2022-11-08,5,1,123.69
2022-11-09,5,1,130.86
2022-11-10,5,1,82.43
2022-11-11,5,1,123.43
2022-11-12,5,1,151.32
2022-11-13,5,1,159.95
2022-11-14,5,1,117.26
2022-11-15,5,1,101.01
2022-11-16,5,1,136.58
2022-11-17,5,1,110.08
2022-11-18,5,1,98.0
2022-11-19,5,1,146.73
2022-11-20,5,1,156.39
2022-11-21,5,1,106.56
2022-11-22,5,1,111.34
2022-11-23,5,1,106.62
2022-11-24,5,1,94.88
2022-11-25,5,1,92.39
2022-11-26,5,1,108.25
2022-11-27,5,1,168.44
2022-11-28,5,1,102.08
2022-11-29,5,1,51.36
2022-11-30,5,1,112.07
2022-12-01,5,1,124.25
2022-12-02,5,1,84.75
2022-12-03,5,1,134.01
2022-12-04,5,1,133.11
2022-12-05,5,1,104.84
2022-12-06,5,1,139.54
2022-12-07,5,1,115.51
2022-12-08,5,1,110.66
2022-12-09,5,1,138.25
2022-12-10,5,1,165.37
2022-12-11,5,1,113.82
2022-12-12,5,1,107.62
2022-12-13,5,1,124.41
2022-12-14,5,1,102.13
2022-12-15,5,1,155.04
2022-12-16,5,1,120.96
2022-12-17,5,1,137.25
2022-12-18,5,1,128.77
2022-12-19,5,1,135.79
2022-12-20,5,1,107.7
2022-12-21,5,1,126.19
2022-12-22,5,1,98.83
2022-12-23,5,1,120.82
2022-12-24,5,1,140.71
2022-12-25,5,1,148.29
2022-12-26,5,1,105.51
2022-12-27,5,1,138.36
2022-12-28,5,1,111.16
2022-12-29,5,1,117.5
2022-12-30,5,1,118.46
2022-12-31,5,1,194.15
2023-01-01,5,1,195.09
2023-01-02,5,1,148.2
2023-01-03,5,1,101.2
2023-01-04,5,1,119.62
2023-01-05,5,1,156.45
2023-01-06,5,1,109.53
2023-01-07,5,1,175.04
2023-01-08,5,1,145.35
2023-01-09,5,1,113.89
2023-01-10,5,1,166.86
2023-01-11,5,1,147.75
2023-01-12,5,1,153.14
2023-01-13,5,1,149.25
2023-01-14,5,1,170.11
2023-01-15,5,1,155.83
2023-01-16,5,1,125.77
2023-01-17,5,1,130.09
2023-01-18,5,1,169.75
2023-01-19,5,1,107.25
2023-01-20,5,1,123.08
2023-01-21,5,1,150.71
2023-01-22,5,1,202.45
2023-01-23,5,1,171.93
2023-01-24,5,1,140.85
2023-01-25,5,1,142.62
2023-01-26,5,1,136.66
2023-01-27,5,1,143.76
2023-01-28,5,1,195.86
2023-01-29,5,1,186.85
2023-01-30,5,1,145.32
2023-01-31,5,1,151.03
2023-02-01,5,1,105.89
2023-02-02,5,1,144.55
2023-02-03,5,1,151.23
2023-02-04,5,1,199.87
2023-02-05,5,1,183.44
2023-02-06,5,1,148.42
2023-02-07,5,1,129.36
2023-02-08,5,1,106.49
2023-02-09,5,1,166.65
2023-02-10,5,1,120.61
2023-02-11,5,1,184.52
2023-02-12,5,1,167.94
2023-02-13,5,1,180.32
2023-02-14,5,1,144.01
2023-02-15,5,1,139.06
2023-02-16,5,1,162.33
2023-02-17,5,1,193.31
2023-02-18,5,1,201.58
2023-02-19,5,1,179.38
2023-02-20,5,1,161.66
2023-02-21,5,1,111.92
2023-02-22,5,1,147.6
2023-02-23,5,1,190.55
2023-02-24,5,1,150.26
2023-02-25,5,1,194.04
2023-02-26,5,1,191.68
2023-02-27,5,1,138.37
2023-02-28,5,1,154.14
2023-03-01,5,1,168.19
2023-03-02,5,1,143.27
2023-03-03,5,1,94.51
2023-03-04,5,1,209.99
2023-03-05,5,1,259.26
2023-03-06,5,1,142.66
2023-03-07,5,1,117.91
2023-03-08,5,1,166.79
2023-03-09,5,1,191.14
2023-03-10,5,1,163.66
2023-03-11,5,1,248.27
2023-03-12,5,1,220.88
2023-03-13,5,1,168.04
2023-03-14,5,1,140.23
2023-03-15,5,1,158.66
2023-03-16,5,1,151.58
2023-03-17,5,1,150.9
2023-03-18,5,1,190.66
2023-03-19,5,1,205.05
2023-03-20,5,1,122.99
2023-03-21,5,1,171.38
2023-03-22,5,1,132.76
2023-03-23,5,1,147.25
2023-03-24,5,1,160.69
2023-03-25,5,1,171.46
2023-03-26,5,1,140.52
2023-03-27,5,1,144.6
2023-03-28,5,1,120.57
2023-03-29,5,1,170.04
2023-03-30,5,1,127.13
2023-03-31,5,1,188.11
2023-04-01,5,1,195.49
2023-04-02,5,1,197.53
2023-04-03,5,1,105.94
2023-04-04,5,1,154.1
2023-04-05,5,1,149.11
2023-04-06,5,1,121.6
2023-04-07,5,1,153.11
2023-04-08,5,1,184.87
2023-04-09,5,1,190.34
2023-04-10,5,1,152.03
2023-04-11,5,1,140.83
2023-04-12,5,1,157.25
2023-04-13,5,1,149.78
2023-04-14,5,1,162.62
2023-04-15,5,1,181.88
2023-04-16,5,1,166.1
2023-04-17,5,1,135.98
2023-04-18,5,1,185.22
2023-04-19,5,1,174.22
2023-04-20,5,1,180.22
2023-04-21,5,1,181.93
2023-04-22,5,1,184.6
2023-04-23,5,1,207.43
2023-04-24,5,1,154.63
2023-04-25,5,1,168.13
2023-04-26,5,1,146.45
2023-04-27,5,1,155.33
2023-04-28,5,1,154.96
2023-04-29,5,1,215.35
2023-04-30,5,1,219.19
2023-05-01,5,1,146.05
2023-05-02,5,1,146.8
2023-05-03,5,1,149.11
2023-05-04,5,1,179.96
2023-05-05,5,1,106.94
2023-05-06,5,1,160.54
2023-05-07,5,1,206.99
2023-05-08,5,1,150.56
2023-05-09,5,1,150.51
2023-05-10,5,1,159.41
2023-05-11,5,1,149.65
2023-05-12,5,1,132.92
2023-05-13,5,1,206.55
2023-05-14,5,1,189.46
2023-05-15,5,1,135.62
2023-05-16,5,1,160.55
2023-05-17,5,1,159.79
2023-05-18,5,1,150.37
2023-05-19,5,1,183.32
2023-05-20,5,1,227.37
2023-05-21,5,1,218.27
2023-05-22,5,1,202.29
2023-05-23,5,1,142.95
2023-05-24,5,1,136.06
2023-05-25,5,1,165.24
2023-05-26,5,1,140.9
2023-05-27,5,1,190.85
2023-05-28,5,1,162.45
2023-05-29,5,1,160.1
2023-05-30,5,1,114.44
2023-05-31,5,1,144.81
2023-06-01,5,1,133.36
2023-06-02,5,1,125.01
2023-06-03,5,1,128.13
2023-06-04,5,1,128.02
2023-06-05,5,1,119.02
2023-06-06,5,1,144.95
2023-06-07,5,1,140.01
2023-06-08,5,1,133.95
2023-06-09,5,1,116.54
2023-06-10,5,1,183.74
2023-06-11,5,1,127.71
2023-06-12,5,1,86.24
2023-06-13,5,1,129.81
2023-06-14,5,1,123.77
2023-06-15,5,1,155.4
2023-06-16,5,1,138.19
2023-06-17,5,1,219.08
2023-06-18,5,1,161.27
2023-06-19,5,1,145.13
2023-06-20,5,1,130.22
2023-06-21,5,1,163.5
2023-06-22,5,1,131.37
2023-06-23,5,1,152.99
2023-06-24,5,1,147.89
2023-06-25,5,1,165.52
2023-06-26,5,1,134.16
2023-06-27,5,1,161.72
2023-06-28,5,1,91.21
2023-06-29,5,1,129.34
2023-06-30,5,1,128.73
2023-07-01,5,1,109.8
2023-07-02,5,1,148.48
2023-07-03,5,1,94.45
2023-07-04,5,1,79.95
2023-07-05,5,1,118.16
2023-07-06,5,1,117.61
2023-07-07,5,1,118.63
2023-07-08,5,1,166.28
2023-07-09,5,1,139.16
2023-07-10,5,1,156.54
2023-07-11,5,1,122.86
2023-07-12,5,1,147.39
2023-07-13,5,1,92.48
2023-07-14,5,1,108.23
2023-07-15,5,1,177.5
2023-07-16,5,1,155.56
2023-07-17,5,1,104.0
2023-07-18,5,1,89.82
2023-07-19,5,1,137.76
2023-07-20,5,1,136.33
2023-07-21,5,1,128.8
2023-07-22,5,1,149.63
2023-07-23,5,1,134.75
2023-07-24,5,1,123.52
2023-07-25,5,1,100.0
2023-07-26,5,1,110.61
2023-07-27,5,1,148.34
2023-07-28,5,1,90.17
2023-07-29,5,1,178.87
2023-07-30,5,1,198.89
2023-07-31,5,1,140.37
2023-08-01,5,1,121.83
2023-08-02,5,1,107.04
2023-08-03,5,1,103.96
2023-08-04,5,1,76.34
2023-08-05,5,1,150.66
2023-08-06,5,1,140.88
2023-08-07,5,1,103.32
2023-08-08,5,1,115.12
2023-08-09,5,1,116.63
2023-08-10,5,1,104.6
2023-08-11,5,1,143.68
2023-08-12,5,1,166.98
2023-08-13,5,1,170.83
2023-08-14,5,1,114.11
2023-08-15,5,1,124.88
2023-08-16,5,1,100.46
2023-08-17,5,1,127.73
2023-08-18,5,1,112.64
2023-08-19,5,1,127.98
2023-08-20,5,1,150.73
2023-08-21,5,1,111.32
2023-08-22,5,1,157.09
2023-08-23,5,1,124.18
2023-08-24,5,1,144.28
2023-08-25,5,1,136.52
2023-08-26,5,1,152.68
2023-08-27,5,1,141.8
2023-08-28,5,1,86.41
2023-08-29,5,1,101.72
2023-08-30,5,1,128.71
2023-08-31,5,1,111.84
2023-09-01,5,1,119.82
2023-09-02,5,1,102.61
2023-09-03,5,1,157.68
2023-09-04,5,1,132.32
2023-09-05,5,1,83.42
2023-09-06,5,1,120.12
2023-09-07,5,1,136.79
2023-09-08,5,1,142.62
2023-09-09,5,1,136.99
2023-09-10,5,1,165.62
2023-09-11,5,1,138.6
2023-09-12,5,1,121.07
2023-09-13,5,1,136.3
2023-09-14,5,1,113.72
2023-09-15,5,1,121.18
2023-09-16,5,1,134.95
2023-09-17,5,1,145.24
2023-09-18,5,1,122.08
2023-09-19,5,1,102.71
2023-09-20,5,1,110.91
2023-09-21,5,1,127.94
2023-09-22,5,1,150.28
2023-09-23,5,1,103.52
2023-09-24,5,1,193.9
2023-09-25,5,1,110.63
2023-09-26,5,1,131.86
2023-09-27,5,1,135.33
2023-09-28,5,1,142.39
2023-09-29,5,1,102.8
2023-09-30,5,1,145.04
2023-10-01,5,1,153.98
2023-10-02,5,1,113.08
2023-10-03,5,1,143.2
2023-10-04,5,1,118.25
2023-10-05,5,1,90.64
2023-10-06,5,1,108.4
2023-10-07,5,1,118.91
2023-10-08,5,1,150.55
2023-10-09,5,1,132.1
2023-10-10,5,1,108.28
2023-10-11,5,1,112.87
2023-10-12,5,1,115.26
2023-10-13,5,1,122.82
2023-10-14,5,1,168.57
2023-10-15,5,1,175.51
2023-10-16,5,1,161.27
2023-10-17,5,1,122.81
2023-10-18,5,1,133.96
2023-10-19,5,1,91.97
2023-10-20,5,1,113.92
2023-10-21,5,1,150.75
2023-10-22,5,1,133.23
2023-10-23,5,1,111.28
2023-10-24,5,1,119.13
2023-10-25,5,1,111.99
2023-10-26,5,1,168.54
2023-10-27,5,1,130.62
2023-10-28,5,1,205.15
2023-10-29,5,1,193.23
2023-10-30,5,1,109.87
2023-10-31,5,1,122.28
2023-11-01,5,1,123.8
2023-11-02,5,1,129.3
2023-11-03,5,1,113.18
2023-11-04,5,1,161.06
2023-11-05,5,1,181.89
2023-11-06,5,1,139.47
2023-11-07,5,1,137.97
2023-11-08,5,1,131.81
2023-11-09,5,1,150.26
2023-11-10,5,1,128.02
2023-11-11,5,1,209.36
2023-11-12,5,1,125.28
2023-11-13,5,1,146.53
2023-11-14,5,1,143.25
2023-11-15,5,1,120.04
2023-11-16,5,1,126.51
2023-11-17,5,1,143.03
2023-11-18,5,1,197.82
2023-11-19,5,1,128.36
2023-11-20,5,1,146.57
2023-11-21,5,1,124.83
2023-11-22,5,1,156.74
2023-11-23,5,1,97.17
2023-11-24,5,1,183.51
2023-11-25,5,1,151.43
2023-11-26,5,1,212.23
2023-11-27,5,1,133.11
2023-11-28,5,1,118.06
2023-11-29,5,1,140.02
2023-11-30,5,1,155.54
2023-12-01,5,1,114.91
2023-12-02,5,1,215.36
2023-12-03,5,1,194.61
2023-12-04,5,1,163.05
2023-12-05,5,1,150.4
2023-12-06,5,1,137.35
2023-12-07,5,1,125.23
2023-12-08,5,1,165.6
2023-12-09,5,1,215.24
2023-12-10,5,1,215.22
2023-12-11,5,1,160.35
2023-12-12,5,1,172.14
2023-12-13,5,1,182.68
2023-12-14,5,1,108.46
2023-12-15,5,1,97.98
2023-12-16,5,1,247.09
2023-12-17,5,1,157.03
2023-12-18,5,1,126.65
2023-12-19,5,1,144.86
2023-12-20,5,1,113.9
2023-12-21,5,1,142.89
2023-12-22,5,1,130.09
2023-12-23,5,1,190.36
2023-12-24,5,1,205.66
2023-12-25,5,1,144.09
2023-12-26,5,1,143.02
2023-12-27,5,1,157.98
2023-12-28,5,1,176.02
2023-12-29,5,1,188.88
2023-12-30,5,1,191.57
2023-12-31,5,1,252.43
2022-01-01,5,2,163.46
2022-01-02,5,2,241.68
2022-01-03,5,2,142.19
2022-01-04,5,2,121.02
2022-01-05,5,2,149.39
2022-01-06,5,2,189.36
2022-01-07,5,2,172.89
2022-01-08,5,2,183.59
2022-01-09,5,2,194.15
2022-01-10,5,2,176.41
2022-01-11,5,2,185.8
2022-01-12,5,2,118.03
2022-01-13,5,2,157.51
2022-01-14,5,2,145.91
2022-01-15,5,2,185.88
2022-01-16,5,2,241.15
2022-01-17,5,2,123.15
2022-01-18,5,2,173.4
2022-01-19,5,2,101.86
2022-01-20,5,2,138.16
2022-01-21,5,2,155.96
2022-01-22,5,2,162.21
2022-01-23,5,2,268.94
2022-01-24,5,2,138.89
2022-01-25,5,2,137.15
2022-01-26,5,2,139.71
2022-01-27,5,2,169.76
2022-01-28,5,2,177.51
2022-01-29,5,2,189.95
2022-01-30,5,2,213.18
2022-01-31,5,2,165.97
2022-02-01,5,2,131.12
2022-02-02,5,2,164.46
2022-02-03,5,2,151.76
2022-02-04,5,2,128.6
2022-02-05,5,2,225.3
2022-02-06,5,2,251.8
2022-02-07,5,2,169.37
2022-02-08,5,2,103.45
2022-02-09,5,2,157.03
2022-02-10,5,2,146.13
2022-02-11,5,2,214.0
2022-02-12,5,2,208.61
2022-02-13,5,2,166.75
2022-02-14,5,2,168.23
2022-02-15,5,2,185.72
2022-02-16,5,2,172.24
2022-02-17,5,2,149.43
2022-02-18,5,2,158.35
2022-02-19,5,2,246.68
2022-02-20,5,2,224.84
2022-02-21,5,2,222.34
2022-02-22,5,2,173.21
2022-02-23,5,2,131.7
2022-02-24,5,2,165.9
2022-02-25,5,2,156.72
2022-02-26,5,2,170.88
2022-02-27,5,2,227.33
2022-02-28,5,2,160.9
2022-03-01,5,2,179.7
2022-03-02,5,2,224.22
2022-03-03,5,2,172.67
2022-03-04,5,2,203.34
2022-03-05,5,2,222.76
2022-03-06,5,2,243.87
2022-03-07,5,2,179.93
2022-03-08,5,2,184.02
2022-03-09,5,2,173.59
2022-03-10,5,2,215.81
2022-03-11,5,2,194.23
2022-03-12,5,2,234.86
2022-03-13,5,2,262.56
2022-03-14,5,2,181.35
2022-03-15,5,2,207.91
2022-03-16,5,2,146.7
2022-03-17,5,2,235.46
2022-03-18,5,2,183.19
2022-03-19,5,2,192.59
2022-03-20,5,2,258.72
2022-03-21,5,2,213.83
2022-03-22,5,2,151.69
2022-03-23,5,2,166.71
2022-03-24,5,2,206.91
2022-03-25,5,2,194.96
2022-03-26,5,2,218.44
2022-03-27,5,2,225.34
2022-03-28,5,2,146.43
2022-03-29,5,2,153.67
2022-03-30,5,2,135.26
2022-03-31,5,2,171.29
2022-04-01,5,2,194.84
2022-04-02,5,2,220.93
2022-04-03,5,2,268.92
2022-04-04,5,2,160.17
2022-04-05,5,2,137.81
2022-04-06,5,2,208.45
2022-04-07,5,2,187.63
2022-04-08,5,2,210.77
2022-04-09,5,2,219.91
2022-04-10,5,2,287.13
2022-04-11,5,2,149.66
2022-04-12,5,2,170.95
2022-04-13,5,2,189.74
2022-04-14,5,2,166.38
2022-04-15,5,2,185.25
2022-04-16,5,2,276.71
2022-04-17,5,2,246.48
2022-04-18,5,2,174.82
2022-04-19,5,2,212.85
2022-04-20,5,2,193.78
2022-04-21,5,2,179.89
2022-04-22,5,2,178.11
2022-04-23,5,2,221.63
2022-04-24,5,2,264.46
2022-04-25,5,2,204.63
2022-04-26,5,2,215.26
2022-04-27,5,2,192.77
2022-04-28,5,2,166.45
2022-04-29,5,2,190.41
2022-04-30,5,2,216.13
2022-05-01,5,2,226.89
2022-05-02,5,2,206.61
2022-05-03,5,2,200.94
2022-05-04,5,2,194.05
2022-05-05,5,2,170.42
2022-05-06,5,2,194.15
2022-05-07,5,2,201.29
2022-05-08,5,2,174.02
2022-05-09,5,2,178.61
2022-05-10,5,2,162.09
2022-05-11,5,2,217.92
2022-05-12,5,2,214.19
2022-05-13,5,2,154.42
2022-05-14,5,2,247.43
2022-05-15,5,2,157.85
2022-05-16,5,2,181.46
2022-05-17,5,2,180.96
2022-05-18,5,2,147.21
2022-05-19,5,2,177.42
2022-05-20,5,2,149.15
2022-05-21,5,2,254.27
2022-05-22,5,2,231.97
2022-05-23,5,2,212.64
2022-05-24,5,2,133.96
2022-05-25,5,2,151.38
2022-05-26,5,2,161.52
2022-05-27,5,2,187.17
2022-05-28,5,2,236.07
2022-05-29,5,2,241.53
2022-05-30,5,2,157.78
2022-05-31,5,2,125.02
2022-06-01,5,2,141.04
2022-06-02,5,2,192.98
2022-06-03,5,2,144.63
2022-06-04,5,2,213.0
2022-06-05,5,2,209.56
2022-06-06,5,2,164.28
2022-06-07,5,2,127.97
2022-06-08,5,2,179.81
2022-06-09,5,2,157.91
2022-06-10,5,2,216.03
2022-06-11,5,2,197.07
2022-06-12,5,2,239.54
2022-06-13,5,2,151.49
2022-06-14,5,2,207.33
2022-06-15,5,2,178.78
2022-06-16,5,2,130.17
2022-06-17,5,2,195.47
2022-06-18,5,2,234.42
2022-06-19,5,2,195.45
2022-06-20,5,2,122.66
2022-06-21,5,2,191.06
2022-06-22,5,2,204.1
2022-06-23,5,2,189.46
2022-06-24,5,2,183.55
2022-06-25,5,2,228.93
2022-06-26,5,2,245.03
2022-06-27,5,2,156.39
2022-06-28,5,2,118.58
2022-06-29,5,2,181.63
2022-06-30,5,2,172.81
2022-07-01,5,2,116.05
2022-07-02,5,2,128.35
2022-07-03,5,2,193.76
2022-07-04,5,2,143.94
2022-07-05,5,2,142.19
2022-07-06,5,2,160.46
2022-07-07,5,2,131.24
2022-07-08,5,2,163.12
2022-07-09,5,2,212.44
2022-07-10,5,2,115.71
2022-07-11,5,2,146.72
2022-07-12,5,2,152.83
2022-07-13,5,2,165.16
2022-07-14,5,2,160.86
2022-07-15,5,2,109.68
2022-07-16,5,2,196.31
2022-07-17,5,2,186.16
2022-07-18,5,2,173.16
2022-07-19,5,2,122.41
2022-07-20,5,2,149.31
2022-07-21,5,2,169.03
2022-07-22,5,2,166.68
2022-07-23,5,2,190.16
2022-07-24,5,2,229.3
2022-07-25,5,2,133.54
2022-07-26,5,2,166.6
2022-07-27,5,2,170.48
2022-07-28,5,2,119.51
2022-07-29,5,2,179.9
2022-07-30,5,2,147.38
2022-07-31,5,2,206.94
2022-08-01,5,2,128.85
2022-08-02,5,2,159.77
2022-08-03,5,2,145.69
2022-08-04,5,2,176.26
2022-08-05,5,2,162.76
2022-08-06,5,2,184.49
2022-08-07,5,2,213.79
2022-08-08,5,2,137.23
2022-08-09,5,2,116.71
2022-08-10,5,2,130.04
2022-08-11,5,2,137.33
2022-08-12,5,2,74.66
2022-08-13,5,2,219.72
2022-08-14,5,2,179.45
2022-08-15,5,2,160.46
2022-08-16,5,2,143.68
2022-08-17,5,2,107.96
2022-08-18,5,2,142.21
2022-08-19,5,2,138.12
2022-08-20,5,2,164.17
2022-08-21,5,2,172.42
2022-08-22,5,2,141.55
2022-08-23,5,2,89.16
2022-08-24,5,2,148.85
2022-08-25,5,2,154.14
2022-08-26,5,2,152.08
2022-08-27,5,2,176.26
2022-08-28,5,2,238.45
2022-08-29,5,2,152.66
2022-08-30,5,2,133.01
2022-08-31,5,2,115.63
2022-09-01,5,2,109.37
2022-09-02,5,2,145.9
2022-09-03,5,2,198.47
2022-09-04,5,2,182.56
2022-09-05,5,2,136.8
2022-09-06,5,2,131.06
2022-09-07,5,2,148.41
2022-09-08,5,2,122.21
2022-09-09,5,2,138.01
2022-09-10,5,2,182.58
2022-09-11,5,2,195.82
2022-09-12,5,2,121.72
2022-09-13,5,2,117.94
2022-09-14,5,2,140.01
2022-09-15,5,2,143.4
2022-09-16,5,2,139.08
2022-09-17,5,2,107.37
2022-09-18,5,2,190.27
2022-09-19,5,2,193.27
2022-09-20,5,2,158.86
2022-09-21,5,2,98.74
2022-09-22,5,2,131.35
2022-09-23,5,2,135.86
2022-09-24,5,2,173.33
2022-09-25,5,2,148.37
2022-09-26,5,2,121.5
2022-09-27,5,2,160.07
2022-09-28,5,2,156.27
2022-09-29,5,2,138.27
2022-09-30,5,2,160.75
2022-10-01,5,2,170.59
2022-10-02,5,2,179.65
2022-10-03,5,2,137.82
2022-10-04,5,2,111.95
2022-10-05,5,2,140.42
2022-10-06,5,2,182.04
2022-10-07,5,2,179.79
2022-10-08,5,2,193.62
2022-10-09,5,2,184.18
2022-10-10,5,2,185.49
2022-10-11,5,2,141.28
2022-10-12,5,2,135.41
2022-10-13,5,2,168.03
2022-10-14,5,2,109.31
2022-10-15,5,2,188.13
2022-10-16,5,2,189.58
2022-10-17,5,2,158.79
2022-10-18,5,2,134.41
2022-10-19,5,2,143.86
2022-10-20,5,2,149.81
2022-10-21,5,2,142.21
2022-10-22,5,2,187.01
2022-10-23,5,2,216.55
2022-10-24,5,2,161.11
2022-10-25,5,2,159.83
2022-10-26,5,2,111.83
2022-10-27,5,2,158.12
2022-10-28,5,2,129.91
2022-10-29,5,2,251.17
2022-10-30,5,2,193.28
2022-10-31,5,2,144.61
2022-11-01,5,2,199.3
2022-11-02,5,2,191.89
2022-11-03,5,2,156.78
2022-11-04,5,2,133.97
2022-11-05,5,2,155.66
2022-11-06,5,2,178.54
2022-11-07,5,2,170.91
2022-11-08,5,2,159.57
2022-11-09,5,2,140.36
2022-11-10,5,2,153.82
2022-11-11,5,2,205.68
2022-11-12,5,2,248.52
2022-11-13,5,2,268.94
2022-11-14,5,2,146.97
2022-11-15,5,2,183.91
2022-11-16,5,2,181.5
2022-11-17,5,2,200.49
2022-11-18,5,2,164.72
2022-11-19,5,2,188.8
2022-11-20,5,2,185.12
2022-11-21,5,2,164.47
2022-11-22,5,2,166.84
2022-11-23,5,2,171.8
2022-11-24,5,2,130.59
2022-11-25,5,2,197.38
2022-11-26,5,2,171.41
2022-11-27,5,2,256.88
2022-11-28,5,2,157.65
2022-11-29,5,2,211.7
2022-11-30,5,2,122.47
2022-12-01,5,2,217.03
2022-12-02,5,2,156.09
2022-12-03,5,2,200.49
2022-12-04,5,2,300.1
2022-12-05,5,2,205.95
2022-12-06,5,2,144.14
2022-12-07,5,2,190.94
2022-12-08,5,2,224.55
2022-12-09,5,2,201.15
2022-12-10,5,2,242.59
2022-12-11,5,2,283.36
2022-12-12,5,2,196.31
2022-12-13,5,2,139.81
2022-12-14,5,2,188.98
2022-12-15,5,2,199.98
2022-12-16,5,2,192.8
2022-12-17,5,2,227.99
2022-12-18,5,2,259.59
2022-12-19,5,2,192.14
2022-12-20,5,2,131.22
2022-12-21,5,2,150.01
2022-12-22,5,2,196.12
2022-12-23,5,2,208.52
2022-12-24,5,2,215.51
2022-12-25,5,2,271.16
2022-12-26,5,2,202.06
2022-12-27,5,2,182.76
2022-12-28,5,2,200.28
2022-12-29,5,2,199.8
2022-12-30,5,2,213.29
2022-12-31,5,2,279.24
2023-01-01,5,2,227.77
2023-01-02,5,2,184.97
2023-01-03,5,2,254.03
2023-01-04,5,2,235.68
2023-01-05,5,2,228.22
2023-01-06,5,2,233.26
2023-01-07,5,2,317.44
2023-01-08,5,2,276.79
2023-01-09,5,2,197.0
2023-01-10,5,2,226.63
2023-01-11,5,2,208.36
2023-01-12,5,2,257.98
2023-01-13,5,2,257.7
2023-01-14,5,2,308.96
2023-01-15,5,2,220.5
2023-01-16,5,2,175.46
2023-01-17,5,2,168.65
2023-01-18,5,2,216.13
2023-01-19,5,2,239.53
2023-01-20,5,2,200.83
2023-01-21,5,2,247.36
2023-01-22,5,2,278.38
2023-01-23,5,2,186.2
2023-01-24,5,2,219.58
2023-01-25,5,2,203.61
2023-01-26,5,2,190.63
2023-01-27,5,2,215.28
2023-01-28,5,2,311.95
2023-01-29,5,2,212.72
2023-01-30,5,2,217.42
2023-01-31,5,2,145.41
2023-02-01,5,2,217.86
2023-02-02,5,2,250.31
2023-02-03,5,2,261.62
2023-02-04,5,2,271.87
2023-02-05,5,2,271.6
2023-02-06,5,2,219.49
2023-02-07,5,2,189.87
2023-02-08,5,2,233.2
2023-02-09,5,2,193.55
2023-02-10,5,2,247.0
2023-02-11,5,2,264.69
2023-02-12,5,2,282.56
2023-02-13,5,2,245.57
2023-02-14,5,2,250.42
2023-02-15,5,2,249.03
2023-02-16,5,2,238.0
2023-02-17,5,2,191.77
2023-02-18,5,2,296.65
2023-02-19,5,2,290.47
2023-02-20,5,2,215.11
2023-02-21,5,2,232.31
2023-02-22,5,2,200.2
2023-02-23,5,2,228.89
2023-02-24,5,2,219.89
2023-02-25,5,2,278.98
2023-02-26,5,2,249.55
2023-02-27,5,2,191.18
2023-02-28,5,2,277.38
2023-03-01,5,2,240.4
2023-03-02,5,2,300.79
2023-03-03,5,2,302.76
2023-03-04,5,2,364.67
2023-03-05,5,2,248.86
2023-03-06,5,2,287.36
2023-03-07,5,2,232.83
2023-03-08,5,2,227.6
2023-03-09,5,2,222.67
2023-03-10,5,2,225.32
2023-03-11,5,2,327.93
2023-03-12,5,2,416.41
2023-03-13,5,2,179.72
2023-03-14,5,2,308.01
2023-03-15,5,2,292.68
2023-03-16,5,2,232.46
2023-03-17,5,2,221.15
2023-03-18,5,2,248.08
2023-03-19,5,2,268.74
2023-03-20,5,2,217.68
2023-03-21,5,2,235.94
2023-03-22,5,2,238.76
2023-03-23,5,2,267.38
2023-03-24,5,2,263.62
2023-03-25,5,2,323.6
2023-03-26,5,2,310.58
2023-03-27,5,2,281.91
2023-03-28,5,2,271.14
2023-03-29,5,2,257.07
2023-03-30,5,2,226.47
2023-03-31,5,2,281.33
2023-04-01,5,2,345.35
2023-04-02,5,2,295.79
2023-04-03,5,2,168.41
2023-04-04,5,2,239.95
2023-04-05,5,2,212.15
2023-04-06,5,2,262.39
2023-04-07,5,2,244.74
2023-04-08,5,2,231.01
2023-04-09,5,2,322.25
2023-04-10,5,2,298.66
2023-04-11,5,2,232.26
2023-04-12,5,2,237.57
2023-04-13,5,2,225.79
2023-04-14,5,2,240.77
2023-04-15,5,2,381.45
2023-04-16,5,2,359.17
2023-04-17,5,2,218.07
2023-04-18,5,2,236.24
2023-04-19,5,2,238.73
2023-04-20,5,2,253.94
2023-04-21,5,2,254.77
2023-04-22,5,2,306.87
2023-04-23,5,2,253.38
2023-04-24,5,2,235.69
2023-04-25,5,2,226.93
2023-04-26,5,2,207.82
2023-04-27,5,2,268.72
2023-04-28,5,2,241.16
2023-04-29,5,2,264.36
2023-04-30,5,2,406.0
2023-05-01,5,2,240.03
2023-05-02,5,2,252.93
2023-05-03,5,2,261.79
2023-05-04,5,2,211.57
2023-05-05,5,2,245.0
2023-05-06,5,2,209.38
2023-05-07,5,2,337.45
2023-05-08,5,2,224.67
2023-05-09,5,2,245.08
2023-05-10,5,2,224.9
2023-05-11,5,2,289.45
2023-05-12,5,2,269.39
2023-05-13,5,2,180.12
2023-05-14,5,2,320.83
2023-05-15,5,2,218.4
2023-05-16,5,2,248.48
2023-05-17,5,2,248.17
2023-05-18,5,2,203.04
2023-05-19,5,2,224.69
2023-05-20,5,2,251.97
2023-05-21,5,2,364.0
2023-05-22,5,2,240.36
2023-05-23,5,2,244.14
2023-05-24,5,2,239.88
2023-05-25,5,2,193.08
2023-05-26,5,2,251.53
2023-05-27,5,2,378.86
2023-05-28,5,2,229.24
2023-05-29,5,2,232.95
2023-05-30,5,2,256.58
2023-05-31,5,2,204.61
2023-06-01,5,2,232.7
2023-06-02,5,2,211.22
2023-06-03,5,2,243.76
2023-06-04,5,2,170.3
2023-06-05,5,2,207.09
2023-06-06,5,2,208.05
2023-06-07,5,2,252.0
2023-06-08,5,2,221.34
2023-06-09,5,2,194.02
2023-06-10,5,2,209.56
2023-06-11,5,2,310.36
2023-06-12,5,2,214.91
2023-06-13,5,2,198.84
2023-06-14,5,2,194.3
2023-06-15,5,2,251.07
2023-06-16,5,2,255.93
2023-06-17,5,2,249.55
2023-06-18,5,2,180.61
2023-06-19,5,2,205.37
2023-06-20,5,2,219.5
2023-06-21,5,2,214.74
2023-06-22,5,2,162.37
2023-06-23,5,2,261.63
2023-06-24,5,2,199.49
2023-06-25,5,2,245.78
2023-06-26,5,2,180.46
2023-06-27,5,2,178.88
2023-06-28,5,2,143.54
2023-06-29,5,2,215.48
2023-06-30,5,2,259.02
2023-07-01,5,2,243.99
2023-07-02,5,2,212.49
2023-07-03,5,2,233.43
2023-07-04,5,2,217.08
2023-07-05,5,2,168.49
2023-07-06,5,2,202.39
2023-07-07,5,2,224.45
2023-07-08,5,2,217.23
2023-07-09,5,2,256.05
2023-07-10,5,2,182.28
2023-07-11,5,2,159.04
2023-07-12,5,2,198.64
2023-07-13,5,2,206.51
2023-07-14,5,2,195.34
2023-07-15,5,2,221.53
2023-07-16,5,2,332.19
2023-07-17,5,2,180.15
2023-07-18,5,2,210.85
2023-07-19,5,2,218.25
2023-07-20,5,2,122.02
2023-07-21,5,2,219.18
2023-07-22,5,2,253.91
2023-07-23,5,2,243.71
2023-07-24,5,2,191.7
2023-07-25,5,2,212.51
2023-07-26,5,2,128.6
2023-07-27,5,2,196.61
2023-07-28,5,2,208.46
2023-07-29,5,2,337.26
2023-07-30,5,2,203.24
2023-07-31,5,2,209.22
2023-08-01,5,2,167.24
2023-08-02,5,2,193.56
2023-08-03,5,2,204.03
2023-08-04,5,2,160.75
2023-08-05,5,2,303.95
2023-08-06,5,2,281.79
2023-08-07,5,2,202.42
2023-08-08,5,2,171.44
2023-08-09,5,2,166.17
2023-08-10,5,2,193.32
2023-08-11,5,2,170.74
2023-08-12,5,2,217.52
2023-08-13,5,2,304.07
2023-08-14,5,2,196.75
2023-08-15,5,2,204.4
2023-08-16,5,2,233.29
2023-08-17,5,2,184.43
2023-08-18,5,2,164.98
2023-08-19,5,2,199.04
2023-08-20,5,2,285.45
2023-08-21,5,2,172.4
2023-08-22,5,2,101.75
2023-08-23,5,2,109.84
2023-08-24,5,2,142.47
2023-08-25,5,2,172.76
2023-08-26,5,2,230.05
2023-08-27,5,2,257.09
2023-08-28,5,2,152.14
2023-08-29,5,2,189.54
2023-08-30,5,2,208.0
2023-08-31,5,2,179.79
2023-09-01,5,2,165.51
2023-09-02,5,2,201.35
2023-09-03,5,2,271.38
2023-09-04,5,2,141.62
2023-09-05,5,2,220.55
2023-09-06,5,2,177.86
2023-09-07,5,2,150.76
2023-09-08,5,2,201.22
2023-09-09,5,2,250.16
2023-09-10,5,2,247.09
2023-09-11,5,2,197.93
2023-09-12,5,2,183.48
2023-09-13,5,2,191.58
2023-09-14,5,2,215.96
2023-09-15,5,2,184.92
2023-09-16,5,2,262.15
2023-09-17,5,2,156.52
2023-09-18,5,2,188.54
2023-09-19,5,2,247.99
2023-09-20,5,2,131.77
2023-09-21,5,2,234.18
2023-09-22,5,2,199.73
2023-09-23,5,2,174.77
2023-09-24,5,2,236.02
2023-09-25,5,2,191.46
2023-09-26,5,2,205.38
2023-09-27,5,2,168.99
2023-09-28,5,2,199.79
2023-09-29,5,2,218.63
2023-09-30,5,2,266.77
2023-10-01,5,2,287.08
2023-10-02,5,2,174.89
2023-10-03,5,2,206.81
2023-10-04,5,2,252.38
2023-10-05,5,2,157.35
2023-10-06,5,2,199.77
2023-10-07,5,2,203.51
2023-10-08,5,2,290.56
2023-10-09,5,2,132.41
2023-10-10,5,2,172.29
2023-10-11,5,2,253.66
2023-10-12,5,2,174.57
2023-10-13,5,2,186.95
2023-10-14,5,2,291.32
2023-10-15,5,2,240.47
2023-10-16,5,2,131.4
2023-10-17,5,2,158.77
2023-10-18,5,2,226.67
2023-10-19,5,2,231.16
2023-10-20,5,2,132.43
2023-10-21,5,2,211.37
2023-10-22,5,2,221.75
2023-10-23,5,2,178.98
2023-10-24,5,2,163.47
2023-10-25,5,2,193.07
2023-10-26,5,2,173.82
2023-10-27,5,2,178.05
2023-10-28,5,2,205.45
2023-10-29,5,2,276.77
2023-10-30,5,2,150.96
2023-10-31,5,2,201.66
2023-11-01,5,2,239.01
2023-11-02,5,2,269.95
2023-11-03,5,2,223.61
2023-11-04,5,2,279.74
2023-11-05,5,2,202.08
2023-11-06,5,2,254.4
2023-11-07,5,2,212.96
2023-11-08,5,2,218.3
2023-11-09,5,2,221.12
2023-11-10,5,2,212.45
2023-11-11,5,2,272.01
2023-11-12,5,2,256.98
2023-11-13,5,2,232.06
2023-11-14,5,2,162.25
2023-11-15,5,2,161.67
2023-11-16,5,2,182.98
2023-11-17,5,2,249.02
2023-11-18,5,2,291.04
2023-11-19,5,2,247.0
2023-11-20,5,2,184.88
2023-11-21,5,2,207.73
2023-11-22,5,2,222.99
2023-11-23,5,2,253.45
2023-11-24,5,2,275.46
2023-11-25,5,2,268.78
2023-11-26,5,2,364.66
2023-11-27,5,2,213.5
2023-11-28,5,2,220.68
2023-11-29,5,2,242.24
2023-11-30,5,2,246.99
2023-12-01,5,2,290.51
2023-12-02,5,2,246.7
2023-12-03,5,2,311.44
2023-12-04,5,2,279.71
2023-12-05,5,2,197.8
2023-12-06,5,2,169.49
2023-12-07,5,2,183.24
2023-12-08,5,2,231.64
2023-12-09,5,2,399.98
2023-12-10,5,2,237.6
2023-12-11,5,2,195.03
2023-12-12,5,2,218.65
2023-12-13,5,2,201.38
2023-12-14,5,2,195.07
2023-12-15,5,2,164.47
2023-12-16,5,2,283.75
2023-12-17,5,2,399.01
2023-12-18,5,2,257.08
2023-12-19,5,2,279.37
2023-12-20,5,2,216.05
2023-12-21,5,2,207.7
2023-12-22,5,2,256.49
2023-12-23,5,2,313.32
2023-12-24,5,2,307.03
2023-12-25,5,2,298.25
2023-12-26,5,2,209.64
2023-12-27,5,2,204.81
2023-12-28,5,2,269.21
2023-12-29,5,2,264.54
2023-12-30,5,2,262.03
2023-12-31,5,2,314.55
2022-01-01,5,3,535.0
2022-01-02,5,3,549.86
2022-01-03,5,3,421.45
2022-01-04,5,3,375.58
2022-01-05,5,3,356.42
2022-01-06,5,3,357.03
2022-01-07,5,3,442.84
2022-01-08,5,3,608.18
2022-01-09,5,3,612.66
2022-01-10,5,3,397.01
2022-01-11,5,3,490.42
2022-01-12,5,3,441.19
2022-01-13,5,3,426.64
2022-01-14,5,3,210.91
2022-01-15,5,3,482.47
2022-01-16,5,3,424.85
2022-01-17,5,3,463.7
2022-01-18,5,3,430.3
2022-01-19,5,3,356.38
2022-01-20,5,3,444.49
2022-01-21,5,3,334.65
2022-01-22,5,3,467.0
2022-01-23,5,3,495.19
2022-01-24,5,3,461.33
2022-01-25,5,3,516.84
2022-01-26,5,3,390.0
2022-01-27,5,3,512.91
2022-01-28,5,3,431.47
2022-01-29,5,3,577.24
2022-01-30,5,3,552.69
2022-01-31,5,3,416.95
2022-02-01,5,3,488.94
2022-02-02,5,3,510.14
2022-02-03,5,3,398.62
2022-02-04,5,3,446.98
2022-02-05,5,3,748.53
2022-02-06,5,3,615.14
2022-02-07,5,3,481.22
2022-02-08,5,3,542.69
2022-02-09,5,3,427.51
2022-02-10,5,3,460.36
2022-02-11,5,3,519.91
2022-02-12,5,3,714.69
2022-02-13,5,3,389.24
2022-02-14,5,3,413.17
2022-02-15,5,3,395.31
2022-02-16,5,3,456.74
2022-02-17,5,3,401.36
2022-02-18,5,3,512.72
2022-02-19,5,3,622.43
2022-02-20,5,3,688.32
2022-02-21,5,3,534.45
2022-02-22,5,3,515.73
2022-02-23,5,3,444.9
2022-02-24,5,3,476.28
2022-02-25,5,3,436.94
2022-02-26,5,3,485.75
2022-02-27,5,3,698.83
2022-02-28,5,3,464.79
2022-03-01,5,3,373.31
2022-03-02,5,3,521.24
2022-03-03,5,3,466.62
2022-03-04,5,3,333.97
2022-03-05,5,3,499.29
2022-03-06,5,3,563.32
2022-03-07,5,3,499.96
2022-03-08,5,3,542.46
2022-03-09,5,3,540.47
2022-03-10,5,3,529.98
2022-03-11,5,3,483.97
2022-03-12,5,3,796.55
2022-03-13,5,3,700.12
2022-03-14,5,3,504.1
2022-03-15,5,3,529.8
2022-03-16,5,3,459.5
2022-03-17,5,3,485.01
2022-03-18,5,3,336.75
2022-03-19,5,3,600.19
2022-03-20,5,3,806.1
2022-03-21,5,3,501.96
2022-03-22,5,3,499.36
2022-03-23,5,3,565.63
2022-03-24,5,3,518.83
2022-03-25,5,3,434.71
2022-03-26,5,3,643.57
2022-03-27,5,3,532.59
2022-03-28,5,3,507.83
2022-03-29,5,3,432.51
2022-03-30,5,3,564.07
2022-03-31,5,3,457.65
2022-04-01,5,3,424.97
2022-04-02,5,3,620.35
2022-04-03,5,3,666.22
2022-04-04,5,3,398.23
2022-04-05,5,3,448.68
2022-04-06,5,3,494.87
2022-04-07,5,3,585.53
2022-04-08,5,3,302.95
2022-04-09,5,3,693.68
2022-04-10,5,3,599.08
2022-04-11,5,3,453.1
2022-04-12,5,3,439.81
2022-04-13,5,3,463.54
2022-04-14,5,3,536.44
2022-04-15,5,3,451.64
2022-04-16,5,3,798.13
2022-04-17,5,3,699.57
2022-04-18,5,3,507.15
2022-04-19,5,3,480.69
2022-04-20,5,3,581.48
2022-04-21,5,3,592.83
2022-04-22,5,3,408.19
2022-04-23,5,3,575.46
2022-04-24,5,3,705.03
2022-04-25,5,3,565.28
2022-04-26,5,3,473.74
2022-04-27,5,3,441.23
2022-04-28,5,3,502.83
2022-04-29,5,3,607.6
2022-04-30,5,3,651.21
2022-05-01,5,3,492.23
2022-05-02,5,3,475.32
2022-05-03,5,3,523.0
2022-05-04,5,3,461.34
2022-05-05,5,3,557.37
2022-05-06,5,3,530.25
2022-05-07,5,3,604.98
2022-05-08,5,3,615.13
2022-05-09,5,3,340.56
2022-05-10,5,3,556.47
2022-05-11,5,3,448.09
2022-05-12,5,3,443.5
2022-05-13,5,3,433.27
2022-05-14,5,3,656.52
2022-05-15,5,3,510.86
2022-05-16,5,3,403.58
2022-05-17,5,3,470.16
2022-05-18,5,3,429.73
2022-05-19,5,3,498.6
2022-05-20,5,3,433.1
2022-05-21,5,3,766.14
2022-05-22,5,3,683.13
2022-05-23,5,3,525.05
2022-05-24,5,3,433.54
2022-05-25,5,3,649.44
2022-05-26,5,3,446.19
2022-05-27,5,3,426.87
2022-05-28,5,3,687.96
2022-05-29,5,3,640.8
2022-05-30,5,3,420.47
2022-05-31,5,3,637.74
2022-06-01,5,3,500.37
2022-06-02,5,3,437.14
2022-06-03,5,3,594.74
2022-06-04,5,3,638.12
2022-06-05,5,3,568.4
2022-06-06,5,3,588.42
2022-06-07,5,3,482.14
2022-06-08,5,3,479.68
2022-06-09,5,3,414.06
2022-06-10,5,3,443.17
2022-06-11,5,3,537.12
2022-06-12,5,3,696.59
2022-06-13,5,3,334.57
2022-06-14,5,3,531.87
2022-06-15,5,3,383.66
2022-06-16,5,3,438.34
2022-06-17,5,3,422.97
2022-06-18,5,3,530.9
2022-06-19,5,3,635.95
2022-06-20,5,3,443.36
2022-06-21,5,3,399.61
2022-06-22,5,3,454.73
2022-06-23,5,3,398.39
2022-06-24,5,3,409.31
2022-06-25,5,3,449.18
2022-06-26,5,3,540.61
2022-06-27,5,3,479.45
2022-06-28,5,3,449.22
2022-06-29,5,3,568.85
2022-06-30,5,3,622.88
2022-07-01,5,3,375.02
2022-07-02,5,3,458.9
2022-07-03,5,3,613.86
2022-07-04,5,3,424.43
2022-07-05,5,3,473.36
2022-07-06,5,3,429.01
2022-07-07,5,3,393.32
2022-07-08,5,3,394.0
2022-07-09,5,3,561.81
2022-07-10,5,3,511.29
2022-07-11,5,3,480.86
2022-07-12,5,3,327.36
2022-07-13,5,3,481.34
2022-07-14,5,3,293.01
2022-07-15,5,3,416.74
2022-07-16,5,3,504.32
2022-07-17,5,3,410.31
2022-07-18,5,3,282.54
2022-07-19,5,3,341.86
2022-07-20,5,3,412.38
2022-07-21,5,3,372.89
2022-07-22,5,3,346.2
2022-07-23,5,3,642.05
2022-07-24,5,3,435.48
2022-07-25,5,3,453.17
2022-07-26,5,3,356.73
2022-07-27,5,3,342.58
2022-07-28,5,3,374.96
2022-07-29,5,3,451.01
2022-07-30,5,3,426.43
2022-07-31,5,3,560.49
2022-08-01,5,3,325.25
2022-08-02,5,3,335.79
2022-08-03,5,3,403.52
2022-08-04,5,3,505.16
2022-08-05,5,3,329.17
2022-08-06,5,3,549.63
2022-08-07,5,3,473.18
2022-08-08,5,3,355.0
2022-08-09,5,3,444.0
2022-08-10,5,3,334.4
2022-08-11,5,3,316.83
2022-08-12,5,3,409.94
2022-08-13,5,3,618.27
2022-08-14,5,3,555.5
2022-08-15,5,3,303.28
2022-08-16,5,3,349.21
2022-08-17,5,3,441.61
2022-08-18,5,3,476.74
2022-08-19,5,3,398.9
2022-08-20,5,3,458.18
2022-08-21,5,3,626.17
2022-08-22,5,3,382.28
2022-08-23,5,3,351.76
2022-08-24,5,3,342.22
2022-08-25,5,3,318.08
2022-08-26,5,3,552.71
2022-08-27,5,3,612.18
2022-08-28,5,3,455.31
2022-08-29,5,3,489.8
2022-08-30,5,3,420.24
2022-08-31,5,3,417.12
2022-09-01,5,3,336.5
2022-09-02,5,3,348.31
2022-09-03,5,3,487.91
2022-09-04,5,3,346.54
2022-09-05,5,3,350.7
2022-09-06,5,3,378.88
2022-09-07,5,3,453.36
2022-09-08,5,3,344.16
2022-09-09,5,3,425.77
2022-09-10,5,3,341.17
2022-09-11,5,3,580.7
2022-09-12,5,3,329.07
2022-09-13,5,3,388.19
2022-09-14,5,3,404.28
2022-09-15,5,3,393.38
2022-09-16,5,3,375.55
2022-09-17,5,3,404.08
2022-09-18,5,3,430.64
2022-09-19,5,3,439.75
2022-09-20,5,3,348.57
2022-09-21,5,3,377.24
2022-09-22,5,3,297.65
2022-09-23,5,3,433.21
2022-09-24,5,3,400.49
2022-09-25,5,3,568.37
2022-09-26,5,3,323.37
2022-09-27,5,3,443.59
2022-09-28,5,3,385.89
2022-09-29,5,3,353.29
2022-09-30,5,3,478.55
2022-10-01,5,3,513.53
2022-10-02,5,3,491.12
2022-10-03,5,3,454.29
2022-10-04,5,3,311.24
2022-10-05,5,3,248.62
2022-10-06,5,3,470.32
2022-10-07,5,3,350.72
2022-10-08,5,3,589.41
2022-10-09,5,3,525.77
2022-10-10,5,3,331.79
2022-10-11,5,3,438.93
2022-10-12,5,3,377.83
2022-10-13,5,3,337.8
2022-10-14,5,3,339.64
2022-10-15,5,3,388.24
2022-10-16,5,3,556.74
2022-10-17,5,3,347.46
2022-10-18,5,3,402.37
2022-10-19,5,3,393.76
2022-10-20,5,3,347.89
2022-10-21,5,3,312.81
2022-10-22,5,3,727.91
2022-10-23,5,3,524.02
2022-10-24,5,3,517.5
2022-10-25,5,3,477.73
2022-10-26,5,3,387.38
2022-10-27,5,3,418.36
2022-10-28,5,3,416.9
2022-10-29,5,3,677.0
2022-10-30,5,3,596.77
2022-10-31,5,3,359.08
2022-11-01,5,3,468.54
2022-11-02,5,3,499.15
2022-11-03,5,3,367.17
2022-11-04,5,3,479.16
2022-11-05,5,3,697.49
2022-11-06,5,3,506.1
2022-11-07,5,3,398.87
2022-11-08,5,3,525.35
2022-11-09,5,3,424.0
2022-11-10,5,3,382.13
2022-11-11,5,3,507.83
2022-11-12,5,3,633.96
2022-11-13,5,3,592.18
2022-11-14,5,3,525.33
2022-11-15,5,3,530.52
2022-11-16,5,3,444.6
2022-11-17,5,3,583.95
2022-11-18,5,3,557.96
2022-11-19,5,3,411.98
2022-11-20,5,3,496.31
2022-11-21,5,3,299.02
2022-11-22,5,3,430.21
2022-11-23,5,3,370.35
2022-11-24,5,3,397.6
2022-11-25,5,3,527.41
2022-11-26,5,3,434.46
2022-11-27,5,3,601.61
2022-11-28,5,3,462.71
2022-11-29,5,3,449.01
2022-11-30,5,3,463.89
2022-12-01,5,3,336.5
2022-12-02,5,3,444.8
2022-12-03,5,3,811.1
2022-12-04,5,3,540.81
2022-12-05,5,3,634.26
2022-12-06,5,3,400.64
2022-12-07,5,3,391.77
2022-12-08,5,3,435.95
2022-12-09,5,3,595.13
2022-12-10,5,3,607.87
2022-12-11,5,3,696.93
2022-12-12,5,3,515.7
2022-12-13,5,3,506.28
2022-12-14,5,3,608.46
2022-12-15,5,3,570.37
2022-12-16,5,3,423.88
2022-12-17,5,3,638.04
2022-12-18,5,3,840.23
2022-12-19,5,3,537.3
2022-12-20,5,3,397.05
2022-12-21,5,3,402.8
2022-12-22,5,3,582.47
2022-12-23,5,3,568.42
2022-12-24,5,3,576.55
2022-12-25,5,3,744.58
2022-12-26,5,3,639.02
2022-12-27,5,3,628.54
2022-12-28,5,3,640.34
2022-12-29,5,3,559.55
2022-12-30,5,3,503.12
2022-12-31,5,3,631.86
2023-01-01,5,3,738.31
2023-01-02,5,3,494.96
2023-01-03,5,3,539.52
2023-01-04,5,3,679.82
2023-01-05,5,3,433.25
2023-01-06,5,3,439.43
2023-01-07,5,3,836.12
2023-01-08,5,3,704.96
2023-01-09,5,3,407.32
2023-01-10,5,3,567.9
2023-01-11,5,3,556.03
2023-01-12,5,3,536.89
2023-01-13,5,3,633.51
2023-01-14,5,3,597.85
2023-01-15,5,3,749.29
2023-01-16,5,3,557.46
2023-01-17,5,3,579.36
2023-01-18,5,3,426.72
2023-01-19,5,3,531.7
2023-01-20,5,3,579.06
2023-01-21,5,3,812.06
2023-01-22,5,3,959.81
2023-01-23,5,3,648.54
2023-01-24,5,3,619.07
2023-01-25,5,3,689.94
2023-01-26,5,3,553.42
2023-01-27,5,3,715.52
2023-01-28,5,3,881.63
2023-01-29,5,3,704.9
2023-01-30,5,3,749.34
2023-01-31,5,3,620.95
2023-02-01,5,3,825.42
2023-02-02,5,3,649.82
2023-02-03,5,3,569.57
2023-02-04,5,3,716.01
2023-02-05,5,3,766.54
2023-02-06,5,3,569.92
2023-02-07,5,3,742.74
2023-02-08,5,3,621.51
2023-02-09,5,3,473.43
2023-02-10,5,3,645.08
2023-02-11,5,3,828.53
2023-02-12,5,3,756.6
2023-02-13,5,3,651.59
2023-02-14,5,3,622.74
2023-02-15,5,3,686.97
2023-02-16,5,3,681.92
2023-02-17,5,3,662.61
2023-02-18,5,3,658.04
2023-02-19,5,3,1077.8
2023-02-20,5,3,482.62
2023-02-21,5,3,617.84
2023-02-22,5,3,526.95
2023-02-23,5,3,668.4
2023-02-24,5,3,644.45
2023-02-25,5,3,800.53
2023-02-26,5,3,1009.02
2023-02-27,5,3,737.87
2023-02-28,5,3,602.05
2023-03-01,5,3,726.2
2023-03-02,5,3,800.69
2023-03-03,5,3,756.15
2023-03-04,5,3,826.97
2023-03-05,5,3,643.29
2023-03-06,5,3,681.98
2023-03-07,5,3,716.03
2023-03-08,5,3,576.04
2023-03-09,5,3,653.88
2023-03-10,5,3,644.02
2023-03-11,5,3,1024.95
2023-03-12,5,3,1085.02
2023-03-13,5,3,768.69
2023-03-14,5,3,645.56
2023-03-15,5,3,767.07
2023-03-16,5,3,718.59
2023-03-17,5,3,647.95
2023-03-18,5,3,1120.07
2023-03-19,5,3,758.65
2023-03-20,5,3,716.17
2023-03-21,5,3,739.89
2023-03-22,5,3,629.23
2023-03-23,5,3,713.24
2023-03-24,5,3,751.89
2023-03-25,5,3,888.08
2023-03-26,5,3,917.99
2023-03-27,5,3,670.3
2023-03-28,5,3,739.31
2023-03-29,5,3,638.08
2023-03-30,5,3,630.31
2023-03-31,5,3,663.73
2023-04-01,5,3,990.98
2023-04-02,5,3,621.41
2023-04-03,5,3,559.82
2023-04-04,5,3,870.13
2023-04-05,5,3,675.93
2023-04-06,5,3,609.92
2023-04-07,5,3,727.53
2023-04-08,5,3,746.04
2023-04-09,5,3,579.29
2023-04-10,5,3,686.03
2023-04-11,5,3,580.36
2023-04-12,5,3,662.17
2023-04-13,5,3,684.95
2023-04-14,5,3,667.06
2023-04-15,5,3,631.85
2023-04-16,5,3,853.59
2023-04-17,5,3,698.12
2023-04-18,5,3,517.38
2023-04-19,5,3,506.02
2023-04-20,5,3,550.65
2023-04-21,5,3,729.77
2023-04-22,5,3,597.81
2023-04-23,5,3,960.62
2023-04-24,5,3,696.26
2023-04-25,5,3,632.62
2023-04-26,5,3,512.23
2023-04-27,5,3,580.2
2023-04-28,5,3,736.7
2023-04-29,5,3,1019.45
2023-04-30,5,3,725.55
2023-05-01,5,3,725.58
2023-05-02,5,3,683.67
2023-05-03,5,3,619.68
2023-05-04,5,3,552.03
2023-05-05,5,3,566.98
2023-05-06,5,3,1028.98
2023-05-07,5,3,830.22
2023-05-08,5,3,746.55
2023-05-09,5,3,645.38
2023-05-10,5,3,580.91
2023-05-11,5,3,678.29
2023-05-12,5,3,826.06
2023-05-13,5,3,733.39
2023-05-14,5,3,923.73
2023-05-15,5,3,643.19
2023-05-16,5,3,489.68
2023-05-17,5,3,487.91
2023-05-18,5,3,584.09
2023-05-19,5,3,659.67
2023-05-20,5,3,923.09
2023-05-21,5,3,623.85
2023-05-22,5,3,689.75
2023-05-23,5,3,617.49
2023-05-24,5,3,629.39
2023-05-25,5,3,685.07
2023-05-26,5,3,794.89
2023-05-27,5,3,856.74
2023-05-28,5,3,653.09
2023-05-29,5,3,613.45
2023-05-30,5,3,712.3
2023-05-31,5,3,715.89
2023-06-01,5,3,632.34
2023-06-02,5,3,531.28
2023-06-03,5,3,594.83
2023-06-04,5,3,815.09
2023-06-05,5,3,471.45
2023-06-06,5,3,636.77
2023-06-07,5,3,637.22
2023-06-08,5,3,537.05
2023-06-09,5,3,568.2
2023-06-10,5,3,774.24
2023-06-11,5,3,682.94
2023-06-12,5,3,459.07
2023-06-13,5,3,576.06
2023-06-14,5,3,585.5
2023-06-15,5,3,698.68
2023-06-16,5,3,512.5
2023-06-17,5,3,876.33
2023-06-18,5,3,625.74
2023-06-19,5,3,464.41
2023-06-20,5,3,555.85
2023-06-21,5,3,500.29
2023-06-22,5,3,464.09
2023-06-23,5,3,753.37
2023-06-24,5,3,707.33
2023-06-25,5,3,1022.45
2023-06-26,5,3,497.2
2023-06-27,5,3,434.91
2023-06-28,5,3,698.5
2023-06-29,5,3,521.71
2023-06-30,5,3,598.12
2023-07-01,5,3,546.48
2023-07-02,5,3,682.48
2023-07-03,5,3,419.64
2023-07-04,5,3,522.83
2023-07-05,5,3,491.42
2023-07-06,5,3,547.66
2023-07-07,5,3,579.43
2023-07-08,5,3,713.99
2023-07-09,5,3,736.17
2023-07-10,5,3,522.06
2023-07-11,5,3,496.4
2023-07-12,5,3,568.89
2023-07-13,5,3,522.87
2023-07-14,5,3,526.25
2023-07-15,5,3,733.47
2023-07-16,5,3,585.28
2023-07-17,5,3,647.45
2023-07-18,5,3,513.51
2023-07-19,5,3,543.75
2023-07-20,5,3,530.58
2023-07-21,5,3,586.82
2023-07-22,5,3,730.66
2023-07-23,5,3,690.52
2023-07-24,5,3,651.89
2023-07-25,5,3,278.38
2023-07-26,5,3,636.15
2023-07-27,5,3,610.6
2023-07-28,5,3,389.04
2023-07-29,5,3,795.74
2023-07-30,5,3,809.79
2023-07-31,5,3,583.23
2023-08-01,5,3,378.83
2023-08-02,5,3,545.44
2023-08-03,5,3,569.89
2023-08-04,5,3,452.89
2023-08-05,5,3,687.08
2023-08-06,5,3,610.68
2023-08-07,5,3,562.27
2023-08-08,5,3,473.3
2023-08-09,5,3,453.73
2023-08-10,5,3,494.36
2023-08-11,5,3,397.46
2023-08-12,5,3,633.83
2023-08-13,5,3,682.88
2023-08-14,5,3,563.6
2023-08-15,5,3,517.48
2023-08-16,5,3,391.9
2023-08-17,5,3,600.8
2023-08-18,5,3,607.46
2023-08-19,5,3,661.12
2023-08-20,5,3,577.17
2023-08-21,5,3,460.81
2023-08-22,5,3,485.75
2023-08-23,5,3,522.32
2023-08-24,5,3,478.76
2023-08-25,5,3,437.36
2023-08-26,5,3,753.2
2023-08-27,5,3,678.62
2023-08-28,5,3,423.54
2023-08-29,5,3,525.24
2023-08-30,5,3,515.79
2023-08-31,5,3,449.6
2023-09-01,5,3,575.3
2023-09-02,5,3,647.43
2023-09-03,5,3,614.36
2023-09-04,5,3,482.64
2023-09-05,5,3,521.62
2023-09-06,5,3,484.06
2023-09-07,5,3,483.75
2023-09-08,5,3,568.31
2023-09-09,5,3,501.75
2023-09-10,5,3,518.02
2023-09-11,5,3,548.09
2023-09-12,5,3,669.18
2023-09-13,5,3,556.1
2023-09-14,5,3,629.31
2023-09-15,5,3,460.03
2023-09-16,5,3,578.94
2023-09-17,5,3,684.37
2023-09-18,5,3,563.53
2023-09-19,5,3,396.26
2023-09-20,5,3,477.82
2023-09-21,5,3,491.91
2023-09-22,5,3,443.89
2023-09-23,5,3,588.66
2023-09-24,5,3,724.62
2023-09-25,5,3,530.01
2023-09-26,5,3,554.77
2023-09-27,5,3,520.78
2023-09-28,5,3,431.06
2023-09-29,5,3,527.84
2023-09-30,5,3,553.43
2023-10-01,5,3,636.45
2023-10-02,5,3,434.03
2023-10-03,5,3,467.1
2023-10-04,5,3,521.52
2023-10-05,5,3,479.52
2023-10-06,5,3,446.91
2023-10-07,5,3,784.48
2023-10-08,5,3,658.49
2023-10-09,5,3,475.23
2023-10-10,5,3,432.57
2023-10-11,5,3,371.63
2023-10-12,5,3,499.82
2023-10-13,5,3,410.4
2023-10-14,5,3,744.85
2023-10-15,5,3,676.36
2023-10-16,5,3,639.45
2023-10-17,5,3,535.96
2023-10-18,5,3,462.36
2023-10-19,5,3,372.81
2023-10-20,5,3,582.41
2023-10-21,5,3,544.14
2023-10-22,5,3,634.83
2023-10-23,5,3,651.19
2023-10-24,5,3,568.53
2023-10-25,5,3,551.59
2023-10-26,5,3,595.29
2023-10-27,5,3,592.73
2023-10-28,5,3,839.62
2023-10-29,5,3,617.74
2023-10-30,5,3,493.15
2023-10-31,5,3,450.64
2023-11-01,5,3,566.85
2023-11-02,5,3,558.68
2023-11-03,5,3,420.19
2023-11-04,5,3,669.11
2023-11-05,5,3,902.56
2023-11-06,5,3,592.28
2023-11-07,5,3,633.04
2023-11-08,5,3,561.69
2023-11-09,5,3,410.36
2023-11-10,5,3,561.67
2023-11-11,5,3,861.38
2023-11-12,5,3,612.85
2023-11-13,5,3,638.03
2023-11-14,5,3,427.53
2023-11-15,5,3,576.16
2023-11-16,5,3,621.71
2023-11-17,5,3,548.18
2023-11-18,5,3,1025.53
2023-11-19,5,3,693.15
2023-11-20,5,3,526.14
2023-11-21,5,3,594.16
2023-11-22,5,3,511.49
2023-11-23,5,3,452.37
2023-11-24,5,3,482.41
2023-11-25,5,3,836.6
2023-11-26,5,3,717.25
2023-11-27,5,3,726.22
2023-11-28,5,3,540.55
2023-11-29,5,3,640.93
2023-11-30,5,3,623.95
2023-12-01,5,3,600.23
2023-12-02,5,3,727.63
2023-12-03,5,3,620.76
2023-12-04,5,3,699.01
2023-12-05,5,3,761.92
2023-12-06,5,3,492.1
2023-12-07,5,3,610.66
2023-12-08,5,3,582.25
2023-12-09,5,3,911.16
2023-12-10,5,3,800.54
2023-12-11,5,3,776.73
2023-12-12,5,3,611.1
2023-12-13,5,3,528.53
2023-12-14,5,3,603.59
2023-12-15,5,3,614.68
2023-12-16,5,3,911.69
2023-12-17,5,3,798.13
2023-12-18,5,3,693.72
2023-12-19,5,3,573.94
2023-12-20,5,3,622.72
2023-12-21,5,3,575.14
2023-12-22,5,3,569.44
2023-12-23,5,3,1010.71
2023-12-24,5,3,757.89
2023-12-25,5,3,619.35
2023-12-26,5,3,756.24
2023-12-27,5,3,727.77
2023-12-28,5,3,815.7
2023-12-29,5,3,702.37
2023-12-30,5,3,775.19
2023-12-31,5,3,1115.43
2022-01-01,5,4,213.3
2022-01-02,5,4,278.03
2022-01-03,5,4,191.62
2022-01-04,5,4,108.76
2022-01-05,5,4,220.48
2022-01-06,5,4,232.83
2022-01-07,5,4,258.09
2022-01-08,5,4,264.46
2022-01-09,5,4,282.31
2022-01-10,5,4,164.86
2022-01-11,5,4,150.08
2022-01-12,5,4,236.48
2022-01-13,5,4,215.87
2022-01-14,5,4,237.1
2022-01-15,5,4,249.89
2022-01-16,5,4,352.59
2022-01-17,5,4,209.69
2022-01-18,5,4,177.82
2022-01-19,5,4,191.11
2022-01-20,5,4,152.55
2022-01-21,5,4,172.65
2022-01-22,5,4,246.46
2022-01-23,5,4,322.8
2022-01-24,5,4,199.68
2022-01-25,5,4,234.7
2022-01-26,5,4,199.04
2022-01-27,5,4,171.13
2022-01-28,5,4,219.02
2022-01-29,5,4,230.07
2022-01-30,5,4,248.0
2022-01-31,5,4,264.92
2022-02-01,5,4,236.43
2022-02-02,5,4,190.28
2022-02-03,5,4,241.04
2022-02-04,5,4,186.82
2022-02-05,5,4,208.46
2022-02-06,5,4,329.57
2022-02-07,5,4,227.68
2022-02-08,5,4,211.79
2022-02-09,5,4,163.88
2022-02-10,5,4,208.32
2022-02-11,5,4,225.18
2022-02-12,5,4,235.01
2022-02-13,5,4,286.89
2022-02-14,5,4,270.55
2022-02-15,5,4,227.18
2022-02-16,5,4,239.2
2022-02-17,5,4,205.61
2022-02-18,5,4,185.6
2022-02-19,5,4,262.57
2022-02-20,5,4,332.41
2022-02-21,5,4,217.75
2022-02-22,5,4,214.48
2022-02-23,5,4,204.61
2022-02-24,5,4,179.34
2022-02-25,5,4,267.31
2022-02-26,5,4,279.63
2022-02-27,5,4,265.87
2022-02-28,5,4,225.11
2022-03-01,5,4,209.65
2022-03-02,5,4,238.66
2022-03-03,5,4,204.74
2022-03-04,5,4,232.62
2022-03-05,5,4,294.84
2022-03-06,5,4,380.25
2022-03-07,5,4,294.67
2022-03-08,5,4,256.33
2022-03-09,5,4,226.42
2022-03-10,5,4,257.35
2022-03-11,5,4,256.49
2022-03-12,5,4,278.04
2022-03-13,5,4,225.33
2022-03-14,5,4,164.73
2022-03-15,5,4,226.63
2022-03-16,5,4,213.47
2022-03-17,5,4,212.32
2022-03-18,5,4,203.47
2022-03-19,5,4,262.8
2022-03-20,5,4,330.98
2022-03-21,5,4,126.61
2022-03-22,5,4,252.75
2022-03-23,5,4,222.85
2022-03-24,5,4,282.98
2022-03-25,5,4,242.21
2022-03-26,5,4,224.27
2022-03-27,5,4,218.18
2022-03-28,5,4,193.53
2022-03-29,5,4,243.04
2022-03-30,5,4,173.86
2022-03-31,5,4,238.07
2022-04-01,5,4,253.32
2022-04-02,5,4,274.59
2022-04-03,5,4,258.72
2022-04-04,5,4,155.66
2022-04-05,5,4,282.12
2022-04-06,5,4,293.31
2022-04-07,5,4,272.6
2022-04-08,5,4,221.08
2022-04-09,5,4,297.7
2022-04-10,5,4,331.28
2022-04-11,5,4,236.37
2022-04-12,5,4,123.29
2022-04-13,5,4,263.61
2022-04-14,5,4,274.31
2022-04-15,5,4,269.44
2022-04-16,5,4,322.52
2022-04-17,5,4,345.75
2022-04-18,5,4,183.42
2022-04-19,5,4,229.69
2022-04-20,5,4,209.78
2022-04-21,5,4,284.19
2022-04-22,5,4,240.04
2022-04-23,5,4,296.69
2022-04-24,5,4,257.77
2022-04-25,5,4,197.01
2022-04-26,5,4,194.75
2022-04-27,5,4,260.87
2022-04-28,5,4,255.92
2022-04-29,5,4,243.88
2022-04-30,5,4,342.15
2022-05-01,5,4,252.35
2022-05-02,5,4,159.87
2022-05-03,5,4,243.85
2022-05-04,5,4,219.51
2022-05-05,5,4,249.26
2022-05-06,5,4,235.95
2022-05-07,5,4,285.38
2022-05-08,5,4,297.73
2022-05-09,5,4,269.37
2022-05-10,5,4,212.88
2022-05-11,5,4,247.38
2022-05-12,5,4,233.3
2022-05-13,5,4,167.1
2022-05-14,5,4,233.13
2022-05-15,5,4,288.89
2022-05-16,5,4,207.04
2022-05-17,5,4,192.03
2022-05-18,5,4,260.14
2022-05-19,5,4,174.02
2022-05-20,5,4,217.85
2022-05-21,5,4,253.85
2022-05-22,5,4,357.45
2022-05-23,5,4,310.14
2022-05-24,5,4,214.81
2022-05-25,5,4,254.23
2022-05-26,5,4,268.71
2022-05-27,5,4,256.37
2022-05-28,5,4,328.83
2022-05-29,5,4,215.97
2022-05-30,5,4,266.47
2022-05-31,5,4,238.92
2022-06-01,5,4,199.19
2022-06-02,5,4,204.03
2022-06-03,5,4,214.62
2022-06-04,5,4,258.61
2022-06-05,5,4,254.76
2022-06-06,5,4,176.79
2022-06-07,5,4,223.22
2022-06-08,5,4,202.5
2022-06-09,5,4,183.0
2022-06-10,5,4,210.94
2022-06-11,5,4,272.22
2022-06-12,5,4,291.26
2022-06-13,5,4,207.49
2022-06-14,5,4,227.9
2022-06-15,5,4,200.23
2022-06-16,5,4,202.66
2022-06-17,5,4,217.85
2022-06-18,5,4,287.92
2022-06-19,5,4,321.85
2022-06-20,5,4,242.63
2022-06-21,5,4,208.49
2022-06-22,5,4,165.61
2022-06-23,5,4,231.79
2022-06-24,5,4,227.05
2022-06-25,5,4,282.66
2022-06-26,5,4,305.76
2022-06-27,5,4,199.27
2022-06-28,5,4,160.6
2022-06-29,5,4,183.58
2022-06-30,5,4,119.58
2022-07-01,5,4,203.17
2022-07-02,5,4,245.39
2022-07-03,5,4,280.07
2022-07-04,5,4,212.56
2022-07-05,5,4,177.09
2022-07-06,5,4,167.63
2022-07-07,5,4,168.83
2022-07-08,5,4,246.66
2022-07-09,5,4,243.65
2022-07-10,5,4,239.28
2022-07-11,5,4,200.5
2022-07-12,5,4,146.51
2022-07-13,5,4,180.96
2022-07-14,5,4,167.84
2022-07-15,5,4,161.91
2022-07-16,5,4,240.92
2022-07-17,5,4,252.76
2022-07-18,5,4,156.85
2022-07-19,5,4,182.78
2022-07-20,5,4,195.87
2022-07-21,5,4,206.83
2022-07-22,5,4,185.94
2022-07-23,5,4,264.73
2022-07-24,5,4,239.11
2022-07-25,5,4,231.72
2022-07-26,5,4,210.39
2022-07-27,5,4,175.08
2022-07-28,5,4,180.36
2022-07-29,5,4,206.48
2022-07-30,5,4,233.73
2022-07-31,5,4,180.41
2022-08-01,5,4,187.55
2022-08-02,5,4,169.4
2022-08-03,5,4,198.23
2022-08-04,5,4,181.13
2022-08-05,5,4,197.63
2022-08-06,5,4,323.0
2022-08-07,5,4,279.74
2022-08-08,5,4,171.12
2022-08-09,5,4,192.24
2022-08-10,5,4,184.11
2022-08-11,5,4,188.36
2022-08-12,5,4,138.6
2022-08-13,5,4,273.06
2022-08-14,5,4,154.37
2022-08-15,5,4,181.19
2022-08-16,5,4,133.9
2022-08-17,5,4,162.76
2022-08-18,5,4,187.83
2022-08-19,5,4,206.0
2022-08-20,5,4,273.47
2022-08-21,5,4,230.44
2022-08-22,5,4,209.84
2022-08-23,5,4,181.13
2022-08-24,5,4,163.44
2022-08-25,5,4,193.4
2022-08-26,5,4,158.06
2022-08-27,5,4,233.7
2022-08-28,5,4,221.52
2022-08-29,5,4,141.01
2022-08-30,5,4,192.97
2022-08-31,5,4,188.0
2022-09-01,5,4,208.96
2022-09-02,5,4,128.37
2022-09-03,5,4,207.22
2022-09-04,5,4,271.52
2022-09-05,5,4,192.98
2022-09-06,5,4,198.37
2022-09-07,5,4,218.06
2022-09-08,5,4,158.66
2022-09-09,5,4,156.11
2022-09-10,5,4,263.31
2022-09-11,5,4,255.74
2022-09-12,5,4,176.41
2022-09-13,5,4,175.78
2022-09-14,5,4,153.85
2022-09-15,5,4,222.89
2022-09-16,5,4,235.18
2022-09-17,5,4,273.97
2022-09-18,5,4,257.84
2022-09-19,5,4,196.79
2022-09-20,5,4,189.92
2022-09-21,5,4,133.2
2022-09-22,5,4,168.29
2022-09-23,5,4,203.67
2022-09-24,5,4,205.98
2022-09-25,5,4,241.65
2022-09-26,5,4,213.34
2022-09-27,5,4,213.95
2022-09-28,5,4,207.68
2022-09-29,5,4,189.98
2022-09-30,5,4,204.19
2022-10-01,5,4,236.33
2022-10-02,5,4,308.09
2022-10-03,5,4,143.84
2022-10-04,5,4,190.99
2022-10-05,5,4,175.84
2022-10-06,5,4,208.75
2022-10-07,5,4,179.86
2022-10-08,5,4,335.99
2022-10-09,5,4,280.64
2022-10-10,5,4,161.5
2022-10-11,5,4,114.08
2022-10-12,5,4,157.78
2022-10-13,5,4,206.44
2022-10-14,5,4,183.02
2022-10-15,5,4,226.57
2022-10-16,5,4,221.18
2022-10-17,5,4,214.77
2022-10-18,5,4,181.65
2022-10-19,5,4,178.8
2022-10-20,5,4,220.0
2022-10-21,5,4,236.48
2022-10-22,5,4,207.61
2022-10-23,5,4,293.53
2022-10-24,5,4,188.85
2022-10-25,5,4,218.65
2022-10-26,5,4,211.24
2022-10-27,5,4,193.05
2022-10-28,5,4,194.43
2022-10-29,5,4,275.72
2022-10-30,5,4,209.55
2022-10-31,5,4,159.97
2022-11-01,5,4,275.97
2022-11-02,5,4,247.35
2022-11-03,5,4,242.01
2022-11-04,5,4,205.87
2022-11-05,5,4,206.84
2022-11-06,5,4,252.64
2022-11-07,5,4,224.29
2022-11-08,5,4,247.95
2022-11-09,5,4,225.21
2022-11-10,5,4,226.27
2022-11-11,5,4,206.49
2022-11-12,5,4,302.6
2022-11-13,5,4,238.31
2022-11-14,5,4,216.38
2022-11-15,5,4,205.27
2022-11-16,5,4,258.87
2022-11-17,5,4,121.71
2022-11-18,5,4,208.22
2022-11-19,5,4,287.56
2022-11-20,5,4,200.28
2022-11-21,5,4,237.27
2022-11-22,5,4,209.49
2022-11-23,5,4,183.27
2022-11-24,5,4,246.73
2022-11-25,5,4,190.3
2022-11-26,5,4,312.46
2022-11-27,5,4,286.68
2022-11-28,5,4,201.48
2022-11-29,5,4,182.31
2022-11-30,5,4,191.99
2022-12-01,5,4,270.62
2022-12-02,5,4,280.63
2022-12-03,5,4,343.7
2022-12-04,5,4,310.13
2022-12-05,5,4,264.71
2022-12-06,5,4,251.35
2022-12-07,5,4,218.46
2022-12-08,5,4,207.3
2022-12-09,5,4,229.19
2022-12-10,5,4,283.1
2022-12-11,5,4,319.22
2022-12-12,5,4,299.12
2022-12-13,5,4,251.35
2022-12-14,5,4,294.6
2022-12-15,5,4,241.6
2022-12-16,5,4,235.67
2022-12-17,5,4,243.04
2022-12-18,5,4,344.96
2022-12-19,5,4,218.45
2022-12-20,5,4,211.17
2022-12-21,5,4,205.78
2022-12-22,5,4,255.72
2022-12-23,5,4,221.95
2022-12-24,5,4,394.24
2022-12-25,5,4,369.49
2022-12-26,5,4,224.04
2022-12-27,5,4,156.93
2022-12-28,5,4,248.24
2022-12-29,5,4,232.74
2022-12-30,5,4,276.87
2022-12-31,5,4,318.42
2023-01-01,5,4,410.21
2023-01-02,5,4,289.21
2023-01-03,5,4,217.88
2023-01-04,5,4,239.46
2023-01-05,5,4,251.48
2023-01-06,5,4,263.25
2023-01-07,5,4,337.14
2023-01-08,5,4,389.5
2023-01-09,5,4,291.08
2023-01-10,5,4,253.75
2023-01-11,5,4,298.01
2023-01-12,5,4,223.6
2023-01-13,5,4,299.92
2023-01-14,5,4,399.18
2023-01-15,5,4,368.01
2023-01-16,5,4,293.5
2023-01-17,5,4,299.08
2023-01-18,5,4,315.26
2023-01-19,5,4,302.97
2023-01-20,5,4,322.25
2023-01-21,5,4,271.2
2023-01-22,5,4,362.25
2023-01-23,5,4,271.54
2023-01-24,5,4,279.87
2023-01-25,5,4,310.82
2023-01-26,5,4,279.32
2023-01-27,5,4,277.86
2023-01-28,5,4,381.72
2023-01-29,5,4,276.31
2023-01-30,5,4,338.95
2023-01-31,5,4,270.68
2023-02-01,5,4,358.54
2023-02-02,5,4,256.07
2023-02-03,5,4,253.71
2023-02-04,5,4,369.34
2023-02-05,5,4,384.72
2023-02-06,5,4,272.13
2023-02-07,5,4,259.2
2023-02-08,5,4,311.38
2023-02-09,5,4,359.39
2023-02-10,5,4,368.93
2023-02-11,5,4,367.39
2023-02-12,5,4,322.31
2023-02-13,5,4,284.36
2023-02-14,5,4,372.3
2023-02-15,5,4,342.2
2023-02-16,5,4,313.83
2023-02-17,5,4,276.08
2023-02-18,5,4,439.05
2023-02-19,5,4,517.66
2023-02-20,5,4,291.14
2023-02-21,5,4,209.73
2023-02-22,5,4,252.07
2023-02-23,5,4,300.93
2023-02-24,5,4,291.38
2023-02-25,5,4,467.34
2023-02-26,5,4,353.93
2023-02-27,5,4,291.16
2023-02-28,5,4,270.13
2023-03-01,5,4,342.02
2023-03-02,5,4,266.9
2023-03-03,5,4,295.87
2023-03-04,5,4,307.78
2023-03-05,5,4,367.57
2023-03-06,5,4,383.96
2023-03-07,5,4,389.45
2023-03-08,5,4,338.85
2023-03-09,5,4,328.34
2023-03-10,5,4,279.09
2023-03-11,5,4,412.88
2023-03-12,5,4,411.16
2023-03-13,5,4,309.63
2023-03-14,5,4,346.42
2023-03-15,5,4,265.49
2023-03-16,5,4,428.39
2023-03-17,5,4,385.15
2023-03-18,5,4,353.8
2023-03-19,5,4,409.65
2023-03-20,5,4,282.45
2023-03-21,5,4,340.17
2023-03-22,5,4,306.6
2023-03-23,5,4,223.2
2023-03-24,5,4,268.2
2023-03-25,5,4,485.37
2023-03-26,5,4,391.8
2023-03-27,5,4,301.17
2023-03-28,5,4,343.37
2023-03-29,5,4,356.29
2023-03-30,5,4,308.3
2023-03-31,5,4,211.1
2023-04-01,5,4,349.79
2023-04-02,5,4,269.98
2023-04-03,5,4,242.03
2023-04-04,5,4,310.09
2023-04-05,5,4,308.89
2023-04-06,5,4,365.7
2023-04-07,5,4,305.67
2023-04-08,5,4,346.97
2023-04-09,5,4,472.03
2023-04-10,5,4,388.66
2023-04-11,5,4,350.37
2023-04-12,5,4,305.12
2023-04-13,5,4,294.19
2023-04-14,5,4,253.48
2023-04-15,5,4,353.93
2023-04-16,5,4,374.77
2023-04-17,5,4,247.85
2023-04-18,5,4,293.94
2023-04-19,5,4,296.62
2023-04-20,5,4,369.16
2023-04-21,5,4,234.81
2023-04-22,5,4,413.87
2023-04-23,5,4,321.29
2023-04-24,5,4,219.58
2023-04-25,5,4,287.91
2023-04-26,5,4,312.06
2023-04-27,5,4,370.81
2023-04-28,5,4,299.01
2023-04-29,5,4,372.61
2023-04-30,5,4,362.91
2023-05-01,5,4,270.02
2023-05-02,5,4,138.19
2023-05-03,5,4,257.11
2023-05-04,5,4,328.6
2023-05-05,5,4,185.5
2023-05-06,5,4,358.07
2023-05-07,5,4,365.56
2023-05-08,5,4,325.73
2023-05-09,5,4,299.47
2023-05-10,5,4,313.15
2023-05-11,5,4,261.74
2023-05-12,5,4,217.13
2023-05-13,5,4,353.14
2023-05-14,5,4,375.68
2023-05-15,5,4,346.83
2023-05-16,5,4,232.38
2023-05-17,5,4,388.61
2023-05-18,5,4,303.76
2023-05-19,5,4,262.46
2023-05-20,5,4,338.43
2023-05-21,5,4,376.45
2023-05-22,5,4,293.87
2023-05-23,5,4,297.67
2023-05-24,5,4,325.71
2023-05-25,5,4,267.97
2023-05-26,5,4,302.42
2023-05-27,5,4,367.77
2023-05-28,5,4,483.2
2023-05-29,5,4,217.38
2023-05-30,5,4,394.5
2023-05-31,5,4,259.07
2023-06-01,5,4,227.45
2023-06-02,5,4,259.79
2023-06-03,5,4,365.12
2023-06-04,5,4,334.61
2023-06-05,5,4,296.82
2023-06-06,5,4,254.2
2023-06-07,5,4,246.43
2023-06-08,5,4,235.09
2023-06-09,5,4,324.76
2023-06-10,5,4,375.77
2023-06-11,5,4,293.82
2023-06-12,5,4,255.09
2023-06-13,5,4,219.46
2023-06-14,5,4,386.05
2023-06-15,5,4,281.73
2023-06-16,5,4,192.48
2023-06-17,5,4,284.11
2023-06-18,5,4,290.16
2023-06-19,5,4,286.98
2023-06-20,5,4,205.03
2023-06-21,5,4,218.88
2023-06-22,5,4,265.07
2023-06-23,5,4,272.2
2023-06-24,5,4,328.75
2023-06-25,5,4,336.44
2023-06-26,5,4,216.72
2023-06-27,5,4,294.84
2023-06-28,5,4,193.5
2023-06-29,5,4,269.88
2023-06-30,5,4,350.83
2023-07-01,5,4,306.36
2023-07-02,5,4,256.3
2023-07-03,5,4,245.31
2023-07-04,5,4,238.29
2023-07-05,5,4,256.92
2023-07-06,5,4,256.48
2023-07-07,5,4,286.45
2023-07-08,5,4,301.11
2023-07-09,5,4,284.99
2023-07-10,5,4,220.32
2023-07-11,5,4,226.25
2023-07-12,5,4,261.93
2023-07-13,5,4,199.12
2023-07-14,5,4,215.8
2023-07-15,5,4,329.57
2023-07-16,5,4,386.46
2023-07-17,5,4,218.51
2023-07-18,5,4,265.3
2023-07-19,5,4,244.37
2023-07-20,5,4,271.49
2023-07-21,5,4,254.84
2023-07-22,5,4,329.9
2023-07-23,5,4,454.66
2023-07-24,5,4,364.28
2023-07-25,5,4,243.24
2023-07-26,5,4,218.52
2023-07-27,5,4,262.76
2023-07-28,5,4,276.7
2023-07-29,5,4,395.42
2023-07-30,5,4,219.04
2023-07-31,5,4,238.54
2023-08-01,5,4,215.86
2023-08-02,5,4,205.51
2023-08-03,5,4,181.43
2023-08-04,5,4,226.23
2023-08-05,5,4,336.72
2023-08-06,5,4,247.84
2023-08-07,5,4,237.64
2023-08-08,5,4,249.49
2023-08-09,5,4,292.75
2023-08-10,5,4,257.39
2023-08-11,5,4,232.14
2023-08-12,5,4,320.18
2023-08-13,5,4,341.1
2023-08-14,5,4,239.86
2023-08-15,5,4,263.56
2023-08-16,5,4,224.13
2023-08-17,5,4,278.54
2023-08-18,5,4,218.13
2023-08-19,5,4,275.63
2023-08-20,5,4,285.84
2023-08-21,5,4,202.19
2023-08-22,5,4,263.58
2023-08-23,5,4,181.04
2023-08-24,5,4,221.66
2023-08-25,5,4,248.77
2023-08-26,5,4,309.14
2023-08-27,5,4,306.83
2023-08-28,5,4,232.58
2023-08-29,5,4,243.68
2023-08-30,5,4,202.18
2023-08-31,5,4,220.99
2023-09-01,5,4,221.63
2023-09-02,5,4,320.39
2023-09-03,5,4,342.52
2023-09-04,5,4,226.39
2023-09-05,5,4,256.57
2023-09-06,5,4,234.37
2023-09-07,5,4,228.95
2023-09-08,5,4,258.79
2023-09-09,5,4,235.79
2023-09-10,5,4,321.37
2023-09-11,5,4,208.11
2023-09-12,5,4,268.28
2023-09-13,5,4,209.34
2023-09-14,5,4,221.58
2023-09-15,5,4,177.96
2023-09-16,5,4,319.16
2023-09-17,5,4,283.72
2023-09-18,5,4,214.2
2023-09-19,5,4,234.08
2023-09-20,5,4,174.83
2023-09-21,5,4,209.14
2023-09-22,5,4,227.02
2023-09-23,5,4,370.55
2023-09-24,5,4,312.35
2023-09-25,5,4,247.88
2023-09-26,5,4,236.3
2023-09-27,5,4,354.09
2023-09-28,5,4,266.01
2023-09-29,5,4,163.02
2023-09-30,5,4,315.28
2023-10-01,5,4,367.12
2023-10-02,5,4,190.0
2023-10-03,5,4,246.83
2023-10-04,5,4,223.53
2023-10-05,5,4,212.11
2023-10-06,5,4,292.23
2023-10-07,5,4,285.18
2023-10-08,5,4,285.79
2023-10-09,5,4,210.92
2023-10-10,5,4,204.2
2023-10-11,5,4,224.17
2023-10-12,5,4,222.49
2023-10-13,5,4,200.92
2023-10-14,5,4,316.72
2023-10-15,5,4,197.46
2023-10-16,5,4,248.66
2023-10-17,5,4,280.97
2023-10-18,5,4,225.7
2023-10-19,5,4,258.41
2023-10-20,5,4,236.22
2023-10-21,5,4,432.04
2023-10-22,5,4,366.21
2023-10-23,5,4,214.0
2023-10-24,5,4,293.79
2023-10-25,5,4,335.33
2023-10-26,5,4,238.41
2023-10-27,5,4,264.56
2023-10-28,5,4,369.45
2023-10-29,5,4,267.03
2023-10-30,5,4,179.05
2023-10-31,5,4,253.07
2023-11-01,5,4,235.99
2023-11-02,5,4,260.54
2023-11-03,5,4,310.95
2023-11-04,5,4,380.3
2023-11-05,5,4,380.16
2023-11-06,5,4,264.79
2023-11-07,5,4,244.05
2023-11-08,5,4,241.58
2023-11-09,5,4,341.23
2023-11-10,5,4,362.24
2023-11-11,5,4,409.02
2023-11-12,5,4,337.42
2023-11-13,5,4,225.87
2023-11-14,5,4,382.03
2023-11-15,5,4,289.9
2023-11-16,5,4,289.21
2023-11-17,5,4,247.41
2023-11-18,5,4,390.01
2023-11-19,5,4,342.7
2023-11-20,5,4,229.16
2023-11-21,5,4,258.59
2023-11-22,5,4,289.06
2023-11-23,5,4,335.47
2023-11-24,5,4,208.44
2023-11-25,5,4,289.02
2023-11-26,5,4,332.47
2023-11-27,5,4,235.01
2023-11-28,5,4,273.65
2023-11-29,5,4,253.52
2023-11-30,5,4,278.99
2023-12-01,5,4,312.13
2023-12-02,5,4,315.63
2023-12-03,5,4,383.88
2023-12-04,5,4,268.48
2023-12-05,5,4,357.3
2023-12-06,5,4,274.25
2023-12-07,5,4,282.87
2023-12-08,5,4,264.11
2023-12-09,5,4,395.91
2023-12-10,5,4,388.84
2023-12-11,5,4,374.35
2023-12-12,5,4,305.06
2023-12-13,5,4,368.51
2023-12-14,5,4,377.61
2023-12-15,5,4,290.7
2023-12-16,5,4,388.84
2023-12-17,5,4,365.17
2023-12-18,5,4,250.9
2023-12-19,5,4,416.57
2023-12-20,5,4,281.63
2023-12-21,5,4,266.4
2023-12-22,5,4,259.2
2023-12-23,5,4,363.34
2023-12-24,5,4,382.91
2023-12-25,5,4,366.34
2023-12-26,5,4,392.97
2023-12-27,5,4,212.62
2023-12-28,5,4,382.98
2023-12-29,5,4,387.38
2023-12-30,5,4,365.15
2023-12-31,5,4,347.77
2022-01-01,5,5,157.75
2022-01-02,5,5,180.05
2022-01-03,5,5,126.47
2022-01-04,5,5,135.02
2022-01-05,5,5,108.7
2022-01-06,5,5,103.49
2022-01-07,5,5,81.05
2022-01-08,5,5,150.31
2022-01-09,5,5,157.31
2022-01-10,5,5,109.45
2022-01-11,5,5,101.36
2022-01-12,5,5,136.26
2022-01-13,5,5,125.85
2022-01-14,5,5,137.72
2022-01-15,5,5,128.32
2022-01-16,5,5,133.96
2022-01-17,5,5,136.23
2022-01-18,5,5,114.7
2022-01-19,5,5,105.76
2022-01-20,5,5,107.07
2022-01-21,5,5,115.67
2022-01-22,5,5,173.45
2022-01-23,5,5,147.28
2022-01-24,5,5,129.98
2022-01-25,5,5,124.47
2022-01-26,5,5,101.09
2022-01-27,5,5,101.17
2022-01-28,5,5,108.78
2022-01-29,5,5,121.36
2022-01-30,5,5,140.23
2022-01-31,5,5,143.56
2022-02-01,5,5,124.32
2022-02-02,5,5,110.65
2022-02-03,5,5,161.11
2022-02-04,5,5,107.78
2022-02-05,5,5,139.49
2022-02-06,5,5,193.25
2022-02-07,5,5,138.09
2022-02-08,5,5,123.3
2022-02-09,5,5,141.58
2022-02-10,5,5,131.68
2022-02-11,5,5,103.68
2022-02-12,5,5,105.09
2022-02-13,5,5,150.29
2022-02-14,5,5,147.06
2022-02-15,5,5,118.46
2022-02-16,5,5,135.47
2022-02-17,5,5,130.35
2022-02-18,5,5,94.71
2022-02-19,5,5,155.14
2022-02-20,5,5,174.27
2022-02-21,5,5,112.29
2022-02-22,5,5,120.52
2022-02-23,5,5,135.07
2022-02-24,5,5,129.08
2022-02-25,5,5,147.88
2022-02-26,5,5,175.88
2022-02-27,5,5,142.6
2022-02-28,5,5,118.99
2022-03-01,5,5,131.63
2022-03-02,5,5,157.72
2022-03-03,5,5,122.14
2022-03-04,5,5,97.4
2022-03-05,5,5,182.55
2022-03-06,5,5,151.97
2022-03-07,5,5,106.53
2022-03-08,5,5,132.47
2022-03-09,5,5,151.51
2022-03-10,5,5,120.95
2022-03-11,5,5,142.33
2022-03-12,5,5,190.0
2022-03-13,5,5,193.02
2022-03-14,5,5,118.25
2022-03-15,5,5,110.6
2022-03-16,5,5,113.43
2022-03-17,5,5,149.01
2022-03-18,5,5,146.68
2022-03-19,5,5,148.58
2022-03-20,5,5,229.21
2022-03-21,5,5,112.12
2022-03-22,5,5,153.89
2022-03-23,5,5,164.49
2022-03-24,5,5,136.28
2022-03-25,5,5,118.71
2022-03-26,5,5,155.03
2022-03-27,5,5,167.91
2022-03-28,5,5,156.39
2022-03-29,5,5,110.45
2022-03-30,5,5,97.63
2022-03-31,5,5,142.27
2022-04-01,5,5,143.57
2022-04-02,5,5,222.55
2022-04-03,5,5,136.32
2022-04-04,5,5,129.74
2022-04-05,5,5,155.63
2022-04-06,5,5,135.06
2022-04-07,5,5,128.89
2022-04-08,5,5,148.65
2022-04-09,5,5,157.38
2022-04-10,5,5,195.19
2022-04-11,5,5,108.21
2022-04-12,5,5,102.98
2022-04-13,5,5,128.03
2022-04-14,5,5,82.25
2022-04-15,5,5,135.45
2022-04-16,5,5,128.8
2022-04-17,5,5,181.57
2022-04-18,5,5,137.84
2022-04-19,5,5,132.86
2022-04-20,5,5,143.15
2022-04-21,5,5,138.59
2022-04-22,5,5,128.68
2022-04-23,5,5,223.23
2022-04-24,5,5,185.63
2022-04-25,5,5,150.59
2022-04-26,5,5,156.82
2022-04-27,5,5,148.75
2022-04-28,5,5,177.19
2022-04-29,5,5,138.82
2022-04-30,5,5,176.05
2022-05-01,5,5,149.27
2022-05-02,5,5,122.44
2022-05-03,5,5,113.47
2022-05-04,5,5,140.52
2022-05-05,5,5,110.2
2022-05-06,5,5,129.2
2022-05-07,5,5,180.23
2022-05-08,5,5,170.17
2022-05-09,5,5,110.91
2022-05-10,5,5,141.69
2022-05-11,5,5,126.71
2022-05-12,5,5,73.11
2022-05-13,5,5,109.62
2022-05-14,5,5,202.47
2022-05-15,5,5,204.74
2022-05-16,5,5,139.1
2022-05-17,5,5,144.21
2022-05-18,5,5,114.07
2022-05-19,5,5,124.22
2022-05-20,5,5,153.35
2022-05-21,5,5,179.09
2022-05-22,5,5,170.13
2022-05-23,5,5,126.08
2022-05-24,5,5,152.7
2022-05-25,5,5,151.82
2022-05-26,5,5,142.73
2022-05-27,5,5,131.47
2022-05-28,5,5,160.31
2022-05-29,5,5,187.14
2022-05-30,5,5,108.94
2022-05-31,5,5,113.1
2022-06-01,5,5,92.98
2022-06-02,5,5,141.0
2022-06-03,5,5,106.19
2022-06-04,5,5,164.3
2022-06-05,5,5,152.13
2022-06-06,5,5,171.25
2022-06-07,5,5,127.39
2022-06-08,5,5,86.18
2022-06-09,5,5,140.78
2022-06-10,5,5,112.83
2022-06-11,5,5,151.16
2022-06-12,5,5,140.25
2022-06-13,5,5,123.62
2022-06-14,5,5,123.49
2022-06-15,5,5,108.65
2022-06-16,5,5,111.23
2022-06-17,5,5,122.34
2022-06-18,5,5,101.7
2022-06-19,5,5,123.0
2022-06-20,5,5,151.08
2022-06-21,5,5,126.87
2022-06-22,5,5,111.49
2022-06-23,5,5,90.31
2022-06-24,5,5,120.21
2022-06-25,5,5,181.04
2022-06-26,5,5,220.36
2022-06-27,5,5,156.03
2022-06-28,5,5,105.46
2022-06-29,5,5,112.69
2022-06-30,5,5,94.95
2022-07-01,5,5,95.9
2022-07-02,5,5,138.25
2022-07-03,5,5,135.06
2022-07-04,5,5,143.95
2022-07-05,5,5,88.4
2022-07-06,5,5,109.48
2022-07-07,5,5,76.17
2022-07-08,5,5,115.89
2022-07-09,5,5,114.74
2022-07-10,5,5,167.55
2022-07-11,5,5,105.86
2022-07-12,5,5,87.48
2022-07-13,5,5,75.9
2022-07-14,5,5,94.68
2022-07-15,5,5,115.05
2022-07-16,5,5,153.63
2022-07-17,5,5,133.81
2022-07-18,5,5,126.8
2022-07-19,5,5,92.45
2022-07-20,5,5,62.56
2022-07-21,5,5,116.35
2022-07-22,5,5,133.33
2022-07-23,5,5,173.67
2022-07-24,5,5,117.1
2022-07-25,5,5,102.84
2022-07-26,5,5,124.25
2022-07-27,5,5,101.62
2022-07-28,5,5,114.04
2022-07-29,5,5,100.29
2022-07-30,5,5,122.3
2022-07-31,5,5,126.64
2022-08-01,5,5,118.31
2022-08-02,5,5,103.78
2022-08-03,5,5,123.42
2022-08-04,5,5,111.83
2022-08-05,5,5,128.84
2022-08-06,5,5,151.65
2022-08-07,5,5,150.58
2022-08-08,5,5,102.19
2022-08-09,5,5,151.18
2022-08-10,5,5,106.01
2022-08-11,5,5,73.45
2022-08-12,5,5,108.61
2022-08-13,5,5,115.83
2022-08-14,5,5,156.7
2022-08-15,5,5,116.07
2022-08-16,5,5,101.75
2022-08-17,5,5,90.88
2022-08-18,5,5,107.23
2022-08-19,5,5,94.91
2022-08-20,5,5,152.77
2022-08-21,5,5,148.14
2022-08-22,5,5,151.63
2022-08-23,5,5,98.32
2022-08-24,5,5,100.64
2022-08-25,5,5,103.08
2022-08-26,5,5,103.85
2022-08-27,5,5,158.57
2022-08-28,5,5,131.82
2022-08-29,5,5,137.19
2022-08-30,5,5,115.21
2022-08-31,5,5,98.31
2022-09-01,5,5,91.27
2022-09-02,5,5,118.81
2022-09-03,5,5,134.28
2022-09-04,5,5,133.99
2022-09-05,5,5,93.77
2022-09-06,5,5,102.15
2022-09-07,5,5,93.29
2022-09-08,5,5,124.35
2022-09-09,5,5,114.46
2022-09-10,5,5,130.93
2022-09-11,5,5,130.74
2022-09-12,5,5,105.03
2022-09-13,5,5,103.59
2022-09-14,5,5,88.86
2022-09-15,5,5,74.23
2022-09-16,5,5,91.49
2022-09-17,5,5,132.6
2022-09-18,5,5,120.34
2022-09-19,5,5,116.97
2022-09-20,5,5,100.67
2022-09-21,5,5,133.66
2022-09-22,5,5,95.62
2022-09-23,5,5,106.71
2022-09-24,5,5,130.07
2022-09-25,5,5,145.04
2022-09-26,5,5,121.5
2022-09-27,5,5,114.4
2022-09-28,5,5,72.96
2022-09-29,5,5,112.87
2022-09-30,5,5,89.15
2022-10-01,5,5,134.73
2022-10-02,5,5,156.02
2022-10-03,5,5,90.57
2022-10-04,5,5,127.83
2022-10-05,5,5,103.25
2022-10-06,5,5,144.64
2022-10-07,5,5,110.32
2022-10-08,5,5,178.41
2022-10-09,5,5,167.72
2022-10-10,5,5,99.42
2022-10-11,5,5,88.15
2022-10-12,5,5,111.49
2022-10-13,5,5,100.12
2022-10-14,5,5,135.81
2022-10-15,5,5,137.55
2022-10-16,5,5,136.51
2022-10-17,5,5,87.01
2022-10-18,5,5,117.06
2022-10-19,5,5,90.81
2022-10-20,5,5,117.63
2022-10-21,5,5,120.0
2022-10-22,5,5,127.47
2022-10-23,5,5,164.36
2022-10-24,5,5,106.09
2022-10-25,5,5,86.3
2022-10-26,5,5,136.51
2022-10-27,5,5,95.54
2022-10-28,5,5,119.43
2022-10-29,5,5,153.62
2022-10-30,5,5,152.95
2022-10-31,5,5,117.45
2022-11-01,5,5,103.55
2022-11-02,5,5,152.05
2022-11-03,5,5,138.78
2022-11-04,5,5,130.12
2022-11-05,5,5,126.43
2022-11-06,5,5,134.94
2022-11-07,5,5,133.75
2022-11-08,5,5,85.22
2022-11-09,5,5,128.13
2022-11-10,5,5,97.66
2022-11-11,5,5,106.22
2022-11-12,5,5,125.25
2022-11-13,5,5,164.87
2022-11-14,5,5,142.89
2022-11-15,5,5,128.88
2022-11-16,5,5,131.0
2022-11-17,5,5,125.77
2022-11-18,5,5,135.34
2022-11-19,5,5,170.91
2022-11-20,5,5,94.74
2022-11-21,5,5,139.78
2022-11-22,5,5,137.94
2022-11-23,5,5,116.54
2022-11-24,5,5,86.81
2022-11-25,5,5,127.91
2022-11-26,5,5,168.43
2022-11-27,5,5,150.07
2022-11-28,5,5,127.16
2022-11-29,5,5,143.69
2022-11-30,5,5,168.44
2022-12-01,5,5,140.79
2022-12-02,5,5,144.76
2022-12-03,5,5,157.18
2022-12-04,5,5,165.98
2022-12-05,5,5,135.35
2022-12-06,5,5,162.69
2022-12-07,5,5,155.37
2022-12-08,5,5,178.55
2022-12-09,5,5,107.6
2022-12-10,5,5,144.49
2022-12-11,5,5,210.25
2022-12-12,5,5,169.07
2022-12-13,5,5,139.68
2022-12-14,5,5,45.92
2022-12-15,5,5,123.67
2022-12-16,5,5,146.31
2022-12-17,5,5,156.78
2022-12-18,5,5,186.4
2022-12-19,5,5,179.37
2022-12-20,5,5,169.6
2022-12-21,5,5,156.78
2022-12-22,5,5,138.57
2022-12-23,5,5,129.63
2022-12-24,5,5,202.87
2022-12-25,5,5,182.99
2022-12-26,5,5,141.59
2022-12-27,5,5,107.76
2022-12-28,5,5,125.48
2022-12-29,5,5,156.51
2022-12-30,5,5,117.5
2022-12-31,5,5,190.4
2023-01-01,5,5,214.04
2023-01-02,5,5,166.12
2023-01-03,5,5,168.33
2023-01-04,5,5,170.02
2023-01-05,5,5,140.95
2023-01-06,5,5,121.36
2023-01-07,5,5,175.92
2023-01-08,5,5,224.78
2023-01-09,5,5,127.87
2023-01-10,5,5,131.71
2023-01-11,5,5,131.68
2023-01-12,5,5,113.02
2023-01-13,5,5,129.5
2023-01-14,5,5,234.02
2023-01-15,5,5,181.74
2023-01-16,5,5,115.63
2023-01-17,5,5,144.83
2023-01-18,5,5,169.0
2023-01-19,5,5,113.95
2023-01-20,5,5,179.69
2023-01-21,5,5,160.31
2023-01-22,5,5,192.52
2023-01-23,5,5,147.9
2023-01-24,5,5,144.38
2023-01-25,5,5,156.24
2023-01-26,5,5,176.33
2023-01-27,5,5,157.04
2023-01-28,5,5,186.88
2023-01-29,5,5,219.81
2023-01-30,5,5,163.27
2023-01-31,5,5,142.54
2023-02-01,5,5,170.2
2023-02-02,5,5,150.14
2023-02-03,5,5,147.37
2023-02-04,5,5,246.96
2023-02-05,5,5,235.27
2023-02-06,5,5,189.34
2023-02-07,5,5,186.03
2023-02-08,5,5,147.35
2023-02-09,5,5,195.64
2023-02-10,5,5,162.61
2023-02-11,5,5,252.3
2023-02-12,5,5,217.43
2023-02-13,5,5,178.59
2023-02-14,5,5,179.49
2023-02-15,5,5,191.66
2023-02-16,5,5,129.03
2023-02-17,5,5,130.61
2023-02-18,5,5,244.96
2023-02-19,5,5,234.6
2023-02-20,5,5,151.48
2023-02-21,5,5,180.92
2023-02-22,5,5,135.41
2023-02-23,5,5,255.9
2023-02-24,5,5,205.73
2023-02-25,5,5,244.52
2023-02-26,5,5,226.34
2023-02-27,5,5,156.28
2023-02-28,5,5,138.51
2023-03-01,5,5,173.44
2023-03-02,5,5,153.81
2023-03-03,5,5,155.46
2023-03-04,5,5,181.02
2023-03-05,5,5,238.65
2023-03-06,5,5,167.06
2023-03-07,5,5,191.42
2023-03-08,5,5,189.48
2023-03-09,5,5,183.55
2023-03-10,5,5,248.41
2023-03-11,5,5,259.54
2023-03-12,5,5,187.45
2023-03-13,5,5,190.19
2023-03-14,5,5,176.62
2023-03-15,5,5,142.33
2023-03-16,5,5,140.29
2023-03-17,5,5,190.57
2023-03-18,5,5,256.42
2023-03-19,5,5,195.84
2023-03-20,5,5,204.83
2023-03-21,5,5,186.58
2023-03-22,5,5,211.18
2023-03-23,5,5,208.47
2023-03-24,5,5,175.04
2023-03-25,5,5,290.49
2023-03-26,5,5,194.06
2023-03-27,5,5,244.1
2023-03-28,5,5,156.1
2023-03-29,5,5,178.63
2023-03-30,5,5,164.73
2023-03-31,5,5,169.99
2023-04-01,5,5,329.64
2023-04-02,5,5,213.39
2023-04-03,5,5,199.05
2023-04-04,5,5,170.4
2023-04-05,5,5,201.59
2023-04-06,5,5,162.44
2023-04-07,5,5,183.8
2023-04-08,5,5,251.97
2023-04-09,5,5,205.46
2023-04-10,5,5,250.73
2023-04-11,5,5,195.61
2023-04-12,5,5,171.58
2023-04-13,5,5,159.14
2023-04-14,5,5,180.29
2023-04-15,5,5,189.16
2023-04-16,5,5,293.41
2023-04-17,5,5,189.74
2023-04-18,5,5,175.98
2023-04-19,5,5,206.45
2023-04-20,5,5,159.25
2023-04-21,5,5,147.71
2023-04-22,5,5,227.92
2023-04-23,5,5,237.07
2023-04-24,5,5,193.31
2023-04-25,5,5,139.5
2023-04-26,5,5,167.03
2023-04-27,5,5,96.44
2023-04-28,5,5,147.7
2023-04-29,5,5,258.62
2023-04-30,5,5,267.41
2023-05-01,5,5,139.78
2023-05-02,5,5,160.57
2023-05-03,5,5,169.56
2023-05-04,5,5,196.35
2023-05-05,5,5,207.93
2023-05-06,5,5,225.07
2023-05-07,5,5,211.56
2023-05-08,5,5,132.77
2023-05-09,5,5,172.34
2023-05-10,5,5,222.52
2023-05-11,5,5,202.68
2023-05-12,5,5,174.39
2023-05-13,5,5,231.11
2023-05-14,5,5,198.36
2023-05-15,5,5,161.15
2023-05-16,5,5,174.16
2023-05-17,5,5,174.35
2023-05-18,5,5,196.48
2023-05-19,5,5,195.36
2023-05-20,5,5,239.43
2023-05-21,5,5,188.93
2023-05-22,5,5,146.4
2023-05-23,5,5,148.38
2023-05-24,5,5,177.34
2023-05-25,5,5,119.31
2023-05-26,5,5,171.36
2023-05-27,5,5,270.27
2023-05-28,5,5,245.6
2023-05-29,5,5,162.82
2023-05-30,5,5,153.96
2023-05-31,5,5,192.89
2023-06-01,5,5,163.73
2023-06-02,5,5,150.86
2023-06-03,5,5,185.77
2023-06-04,5,5,206.25
2023-06-05,5,5,149.82
2023-06-06,5,5,175.54
2023-06-07,5,5,186.43
2023-06-08,5,5,125.02
2023-06-09,5,5,128.44
2023-06-10,5,5,246.11
2023-06-11,5,5,209.95
2023-06-12,5,5,130.92
2023-06-13,5,5,181.06
2023-06-14,5,5,165.98
2023-06-15,5,5,210.21
2023-06-16,5,5,152.52
2023-06-17,5,5,239.86
2023-06-18,5,5,161.07
2023-06-19,5,5,191.58
2023-06-20,5,5,180.96
2023-06-21,5,5,196.78
2023-06-22,5,5,185.15
2023-06-23,5,5,156.46
2023-06-24,5,5,170.3
2023-06-25,5,5,188.06
2023-06-26,5,5,117.09
2023-06-27,5,5,137.24
2023-06-28,5,5,169.51
2023-06-29,5,5,158.3
2023-06-30,5,5,154.19
2023-07-01,5,5,164.56
2023-07-02,5,5,137.21
2023-07-03,5,5,147.79
2023-07-04,5,5,152.15
2023-07-05,5,5,122.63
2023-07-06,5,5,132.61
2023-07-07,5,5,177.6
2023-07-08,5,5,220.26
2023-07-09,5,5,145.94
2023-07-10,5,5,142.68
2023-07-11,5,5,176.17
2023-07-12,5,5,140.0
2023-07-13,5,5,138.95
2023-07-14,5,5,168.64
2023-07-15,5,5,216.38
2023-07-16,5,5,215.05
2023-07-17,5,5,139.46
2023-07-18,5,5,159.7
2023-07-19,5,5,177.94
2023-07-20,5,5,144.36
2023-07-21,5,5,136.73
2023-07-22,5,5,224.25
2023-07-23,5,5,247.57
2023-07-24,5,5,192.08
2023-07-25,5,5,137.71
2023-07-26,5,5,140.0
2023-07-27,5,5,123.54
2023-07-28,5,5,148.78
2023-07-29,5,5,159.53
2023-07-30,5,5,175.26
2023-07-31,5,5,161.87
2023-08-01,5,5,142.52
2023-08-02,5,5,98.13
2023-08-03,5,5,166.56
2023-08-04,5,5,112.9
2023-08-05,5,5,150.18
2023-08-06,5,5,142.96
2023-08-07,5,5,121.75
2023-08-08,5,5,117.04
2023-08-09,5,5,117.61
2023-08-10,5,5,85.36
2023-08-11,5,5,138.13
2023-08-12,5,5,182.39
2023-08-13,5,5,235.74
2023-08-14,5,5,145.65
2023-08-15,5,5,125.72
2023-08-16,5,5,111.44
2023-08-17,5,5,134.04
2023-08-18,5,5,145.25
2023-08-19,5,5,163.66
2023-08-20,5,5,178.76
2023-08-21,5,5,175.15
2023-08-22,5,5,128.57
2023-08-23,5,5,97.88
2023-08-24,5,5,154.5
2023-08-25,5,5,143.13
2023-08-26,5,5,132.23
2023-08-27,5,5,189.33
2023-08-28,5,5,116.45
2023-08-29,5,5,146.1
2023-08-30,5,5,176.34
2023-08-31,5,5,133.56
2023-09-01,5,5,154.42
2023-09-02,5,5,140.95
2023-09-03,5,5,133.5
2023-09-04,5,5,173.36
2023-09-05,5,5,139.32
2023-09-06,5,5,145.98
2023-09-07,5,5,156.37
2023-09-08,5,5,122.85
2023-09-09,5,5,195.03
2023-09-10,5,5,191.2
2023-09-11,5,5,107.7
2023-09-12,5,5,164.1
2023-09-13,5,5,160.06
2023-09-14,5,5,108.13
2023-09-15,5,5,138.02
2023-09-16,5,5,168.26
2023-09-17,5,5,211.51
2023-09-18,5,5,105.84
2023-09-19,5,5,206.91
2023-09-20,5,5,130.89
2023-09-21,5,5,149.39
2023-09-22,5,5,162.58
2023-09-23,5,5,169.9
2023-09-24,5,5,172.14
2023-09-25,5,5,124.65
2023-09-26,5,5,116.98
2023-09-27,5,5,140.49
2023-09-28,5,5,132.33
2023-09-29,5,5,124.82
2023-09-30,5,5,163.91
2023-10-01,5,5,197.52
2023-10-02,5,5,123.19
2023-10-03,5,5,134.83
2023-10-04,5,5,158.99
2023-10-05,5,5,145.39
2023-10-06,5,5,118.19
2023-10-07,5,5,181.81
2023-10-08,5,5,194.55
2023-10-09,5,5,161.38
2023-10-10,5,5,124.68
2023-10-11,5,5,128.91
2023-10-12,5,5,126.11
2023-10-13,5,5,127.23
2023-10-14,5,5,194.38
2023-10-15,5,5,199.71
2023-10-16,5,5,163.38
2023-10-17,5,5,139.28
2023-10-18,5,5,111.51
2023-10-19,5,5,155.58
2023-10-20,5,5,144.85
2023-10-21,5,5,185.68
2023-10-22,5,5,148.69
2023-10-23,5,5,137.56
2023-10-24,5,5,116.42
2023-10-25,5,5,152.15
2023-10-26,5,5,132.83
2023-10-27,5,5,131.0
2023-10-28,5,5,142.19
2023-10-29,5,5,213.4
2023-10-30,5,5,136.8
2023-10-31,5,5,144.27
2023-11-01,5,5,138.0
2023-11-02,5,5,116.78
2023-11-03,5,5,142.91
2023-11-04,5,5,190.75
2023-11-05,5,5,211.0
2023-11-06,5,5,147.29
2023-11-07,5,5,138.89
2023-11-08,5,5,120.64
2023-11-09,5,5,156.99
2023-11-10,5,5,137.31
2023-11-11,5,5,243.04
2023-11-12,5,5,207.54
2023-11-13,5,5,169.4
2023-11-14,5,5,150.49
2023-11-15,5,5,161.13
2023-11-16,5,5,135.59
2023-11-17,5,5,128.92
2023-11-18,5,5,204.16
2023-11-19,5,5,221.26
2023-11-20,5,5,111.09
2023-11-21,5,5,145.22
2023-11-22,5,5,200.46
2023-11-23,5,5,168.45
2023-11-24,5,5,193.52
2023-11-25,5,5,185.09
2023-11-26,5,5,190.61
2023-11-27,5,5,180.37
2023-11-28,5,5,172.36
2023-11-29,5,5,155.48
2023-11-30,5,5,127.92
2023-12-01,5,5,205.89
2023-12-02,5,5,314.14
2023-12-03,5,5,174.51
2023-12-04,5,5,212.76
2023-12-05,5,5,163.5
2023-12-06,5,5,167.16
2023-12-07,5,5,183.18
2023-12-08,5,5,144.31
2023-12-09,5,5,227.87
2023-12-10,5,5,173.87
2023-12-11,5,5,189.08
2023-12-12,5,5,235.74
2023-12-13,5,5,159.73
2023-12-14,5,5,172.31
2023-12-15,5,5,173.72
2023-12-16,5,5,264.14
2023-12-17,5,5,244.23
2023-12-18,5,5,201.66
2023-12-19,5,5,163.84
2023-12-20,5,5,188.94
2023-12-21,5,5,87.84
2023-12-22,5,5,195.39
2023-12-23,5,5,188.83
2023-12-24,5,5,219.8
2023-12-25,5,5,197.81
2023-12-26,5,5,137.01
2023-12-27,5,5,207.24
2023-12-28,5,5,174.91
2023-12-29,5,5,217.21
2023-12-30,5,5,200.55
2023-12-31,5,5,168.99
2022-01-01,5,6,81.07
2022-01-02,5,6,103.17
2022-01-03,5,6,73.96
2022-01-04,5,6,105.17
2022-01-05,5,6,83.21
2022-01-06,5,6,83.96
2022-01-07,5,6,78.48
2022-01-08,5,6,125.53
2022-01-09,5,6,113.55
2022-01-10,5,6,100.0
2022-01-11,5,6,94.48
2022-01-12,5,6,76.94
2022-01-13,5,6,90.69
2022-01-14,5,6,91.82
2022-01-15,5,6,121.56
2022-01-16,5,6,113.0
2022-01-17,5,6,65.53
2022-01-18,5,6,81.79
2022-01-19,5,6,83.6
2022-01-20,5,6,83.18
2022-01-21,5,6,96.57
2022-01-22,5,6,96.87
2022-01-23,5,6,109.51
2022-01-24,5,6,81.77
2022-01-25,5,6,91.19
2022-01-26,5,6,105.27
2022-01-27,5,6,90.61
2022-01-28,5,6,89.88
2022-01-29,5,6,91.43
2022-01-30,5,6,83.03
2022-01-31,5,6,86.39
2022-02-01,5,6,86.34
2022-02-02,5,6,95.05
2022-02-03,5,6,80.81
2022-02-04,5,6,107.82
2022-02-05,5,6,95.12
2022-02-06,5,6,112.61
2022-02-07,5,6,84.09
2022-02-08,5,6,104.15
2022-02-09,5,6,86.41
2022-02-10,5,6,81.83
2022-02-11,5,6,90.77
2022-02-12,5,6,102.89
2022-02-13,5,6,116.42
2022-02-14,5,6,88.19
2022-02-15,5,6,129.04
2022-02-16,5,6,83.86
2022-02-17,5,6,88.99
2022-02-18,5,6,93.24
2022-02-19,5,6,122.3
2022-02-20,5,6,135.99
2022-02-21,5,6,116.64
2022-02-22,5,6,79.74
2022-02-23,5,6,96.68
2022-02-24,5,6,88.56
2022-02-25,5,6,95.39
2022-02-26,5,6,137.96
2022-02-27,5,6,147.28
2022-02-28,5,6,103.1
2022-03-01,5,6,97.73
2022-03-02,5,6,107.78
2022-03-03,5,6,81.69
2022-03-04,5,6,83.39
2022-03-05,5,6,124.85
2022-03-06,5,6,143.16
2022-03-07,5,6,89.68
2022-03-08,5,6,91.25
2022-03-09,5,6,66.06
2022-03-10,5,6,127.82
2022-03-11,5,6,90.95
2022-03-12,5,6,72.17
2022-03-13,5,6,125.76
2022-03-14,5,6,101.16
2022-03-15,5,6,91.29
2022-03-16,5,6,81.72
2022-03-17,5,6,107.48
2022-03-18,5,6,105.95
2022-03-19,5,6,133.11
2022-03-20,5,6,109.33
2022-03-21,5,6,86.4
2022-03-22,5,6,90.16
2022-03-23,5,6,89.33
2022-03-24,5,6,104.29
2022-03-25,5,6,89.78
2022-03-26,5,6,106.48
2022-03-27,5,6,132.18
2022-03-28,5,6,129.81
2022-03-29,5,6,84.48
2022-03-30,5,6,85.67
2022-03-31,5,6,94.2
2022-04-01,5,6,104.56
2022-04-02,5,6,132.55
2022-04-03,5,6,120.13
2022-04-04,5,6,88.0
2022-04-05,5,6,123.93
2022-04-06,5,6,110.52
2022-04-07,5,6,119.0
2022-04-08,5,6,104.47
2022-04-09,5,6,121.25
2022-04-10,5,6,130.44
2022-04-11,5,6,120.45
2022-04-12,5,6,102.16
2022-04-13,5,6,70.47
2022-04-14,5,6,115.01
2022-04-15,5,6,116.46
2022-04-16,5,6,146.72
2022-04-17,5,6,98.92
2022-04-18,5,6,100.9
2022-04-19,5,6,110.13
2022-04-20,5,6,95.77
2022-04-21,5,6,101.09
2022-04-22,5,6,103.75
2022-04-23,5,6,109.1
2022-04-24,5,6,133.44
2022-04-25,5,6,81.78
2022-04-26,5,6,94.58
2022-04-27,5,6,87.83
2022-04-28,5,6,108.86
2022-04-29,5,6,105.98
2022-04-30,5,6,135.99
2022-05-01,5,6,122.58
2022-05-02,5,6,96.47
2022-05-03,5,6,117.94
2022-05-04,5,6,108.73
2022-05-05,5,6,77.69
2022-05-06,5,6,83.59
2022-05-07,5,6,114.54
2022-05-08,5,6,114.04
2022-05-09,5,6,79.81
2022-05-10,5,6,99.22
2022-05-11,5,6,90.44
2022-05-12,5,6,94.34
2022-05-13,5,6,67.99
2022-05-14,5,6,90.9
2022-05-15,5,6,109.41
2022-05-16,5,6,100.04
2022-05-17,5,6,98.34
2022-05-18,5,6,105.72
2022-05-19,5,6,82.26
2022-05-20,5,6,101.46
2022-05-21,5,6,147.18
2022-05-22,5,6,136.46
2022-05-23,5,6,74.36
2022-05-24,5,6,107.67
2022-05-25,5,6,96.93
2022-05-26,5,6,98.79
2022-05-27,5,6,127.22
2022-05-28,5,6,124.9
2022-05-29,5,6,131.96
2022-05-30,5,6,94.11
2022-05-31,5,6,89.5
2022-06-01,5,6,89.14
2022-06-02,5,6,79.05
2022-06-03,5,6,86.51
2022-06-04,5,6,105.18
2022-06-05,5,6,75.88
2022-06-06,5,6,78.62
2022-06-07,5,6,97.14
2022-06-08,5,6,91.66
2022-06-09,5,6,82.12
2022-06-10,5,6,86.44
2022-06-11,5,6,97.44
2022-06-12,5,6,99.31
2022-06-13,5,6,85.49
2022-06-14,5,6,82.71
2022-06-15,5,6,75.88
2022-06-16,5,6,84.76
2022-06-17,5,6,71.39
2022-06-18,5,6,137.83
2022-06-19,5,6,126.58
2022-06-20,5,6,57.93
2022-06-21,5,6,96.8
2022-06-22,5,6,81.25
2022-06-23,5,6,79.07
2022-06-24,5,6,95.94
2022-06-25,5,6,109.76
2022-06-26,5,6,105.74
2022-06-27,5,6,69.2
2022-06-28,5,6,98.38
2022-06-29,5,6,100.04
2022-06-30,5,6,88.74
2022-07-01,5,6,64.4
2022-07-02,5,6,106.16
2022-07-03,5,6,111.41
2022-07-04,5,6,77.94
2022-07-05,5,6,88.67
2022-07-06,5,6,80.37
2022-07-07,5,6,82.02
2022-07-08,5,6,95.95
2022-07-09,5,6,94.62
2022-07-10,5,6,78.19
2022-07-11,5,6,76.71
2022-07-12,5,6,72.11
2022-07-13,5,6,62.03
2022-07-14,5,6,86.27
2022-07-15,5,6,78.98
2022-07-16,5,6,74.68
2022-07-17,5,6,126.69
2022-07-18,5,6,70.53
2022-07-19,5,6,71.92
2022-07-20,5,6,90.51
2022-07-21,5,6,84.47
2022-07-22,5,6,92.45
2022-07-23,5,6,69.56
2022-07-24,5,6,99.0
2022-07-25,5,6,81.23
2022-07-26,5,6,95.26
2022-07-27,5,6,69.66
2022-07-28,5,6,75.75
2022-07-29,5,6,81.59
2022-07-30,5,6,115.83
2022-07-31,5,6,86.73
2022-08-01,5,6,82.54
2022-08-02,5,6,67.13
2022-08-03,5,6,77.85
2022-08-04,5,6,71.63
2022-08-05,5,6,76.87
2022-08-06,5,6,99.11
2022-08-07,5,6,114.55
2022-08-08,5,6,71.39
2022-08-09,5,6,70.71
2022-08-10,5,6,86.01
2022-08-11,5,6,89.77
2022-08-12,5,6,69.84
2022-08-13,5,6,106.64
2022-08-14,5,6,84.3
2022-08-15,5,6,82.23
2022-08-16,5,6,84.78
2022-08-17,5,6,71.48
2022-08-18,5,6,87.05
2022-08-19,5,6,71.73
2022-08-20,5,6,97.51
2022-08-21,5,6,102.94
2022-08-22,5,6,64.08
2022-08-23,5,6,59.65
2022-08-24,5,6,78.13
2022-08-25,5,6,66.69
2022-08-26,5,6,61.35
2022-08-27,5,6,108.98
2022-08-28,5,6,120.04
2022-08-29,5,6,84.96
2022-08-30,5,6,61.96
2022-08-31,5,6,77.42
2022-09-01,5,6,69.63
2022-09-02,5,6,63.73
2022-09-03,5,6,96.29
2022-09-04,5,6,94.19
2022-09-05,5,6,70.7
2022-09-06,5,6,84.18
2022-09-07,5,6,87.68
2022-09-08,5,6,69.87
2022-09-09,5,6,71.51
2022-09-10,5,6,92.06
2022-09-11,5,6,103.08
2022-09-12,5,6,77.33
2022-09-13,5,6,65.88
2022-09-14,5,6,72.36
2022-09-15,5,6,57.26
2022-09-16,5,6,56.48
2022-09-17,5,6,79.12
2022-09-18,5,6,92.59
2022-09-19,5,6,80.87
2022-09-20,5,6,65.43
2022-09-21,5,6,72.79
2022-09-22,5,6,76.69
2022-09-23,5,6,91.43
2022-09-24,5,6,97.49
2022-09-25,5,6,98.22
2022-09-26,5,6,67.72
2022-09-27,5,6,95.08
2022-09-28,5,6,83.16
2022-09-29,5,6,62.22
2022-09-30,5,6,91.51
2022-10-01,5,6,111.28
2022-10-02,5,6,104.08
2022-10-03,5,6,85.07
2022-10-04,5,6,90.67
2022-10-05,5,6,68.77
2022-10-06,5,6,73.06
2022-10-07,5,6,77.2
2022-10-08,5,6,82.23
2022-10-09,5,6,112.17
2022-10-10,5,6,74.62
2022-10-11,5,6,73.39
2022-10-12,5,6,70.44
2022-10-13,5,6,77.62
2022-10-14,5,6,79.9
2022-10-15,5,6,116.75
2022-10-16,5,6,117.27
2022-10-17,5,6,64.95
2022-10-18,5,6,83.73
2022-10-19,5,6,92.84
2022-10-20,5,6,75.82
2022-10-21,5,6,76.5
2022-10-22,5,6,96.05
2022-10-23,5,6,110.46
2022-10-24,5,6,82.07
2022-10-25,5,6,90.31
2022-10-26,5,6,77.49
2022-10-27,5,6,93.77
2022-10-28,5,6,86.0
2022-10-29,5,6,120.8
2022-10-30,5,6,93.58
2022-10-31,5,6,97.71
2022-11-01,5,6,79.0
2022-11-02,5,6,79.66
2022-11-03,5,6,81.21
2022-11-04,5,6,79.89
2022-11-05,5,6,144.29
2022-11-06,5,6,121.26
2022-11-07,5,6,93.01
2022-11-08,5,6,62.06
2022-11-09,5,6,103.43
2022-11-10,5,6,73.26
2022-11-11,5,6,86.37
2022-11-12,5,6,101.04
2022-11-13,5,6,117.13
2022-11-14,5,6,107.07
2022-11-15,5,6,74.54
2022-11-16,5,6,77.77
2022-11-17,5,6,89.06
2022-11-18,5,6,107.86
2022-11-19,5,6,106.34
2022-11-20,5,6,101.45
2022-11-21,5,6,89.65
2022-11-22,5,6,87.66
2022-11-23,5,6,74.16
2022-11-24,5,6,82.37
2022-11-25,5,6,61.86
2022-11-26,5,6,113.66
2022-11-27,5,6,92.91
2022-11-28,5,6,120.54
2022-11-29,5,6,95.35
2022-11-30,5,6,91.45
2022-12-01,5,6,105.7
2022-12-02,5,6,90.8
2022-12-03,5,6,124.81
2022-12-04,5,6,137.31
2022-12-05,5,6,83.87
2022-12-06,5,6,108.4
2022-12-07,5,6,129.5
2022-12-08,5,6,76.61
2022-12-09,5,6,106.42
2022-12-10,5,6,112.46
2022-12-11,5,6,141.6
2022-12-12,5,6,103.79
2022-12-13,5,6,126.7
2022-12-14,5,6,124.16
2022-12-15,5,6,77.48
2022-12-16,5,6,110.41
2022-12-17,5,6,143.31
2022-12-18,5,6,151.97
2022-12-19,5,6,106.31
2022-12-20,5,6,108.24
2022-12-21,5,6,84.03
2022-12-22,5,6,105.8
2022-12-23,5,6,96.34
2022-12-24,5,6,142.82
2022-12-25,5,6,127.8
2022-12-26,5,6,106.49
2022-12-27,5,6,109.1
2022-12-28,5,6,109.46
2022-12-29,5,6,88.85
2022-12-30,5,6,136.4
2022-12-31,5,6,135.17
2023-01-01,5,6,156.92
2023-01-02,5,6,111.31
2023-01-03,5,6,92.06
2023-01-04,5,6,123.47
2023-01-05,5,6,115.03
2023-01-06,5,6,125.41
2023-01-07,5,6,129.61
2023-01-08,5,6,136.89
2023-01-09,5,6,115.36
2023-01-10,5,6,111.79
2023-01-11,5,6,106.3
2023-01-12,5,6,115.63
2023-01-13,5,6,135.08
2023-01-14,5,6,154.64
2023-01-15,5,6,170.28
2023-01-16,5,6,108.66
2023-01-17,5,6,112.46
2023-01-18,5,6,115.7
2023-01-19,5,6,104.26
2023-01-20,5,6,116.01
2023-01-21,5,6,179.64
2023-01-22,5,6,183.62
2023-01-23,5,6,135.14
2023-01-24,5,6,117.25
2023-01-25,5,6,100.09
2023-01-26,5,6,153.49
2023-01-27,5,6,103.7
2023-01-28,5,6,179.59
2023-01-29,5,6,154.3
2023-01-30,5,6,95.15
2023-01-31,5,6,87.63
2023-02-01,5,6,145.35
2023-02-02,5,6,109.98
2023-02-03,5,6,97.67
2023-02-04,5,6,150.36
2023-02-05,5,6,156.67
2023-02-06,5,6,127.41
2023-02-07,5,6,126.56
2023-02-08,5,6,107.59
2023-02-09,5,6,120.98
2023-02-10,5,6,152.22
2023-02-11,5,6,132.6
2023-02-12,5,6,168.71
2023-02-13,5,6,102.12
2023-02-14,5,6,113.89
2023-02-15,5,6,142.1
2023-02-16,5,6,84.48
2023-02-17,5,6,159.93
2023-02-18,5,6,127.55
2023-02-19,5,6,110.63
2023-02-20,5,6,122.26
2023-02-21,5,6,114.14
2023-02-22,5,6,110.75
2023-02-23,5,6,133.91
2023-02-24,5,6,105.27
2023-02-25,5,6,172.62
2023-02-26,5,6,178.89
2023-02-27,5,6,97.29
2023-02-28,5,6,141.47
2023-03-01,5,6,140.03
2023-03-02,5,6,154.81
2023-03-03,5,6,125.76
2023-03-04,5,6,143.0
2023-03-05,5,6,194.35
2023-03-06,5,6,126.84
2023-03-07,5,6,160.46
2023-03-08,5,6,139.51
2023-03-09,5,6,125.69
2023-03-10,5,6,109.58
2023-03-11,5,6,161.7
2023-03-12,5,6,187.49
2023-03-13,5,6,97.91
2023-03-14,5,6,118.93
2023-03-15,5,6,96.03
2023-03-16,5,6,107.0
2023-03-17,5,6,115.25
2023-03-18,5,6,158.37
2023-03-19,5,6,173.94
2023-03-20,5,6,140.54
2023-03-21,5,6,153.65
2023-03-22,5,6,157.95
2023-03-23,5,6,150.07
2023-03-24,5,6,120.25
2023-03-25,5,6,171.69
2023-03-26,5,6,151.99
2023-03-27,5,6,132.57
2023-03-28,5,6,124.78
2023-03-29,5,6,106.02
2023-03-30,5,6,155.92
2023-03-31,5,6,160.95
2023-04-01,5,6,144.42
2023-04-02,5,6,175.8
2023-04-03,5,6,112.06
2023-04-04,5,6,124.11
2023-04-05,5,6,115.67
2023-04-06,5,6,113.95
2023-04-07,5,6,129.45
2023-04-08,5,6,119.15
2023-04-09,5,6,151.0
2023-04-10,5,6,202.09
2023-04-11,5,6,97.03
2023-04-12,5,6,119.09
2023-04-13,5,6,131.84
2023-04-14,5,6,123.06
2023-04-15,5,6,145.67
2023-04-16,5,6,188.54
2023-04-17,5,6,129.57
2023-04-18,5,6,114.95
2023-04-19,5,6,143.22
2023-04-20,5,6,116.94
2023-04-21,5,6,110.39
2023-04-22,5,6,179.88
2023-04-23,5,6,132.98
2023-04-24,5,6,160.9
2023-04-25,5,6,156.39
2023-04-26,5,6,137.96
2023-04-27,5,6,116.45
2023-04-28,5,6,107.22
2023-04-29,5,6,101.99
2023-04-30,5,6,206.49
2023-05-01,5,6,102.51
2023-05-02,5,6,126.41
2023-05-03,5,6,123.7
2023-05-04,5,6,90.04
2023-05-05,5,6,109.37
2023-05-06,5,6,129.87
2023-05-07,5,6,175.19
2023-05-08,5,6,135.65
2023-05-09,5,6,116.18
2023-05-10,5,6,105.42
2023-05-11,5,6,124.16
2023-05-12,5,6,140.91
2023-05-13,5,6,122.26
2023-05-14,5,6,207.15
2023-05-15,5,6,116.65
2023-05-16,5,6,119.0
2023-05-17,5,6,150.39
2023-05-18,5,6,120.31
2023-05-19,5,6,119.49
2023-05-20,5,6,136.29
2023-05-21,5,6,144.35
2023-05-22,5,6,108.76
2023-05-23,5,6,89.49
2023-05-24,5,6,83.8
2023-05-25,5,6,117.65
2023-05-26,5,6,96.7
2023-05-27,5,6,174.2
2023-05-28,5,6,153.51
2023-05-29,5,6,92.96
2023-05-30,5,6,150.26
2023-05-31,5,6,114.55
2023-06-01,5,6,119.92
2023-06-02,5,6,138.87
2023-06-03,5,6,144.17
2023-06-04,5,6,145.31
2023-06-05,5,6,135.69
2023-06-06,5,6,106.76
2023-06-07,5,6,129.75
2023-06-08,5,6,110.59
2023-06-09,5,6,114.77
2023-06-10,5,6,148.99
2023-06-11,5,6,137.59
2023-06-12,5,6,103.13
2023-06-13,5,6,101.22
2023-06-14,5,6,90.46
2023-06-15,5,6,104.82
2023-06-16,5,6,107.95
2023-06-17,5,6,155.18
2023-06-18,5,6,144.31
2023-06-19,5,6,130.85
2023-06-20,5,6,130.17
2023-06-21,5,6,135.55
2023-06-22,5,6,109.44
2023-06-23,5,6,104.28
2023-06-24,5,6,116.78
2023-06-25,5,6,175.86
2023-06-26,5,6,93.56
2023-06-27,5,6,97.93
2023-06-28,5,6,117.14
2023-06-29,5,6,108.12
2023-06-30,5,6,138.08
2023-07-01,5,6,117.53
2023-07-02,5,6,133.49
2023-07-03,5,6,73.87
2023-07-04,5,6,121.29
2023-07-05,5,6,76.69
2023-07-06,5,6,140.75
2023-07-07,5,6,100.76
2023-07-08,5,6,127.67
2023-07-09,5,6,132.88
2023-07-10,5,6,86.21
2023-07-11,5,6,112.98
2023-07-12,5,6,96.59
2023-07-13,5,6,98.14
2023-07-14,5,6,122.89
2023-07-15,5,6,99.45
2023-07-16,5,6,130.17
2023-07-17,5,6,101.53
2023-07-18,5,6,105.43
2023-07-19,5,6,94.74
2023-07-20,5,6,98.48
2023-07-21,5,6,132.2
2023-07-22,5,6,144.71
2023-07-23,5,6,118.97
2023-07-24,5,6,113.84
2023-07-25,5,6,104.47
2023-07-26,5,6,115.38
2023-07-27,5,6,100.71
2023-07-28,5,6,91.36
2023-07-29,5,6,101.38
2023-07-30,5,6,158.7
2023-07-31,5,6,114.84
2023-08-01,5,6,100.87
2023-08-02,5,6,105.13
2023-08-03,5,6,113.65
2023-08-04,5,6,71.71
2023-08-05,5,6,126.34
2023-08-06,5,6,90.95
2023-08-07,5,6,90.43
2023-08-08,5,6,100.93
2023-08-09,5,6,91.15
2023-08-10,5,6,121.74
2023-08-11,5,6,92.14
2023-08-12,5,6,110.85
2023-08-13,5,6,126.01
2023-08-14,5,6,81.53
2023-08-15,5,6,83.89
2023-08-16,5,6,110.23
2023-08-17,5,6,111.08
2023-08-18,5,6,99.06
2023-08-19,5,6,137.41
2023-08-20,5,6,165.43
2023-08-21,5,6,96.11
2023-08-22,5,6,84.4
2023-08-23,5,6,104.88
2023-08-24,5,6,109.31
2023-08-25,5,6,110.81
2023-08-26,5,6,148.14
2023-08-27,5,6,145.4
2023-08-28,5,6,104.98
2023-08-29,5,6,106.74
2023-08-30,5,6,103.51
2023-08-31,5,6,74.3
2023-09-01,5,6,70.11
2023-09-02,5,6,103.46
2023-09-03,5,6,138.07
2023-09-04,5,6,88.42
2023-09-05,5,6,96.63
2023-09-06,5,6,116.97
2023-09-07,5,6,110.23
2023-09-08,5,6,63.95
2023-09-09,5,6,136.93
2023-09-10,5,6,124.53
2023-09-11,5,6,85.7
2023-09-12,5,6,90.44
2023-09-13,5,6,90.69
2023-09-14,5,6,76.49
2023-09-15,5,6,98.78
2023-09-16,5,6,164.41
2023-09-17,5,6,142.92
2023-09-18,5,6,66.45
2023-09-19,5,6,99.69
2023-09-20,5,6,99.75
2023-09-21,5,6,81.36
2023-09-22,5,6,78.31
2023-09-23,5,6,141.24
2023-09-24,5,6,126.52
2023-09-25,5,6,89.01
2023-09-26,5,6,104.6
2023-09-27,5,6,126.47
2023-09-28,5,6,99.76
2023-09-29,5,6,100.31
2023-09-30,5,6,124.61
2023-10-01,5,6,121.67
2023-10-02,5,6,111.73
2023-10-03,5,6,96.69
2023-10-04,5,6,107.1
2023-10-05,5,6,122.13
2023-10-06,5,6,110.89
2023-10-07,5,6,104.96
2023-10-08,5,6,103.89
2023-10-09,5,6,118.72
2023-10-10,5,6,98.31
2023-10-11,5,6,103.97
2023-10-12,5,6,88.22
2023-10-13,5,6,109.43
2023-10-14,5,6,167.21
2023-10-15,5,6,133.35
2023-10-16,5,6,110.11
2023-10-17,5,6,119.18
2023-10-18,5,6,125.8
2023-10-19,5,6,90.3
2023-10-20,5,6,106.84
2023-10-21,5,6,155.89
2023-10-22,5,6,161.46
2023-10-23,5,6,94.38
2023-10-24,5,6,90.71
2023-10-25,5,6,98.56
2023-10-26,5,6,96.11
2023-10-27,5,6,96.8
2023-10-28,5,6,139.53
2023-10-29,5,6,120.82
2023-10-30,5,6,124.88
2023-10-31,5,6,95.12
2023-11-01,5,6,100.35
2023-11-02,5,6,91.0
2023-11-03,5,6,131.26
2023-11-04,5,6,115.78
2023-11-05,5,6,153.59
2023-11-06,5,6,122.16
2023-11-07,5,6,62.27
2023-11-08,5,6,89.02
2023-11-09,5,6,104.55
2023-11-10,5,6,142.41
2023-11-11,5,6,136.08
2023-11-12,5,6,133.44
2023-11-13,5,6,98.6
2023-11-14,5,6,98.4
2023-11-15,5,6,100.63
2023-11-16,5,6,100.07
2023-11-17,5,6,99.42
2023-11-18,5,6,129.29
2023-11-19,5,6,136.65
2023-11-20,5,6,127.47
2023-11-21,5,6,92.85
2023-11-22,5,6,100.85
2023-11-23,5,6,103.04
2023-11-24,5,6,111.82
2023-11-25,5,6,128.81
2023-11-26,5,6,190.85
2023-11-27,5,6,121.82
2023-11-28,5,6,128.47
2023-11-29,5,6,116.16
2023-11-30,5,6,135.86
2023-12-01,5,6,103.37
2023-12-02,5,6,148.71
2023-12-03,5,6,142.49
2023-12-04,5,6,121.77
2023-12-05,5,6,154.76
2023-12-06,5,6,166.41
2023-12-07,5,6,143.13
2023-12-08,5,6,123.43
2023-12-09,5,6,190.33
2023-12-10,5,6,199.32
2023-12-11,5,6,147.64
2023-12-12,5,6,123.05
2023-12-13,5,6,123.62
2023-12-14,5,6,113.3
2023-12-15,5,6,121.16
2023-12-16,5,6,144.0
2023-12-17,5,6,162.13
2023-12-18,5,6,125.57
2023-12-19,5,6,109.75
2023-12-20,5,6,176.97
2023-12-21,5,6,131.83
2023-12-22,5,6,150.79
2023-12-23,5,6,193.87
2023-12-24,5,6,212.29
2023-12-25,5,6,109.31
2023-12-26,5,6,116.24
2023-12-27,5,6,92.2
2023-12-28,5,6,95.99
2023-12-29,5,6,107.61
2023-12-30,5,6,161.2
2023-12-31,5,6,162.72
2022-01-01,5,7,222.4
2022-01-02,5,7,342.81
2022-01-03,5,7,248.62
2022-01-04,5,7,262.21
2022-01-05,5,7,253.68
2022-01-06,5,7,282.98
2022-01-07,5,7,244.99
2022-01-08,5,7,371.43
2022-01-09,5,7,285.22
2022-01-10,5,7,221.74
2022-01-11,5,7,300.13
2022-01-12,5,7,299.66
2022-01-13,5,7,270.72
2022-01-14,5,7,216.24
2022-01-15,5,7,277.47
2022-01-16,5,7,389.76
2022-01-17,5,7,298.03
2022-01-18,5,7,248.11
2022-01-19,5,7,338.83
2022-01-20,5,7,268.27
2022-01-21,5,7,209.52
2022-01-22,5,7,313.42
2022-01-23,5,7,327.52
2022-01-24,5,7,255.25
2022-01-25,5,7,299.52
2022-01-26,5,7,216.26
2022-01-27,5,7,202.24
2022-01-28,5,7,275.82
2022-01-29,5,7,304.14
2022-01-30,5,7,449.28
2022-01-31,5,7,289.6
2022-02-01,5,7,249.51
2022-02-02,5,7,320.44
2022-02-03,5,7,301.11
2022-02-04,5,7,297.46
2022-02-05,5,7,346.99
2022-02-06,5,7,376.13
2022-02-07,5,7,186.49
2022-02-08,5,7,326.56
2022-02-09,5,7,132.27
2022-02-10,5,7,255.1
2022-02-11,5,7,208.02
2022-02-12,5,7,329.13
2022-02-13,5,7,352.25
2022-02-14,5,7,225.03
2022-02-15,5,7,160.28
2022-02-16,5,7,283.33
2022-02-17,5,7,361.14
2022-02-18,5,7,260.81
2022-02-19,5,7,409.81
2022-02-20,5,7,439.52
2022-02-21,5,7,197.41
2022-02-22,5,7,257.41
2022-02-23,5,7,223.67
2022-02-24,5,7,243.41
2022-02-25,5,7,347.92
2022-02-26,5,7,372.75
2022-02-27,5,7,403.7
2022-02-28,5,7,276.11
2022-03-01,5,7,232.89
2022-03-02,5,7,313.8
2022-03-03,5,7,338.67
2022-03-04,5,7,298.95
2022-03-05,5,7,398.57
2022-03-06,5,7,302.83
2022-03-07,5,7,316.52
2022-03-08,5,7,344.28
2022-03-09,5,7,304.11
2022-03-10,5,7,209.63
2022-03-11,5,7,357.72
2022-03-12,5,7,320.8
2022-03-13,5,7,395.88
2022-03-14,5,7,329.23
2022-03-15,5,7,335.02
2022-03-16,5,7,210.67
2022-03-17,5,7,293.94
2022-03-18,5,7,291.34
2022-03-19,5,7,457.43
2022-03-20,5,7,402.48
2022-03-21,5,7,352.92
2022-03-22,5,7,313.71
2022-03-23,5,7,287.24
2022-03-24,5,7,299.2
2022-03-25,5,7,357.52
2022-03-26,5,7,305.0
2022-03-27,5,7,430.52
2022-03-28,5,7,264.34
2022-03-29,5,7,255.17
2022-03-30,5,7,337.23
2022-03-31,5,7,253.86
2022-04-01,5,7,302.55
2022-04-02,5,7,345.27
2022-04-03,5,7,241.09
2022-04-04,5,7,307.72
2022-04-05,5,7,292.85
2022-04-06,5,7,205.25
2022-04-07,5,7,257.76
2022-04-08,5,7,210.08
2022-04-09,5,7,416.15
2022-04-10,5,7,453.47
2022-04-11,5,7,325.8
2022-04-12,5,7,332.16
2022-04-13,5,7,267.02
2022-04-14,5,7,313.54
2022-04-15,5,7,289.64
2022-04-16,5,7,387.87
2022-04-17,5,7,431.97
2022-04-18,5,7,342.1
2022-04-19,5,7,274.06
2022-04-20,5,7,229.83
2022-04-21,5,7,283.41
2022-04-22,5,7,282.27
2022-04-23,5,7,395.98
2022-04-24,5,7,427.61
2022-04-25,5,7,208.61
2022-04-26,5,7,263.44
2022-04-27,5,7,250.79
2022-04-28,5,7,348.51
2022-04-29,5,7,284.53
2022-04-30,5,7,352.76
2022-05-01,5,7,387.59
2022-05-02,5,7,251.56
2022-05-03,5,7,275.74
2022-05-04,5,7,351.88
2022-05-05,5,7,351.04
2022-05-06,5,7,260.17
2022-05-07,5,7,350.69
2022-05-08,5,7,327.37
2022-05-09,5,7,197.58
2022-05-10,5,7,321.31
2022-05-11,5,7,379.43
2022-05-12,5,7,260.05
2022-05-13,5,7,244.67
2022-05-14,5,7,347.95
2022-05-15,5,7,367.75
2022-05-16,5,7,231.95
2022-05-17,5,7,260.57
2022-05-18,5,7,322.7
2022-05-19,5,7,285.66
2022-05-20,5,7,334.02
2022-05-21,5,7,385.01
2022-05-22,5,7,305.68
2022-05-23,5,7,256.99
2022-05-24,5,7,292.03
2022-05-25,5,7,234.34
2022-05-26,5,7,229.05
2022-05-27,5,7,231.8
2022-05-28,5,7,395.7
2022-05-29,5,7,347.41
2022-05-30,5,7,333.21
2022-05-31,5,7,245.17
2022-06-01,5,7,162.73
2022-06-02,5,7,252.9
2022-06-03,5,7,321.99
2022-06-04,5,7,337.67
2022-06-05,5,7,267.02
2022-06-06,5,7,195.79
2022-06-07,5,7,305.63
2022-06-08,5,7,227.9
2022-06-09,5,7,319.55
2022-06-10,5,7,285.24
2022-06-11,5,7,298.95
2022-06-12,5,7,397.48
2022-06-13,5,7,224.33
2022-06-14,5,7,204.06
2022-06-15,5,7,226.95
2022-06-16,5,7,291.2
2022-06-17,5,7,305.92
2022-06-18,5,7,319.81
2022-06-19,5,7,244.93
2022-06-20,5,7,200.81
2022-06-21,5,7,220.22
2022-06-22,5,7,211.5
2022-06-23,5,7,273.12
2022-06-24,5,7,339.31
2022-06-25,5,7,382.87
2022-06-26,5,7,284.4
2022-06-27,5,7,236.11
2022-06-28,5,7,244.03
2022-06-29,5,7,279.42
2022-06-30,5,7,326.51
2022-07-01,5,7,221.32
2022-07-02,5,7,381.15
2022-07-03,5,7,407.75
2022-07-04,5,7,226.09
2022-07-05,5,7,225.36
2022-07-06,5,7,226.09
2022-07-07,5,7,241.46
2022-07-08,5,7,226.56
2022-07-09,5,7,352.82
2022-07-10,5,7,239.34
2022-07-11,5,7,220.78
2022-07-12,5,7,252.09
2022-07-13,5,7,271.81
2022-07-14,5,7,319.87
2022-07-15,5,7,194.26
2022-07-16,5,7,282.69
2022-07-17,5,7,206.99
2022-07-18,5,7,201.24
2022-07-19,5,7,177.52
2022-07-20,5,7,222.93
2022-07-21,5,7,233.75
2022-07-22,5,7,259.3
2022-07-23,5,7,301.06
2022-07-24,5,7,337.67
2022-07-25,5,7,247.0
2022-07-26,5,7,205.37
2022-07-27,5,7,181.72
2022-07-28,5,7,264.76
2022-07-29,5,7,303.83
2022-07-30,5,7,437.57
2022-07-31,5,7,361.79
2022-08-01,5,7,273.45
2022-08-02,5,7,240.12
2022-08-03,5,7,234.94
2022-08-04,5,7,228.69
2022-08-05,5,7,221.56
2022-08-06,5,7,319.58
2022-08-07,5,7,270.26
2022-08-08,5,7,220.69
2022-08-09,5,7,185.96
2022-08-10,5,7,242.16
2022-08-11,5,7,193.69
2022-08-12,5,7,227.57
2022-08-13,5,7,316.71
2022-08-14,5,7,320.74
2022-08-15,5,7,253.25
2022-08-16,5,7,219.9
2022-08-17,5,7,243.93
2022-08-18,5,7,210.93
2022-08-19,5,7,160.4
2022-08-20,5,7,319.85
2022-08-21,5,7,309.79
2022-08-22,5,7,262.97
2022-08-23,5,7,227.59
2022-08-24,5,7,173.66
2022-08-25,5,7,225.69
2022-08-26,5,7,259.47
2022-08-27,5,7,319.24
2022-08-28,5,7,291.64
2022-08-29,5,7,172.29
2022-08-30,5,7,194.4
2022-08-31,5,7,246.4
2022-09-01,5,7,167.05
2022-09-02,5,7,212.21
2022-09-03,5,7,291.61
2022-09-04,5,7,340.22
2022-09-05,5,7,243.98
2022-09-06,5,7,255.85
2022-09-07,5,7,233.87
2022-09-08,5,7,195.53
2022-09-09,5,7,203.47
2022-09-10,5,7,250.78
2022-09-11,5,7,317.66
2022-09-12,5,7,201.26
2022-09-13,5,7,211.53
2022-09-14,5,7,225.76
2022-09-15,5,7,280.62
2022-09-16,5,7,247.57
2022-09-17,5,7,259.21
2022-09-18,5,7,300.11
2022-09-19,5,7,281.85
2022-09-20,5,7,246.93
2022-09-21,5,7,172.01
2022-09-22,5,7,195.35
2022-09-23,5,7,192.89
2022-09-24,5,7,358.54
2022-09-25,5,7,350.66
2022-09-26,5,7,205.85
2022-09-27,5,7,205.28
2022-09-28,5,7,229.03
2022-09-29,5,7,230.24
2022-09-30,5,7,194.97
2022-10-01,5,7,294.94
2022-10-02,5,7,239.77
2022-10-03,5,7,281.1
2022-10-04,5,7,173.86
2022-10-05,5,7,173.6
2022-10-06,5,7,252.05
2022-10-07,5,7,192.86
2022-10-08,5,7,284.92
2022-10-09,5,7,311.23
2022-10-10,5,7,261.39
2022-10-11,5,7,229.66
2022-10-12,5,7,301.16
2022-10-13,5,7,237.89
2022-10-14,5,7,280.62
2022-10-15,5,7,322.7
2022-10-16,5,7,409.1
2022-10-17,5,7,276.53
2022-10-18,5,7,240.39
2022-10-19,5,7,261.56
2022-10-20,5,7,229.84
2022-10-21,5,7,229.66
2022-10-22,5,7,250.55
2022-10-23,5,7,273.89
2022-10-24,5,7,314.12
2022-10-25,5,7,196.76
2022-10-26,5,7,216.68
2022-10-27,5,7,237.11
2022-10-28,5,7,238.5
2022-10-29,5,7,331.15
2022-10-30,5,7,291.31
2022-10-31,5,7,257.35
2022-11-01,5,7,307.83
2022-11-02,5,7,312.97
2022-11-03,5,7,252.64
2022-11-04,5,7,287.56
2022-11-05,5,7,283.77
2022-11-06,5,7,305.82
2022-11-07,5,7,217.52
2022-11-08,5,7,262.39
2022-11-09,5,7,230.33
2022-11-10,5,7,204.25
2022-11-11,5,7,249.48
2022-11-12,5,7,255.19
2022-11-13,5,7,413.42
2022-11-14,5,7,243.22
2022-11-15,5,7,304.88
2022-11-16,5,7,246.2
2022-11-17,5,7,218.34
2022-11-18,5,7,313.17
2022-11-19,5,7,350.96
2022-11-20,5,7,444.72
2022-11-21,5,7,248.15
2022-11-22,5,7,249.21
2022-11-23,5,7,307.51
2022-11-24,5,7,308.02
2022-11-25,5,7,273.79
2022-11-26,5,7,522.38
2022-11-27,5,7,333.78
2022-11-28,5,7,217.16
2022-11-29,5,7,228.07
2022-11-30,5,7,257.57
2022-12-01,5,7,366.77
2022-12-02,5,7,290.58
2022-12-03,5,7,480.27
2022-12-04,5,7,414.56
2022-12-05,5,7,348.3
2022-12-06,5,7,317.25
2022-12-07,5,7,317.13
2022-12-08,5,7,334.18
2022-12-09,5,7,274.96
2022-12-10,5,7,358.36
2022-12-11,5,7,411.75
2022-12-12,5,7,388.87
2022-12-13,5,7,231.74
2022-12-14,5,7,209.82
2022-12-15,5,7,289.91
2022-12-16,5,7,348.78
2022-12-17,5,7,396.01
2022-12-18,5,7,324.3
2022-12-19,5,7,306.34
2022-12-20,5,7,224.21
2022-12-21,5,7,331.79
2022-12-22,5,7,289.35
2022-12-23,5,7,299.9
2022-12-24,5,7,420.34
2022-12-25,5,7,407.51
2022-12-26,5,7,279.61
2022-12-27,5,7,351.75
2022-12-28,5,7,341.19
2022-12-29,5,7,223.81
2022-12-30,5,7,294.67
2022-12-31,5,7,332.72
2023-01-01,5,7,353.95
2023-01-02,5,7,363.48
2023-01-03,5,7,315.54
2023-01-04,5,7,329.74
2023-01-05,5,7,303.33
2023-01-06,5,7,356.19
2023-01-07,5,7,483.68
2023-01-08,5,7,582.35
2023-01-09,5,7,329.01
2023-01-10,5,7,264.91
2023-01-11,5,7,313.08
2023-01-12,5,7,381.99
2023-01-13,5,7,299.87
2023-01-14,5,7,343.15
2023-01-15,5,7,391.77
2023-01-16,5,7,312.72
2023-01-17,5,7,284.92
2023-01-18,5,7,351.51
2023-01-19,5,7,336.62
2023-01-20,5,7,381.28
2023-01-21,5,7,413.83
2023-01-22,5,7,480.96
2023-01-23,5,7,316.41
2023-01-24,5,7,283.96
2023-01-25,5,7,314.26
2023-01-26,5,7,259.27
2023-01-27,5,7,434.53
2023-01-28,5,7,455.26
2023-01-29,5,7,392.83
2023-01-30,5,7,323.91
2023-01-31,5,7,217.31
2023-02-01,5,7,445.65
2023-02-02,5,7,440.58
2023-02-03,5,7,373.19
2023-02-04,5,7,500.68
2023-02-05,5,7,387.21
2023-02-06,5,7,302.08
2023-02-07,5,7,274.55
2023-02-08,5,7,359.67
2023-02-09,5,7,427.55
2023-02-10,5,7,347.89
2023-02-11,5,7,505.22
2023-02-12,5,7,551.07
2023-02-13,5,7,279.78
2023-02-14,5,7,472.63
2023-02-15,5,7,434.72
2023-02-16,5,7,399.25
2023-02-17,5,7,422.36
2023-02-18,5,7,552.86
2023-02-19,5,7,504.11
2023-02-20,5,7,451.37
2023-02-21,5,7,346.74
2023-02-22,5,7,398.04
2023-02-23,5,7,446.37
2023-02-24,5,7,222.3
2023-02-25,5,7,516.82
2023-02-26,5,7,538.05
2023-02-27,5,7,277.84
2023-02-28,5,7,389.64
2023-03-01,5,7,337.08
2023-03-02,5,7,405.7
2023-03-03,5,7,377.72
2023-03-04,5,7,427.72
2023-03-05,5,7,581.86
2023-03-06,5,7,359.89
2023-03-07,5,7,399.81
2023-03-08,5,7,460.31
2023-03-09,5,7,331.88
2023-03-10,5,7,385.52
2023-03-11,5,7,463.71
2023-03-12,5,7,480.81
2023-03-13,5,7,510.66
2023-03-14,5,7,412.59
2023-03-15,5,7,404.58
2023-03-16,5,7,417.07
2023-03-17,5,7,411.91
2023-03-18,5,7,365.51
2023-03-19,5,7,677.26
2023-03-20,5,7,302.58
2023-03-21,5,7,488.85
2023-03-22,5,7,424.28
2023-03-23,5,7,399.09
2023-03-24,5,7,371.0
2023-03-25,5,7,703.48
2023-03-26,5,7,552.06
2023-03-27,5,7,390.66
2023-03-28,5,7,358.59
2023-03-29,5,7,351.82
2023-03-30,5,7,393.4
2023-03-31,5,7,336.16
2023-04-01,5,7,547.57
2023-04-02,5,7,449.1
2023-04-03,5,7,440.46
2023-04-04,5,7,439.48
2023-04-05,5,7,380.1
2023-04-06,5,7,416.94
2023-04-07,5,7,420.11
2023-04-08,5,7,389.78
2023-04-09,5,7,629.43
2023-04-10,5,7,369.85
2023-04-11,5,7,425.02
2023-04-12,5,7,426.93
2023-04-13,5,7,241.48
2023-04-14,5,7,347.65
2023-04-15,5,7,564.93
2023-04-16,5,7,506.72
2023-04-17,5,7,426.38
2023-04-18,5,7,392.06
2023-04-19,5,7,458.33
2023-04-20,5,7,393.86
2023-04-21,5,7,470.27
2023-04-22,5,7,429.98
2023-04-23,5,7,494.77
2023-04-24,5,7,353.72
2023-04-25,5,7,411.2
2023-04-26,5,7,372.56
2023-04-27,5,7,375.68
2023-04-28,5,7,348.17
2023-04-29,5,7,471.47
2023-04-30,5,7,506.03
2023-05-01,5,7,254.87
2023-05-02,5,7,239.65
2023-05-03,5,7,369.52
2023-05-04,5,7,214.27
2023-05-05,5,7,356.14
2023-05-06,5,7,450.12
2023-05-07,5,7,516.25
2023-05-08,5,7,330.46
2023-05-09,5,7,454.33
2023-05-10,5,7,414.81
2023-05-11,5,7,284.71
2023-05-12,5,7,352.77
2023-05-13,5,7,589.16
2023-05-14,5,7,429.48
2023-05-15,5,7,366.3
2023-05-16,5,7,447.29
2023-05-17,5,7,339.74
2023-05-18,5,7,432.29
2023-05-19,5,7,319.68
2023-05-20,5,7,273.0
2023-05-21,5,7,570.72
2023-05-22,5,7,395.36
2023-05-23,5,7,399.29
2023-05-24,5,7,310.55
2023-05-25,5,7,315.19
2023-05-26,5,7,436.12
2023-05-27,5,7,501.49
2023-05-28,5,7,475.63
2023-05-29,5,7,385.03
2023-05-30,5,7,457.31
2023-05-31,5,7,413.68
2023-06-01,5,7,315.3
2023-06-02,5,7,268.18
2023-06-03,5,7,480.87
2023-06-04,5,7,380.9
2023-06-05,5,7,280.0
2023-06-06,5,7,407.81
2023-06-07,5,7,385.41
2023-06-08,5,7,360.77
2023-06-09,5,7,277.87
2023-06-10,5,7,563.07
2023-06-11,5,7,512.78
2023-06-12,5,7,326.35
2023-06-13,5,7,315.71
2023-06-14,5,7,346.41
2023-06-15,5,7,318.02
2023-06-16,5,7,456.57
2023-06-17,5,7,420.18
2023-06-18,5,7,374.77
2023-06-19,5,7,425.34
2023-06-20,5,7,314.38
2023-06-21,5,7,384.52
2023-06-22,5,7,379.04
2023-06-23,5,7,341.37
2023-06-24,5,7,382.62
2023-06-25,5,7,445.05
2023-06-26,5,7,284.51
2023-06-27,5,7,344.06
2023-06-28,5,7,385.56
2023-06-29,5,7,434.82
2023-06-30,5,7,289.51
2023-07-01,5,7,389.82
2023-07-02,5,7,373.39
2023-07-03,5,7,324.78
2023-07-04,5,7,240.91
2023-07-05,5,7,268.86
2023-07-06,5,7,233.24
2023-07-07,5,7,245.3
2023-07-08,5,7,366.56
2023-07-09,5,7,509.17
2023-07-10,5,7,329.72
2023-07-11,5,7,316.64
2023-07-12,5,7,377.18
2023-07-13,5,7,332.05
2023-07-14,5,7,336.69
2023-07-15,5,7,379.71
2023-07-16,5,7,369.87
2023-07-17,5,7,252.88
2023-07-18,5,7,286.59
2023-07-19,5,7,301.93
2023-07-20,5,7,331.7
2023-07-21,5,7,313.86
2023-07-22,5,7,388.06
2023-07-23,5,7,354.62
2023-07-24,5,7,335.13
2023-07-25,5,7,292.78
2023-07-26,5,7,333.41
2023-07-27,5,7,225.89
2023-07-28,5,7,333.01
2023-07-29,5,7,458.57
2023-07-30,5,7,450.98
2023-07-31,5,7,308.24
2023-08-01,5,7,332.05
2023-08-02,5,7,236.36
2023-08-03,5,7,288.42
2023-08-04,5,7,284.03
2023-08-05,5,7,439.67
2023-08-06,5,7,265.36
2023-08-07,5,7,246.56
2023-08-08,5,7,370.12
2023-08-09,5,7,186.46
2023-08-10,5,7,329.5
2023-08-11,5,7,262.95
2023-08-12,5,7,396.8
2023-08-13,5,7,463.54
2023-08-14,5,7,307.32
2023-08-15,5,7,357.94
2023-08-16,5,7,272.97
2023-08-17,5,7,278.99
2023-08-18,5,7,329.94
2023-08-19,5,7,358.58
2023-08-20,5,7,418.54
2023-08-21,5,7,348.17
2023-08-22,5,7,334.39
2023-08-23,5,7,225.92
2023-08-24,5,7,281.05
2023-08-25,5,7,308.94
2023-08-26,5,7,371.46
2023-08-27,5,7,390.4
2023-08-28,5,7,310.11
2023-08-29,5,7,273.68
2023-08-30,5,7,288.71
2023-08-31,5,7,244.81
2023-09-01,5,7,267.41
2023-09-02,5,7,288.9
2023-09-03,5,7,381.49
2023-09-04,5,7,280.23
2023-09-05,5,7,249.1
2023-09-06,5,7,366.33
2023-09-07,5,7,278.49
2023-09-08,5,7,301.74
2023-09-09,5,7,340.28
2023-09-10,5,7,353.16
2023-09-11,5,7,303.95
2023-09-12,5,7,275.57
2023-09-13,5,7,290.35
2023-09-14,5,7,325.53
2023-09-15,5,7,267.98
2023-09-16,5,7,302.44
2023-09-17,5,7,291.61
2023-09-18,5,7,353.91
2023-09-19,5,7,331.96
2023-09-20,5,7,320.13
2023-09-21,5,7,272.56
2023-09-22,5,7,233.46
2023-09-23,5,7,363.52
2023-09-24,5,7,374.51
2023-09-25,5,7,242.73
2023-09-26,5,7,228.04
2023-09-27,5,7,216.74
2023-09-28,5,7,321.77
2023-09-29,5,7,240.08
2023-09-30,5,7,398.92
2023-10-01,5,7,370.71
2023-10-02,5,7,330.28
2023-10-03,5,7,318.92
2023-10-04,5,7,293.24
2023-10-05,5,7,309.95
2023-10-06,5,7,299.15
2023-10-07,5,7,359.16
2023-10-08,5,7,454.12
2023-10-09,5,7,285.4
2023-10-10,5,7,300.95
2023-10-11,5,7,240.34
2023-10-12,5,7,317.84
2023-10-13,5,7,277.5
2023-10-14,5,7,368.94
2023-10-15,5,7,347.53
2023-10-16,5,7,300.34
2023-10-17,5,7,214.06
2023-10-18,5,7,337.77
2023-10-19,5,7,304.81
2023-10-20,5,7,285.27
2023-10-21,5,7,306.38
2023-10-22,5,7,425.23
2023-10-23,5,7,278.09
2023-10-24,5,7,367.76
2023-10-25,5,7,330.15
2023-10-26,5,7,378.76
2023-10-27,5,7,314.4
2023-10-28,5,7,465.52
2023-10-29,5,7,428.81
2023-10-30,5,7,287.75
2023-10-31,5,7,317.48
2023-11-01,5,7,294.28
2023-11-02,5,7,441.0
2023-11-03,5,7,331.66
2023-11-04,5,7,439.77
2023-11-05,5,7,463.95
2023-11-06,5,7,282.36
2023-11-07,5,7,404.47
2023-11-08,5,7,285.82
2023-11-09,5,7,274.52
2023-11-10,5,7,329.72
2023-11-11,5,7,355.47
2023-11-12,5,7,543.27
2023-11-13,5,7,327.05
2023-11-14,5,7,175.19
2023-11-15,5,7,349.35
2023-11-16,5,7,367.56
2023-11-17,5,7,318.11
2023-11-18,5,7,351.88
2023-11-19,5,7,435.13
2023-11-20,5,7,315.6
2023-11-21,5,7,290.58
2023-11-22,5,7,286.24
2023-11-23,5,7,348.78
2023-11-24,5,7,387.18
2023-11-25,5,7,474.26
2023-11-26,5,7,328.78
2023-11-27,5,7,373.13
2023-11-28,5,7,381.4
2023-11-29,5,7,413.49
2023-11-30,5,7,293.44
2023-12-01,5,7,377.22
2023-12-02,5,7,537.0
2023-12-03,5,7,455.98
2023-12-04,5,7,412.67
2023-12-05,5,7,379.97
2023-12-06,5,7,333.12
2023-12-07,5,7,338.19
2023-12-08,5,7,453.6
2023-12-09,5,7,422.64
2023-12-10,5,7,410.09
2023-12-11,5,7,402.45
2023-12-12,5,7,381.15
2023-12-13,5,7,307.75
2023-12-14,5,7,353.49
2023-12-15,5,7,336.59
2023-12-16,5,7,450.92
2023-12-17,5,7,688.32
2023-12-18,5,7,366.81
2023-12-19,5,7,333.65
2023-12-20,5,7,501.37
2023-12-21,5,7,436.21
2023-12-22,5,7,427.02
2023-12-23,5,7,438.38
2023-12-24,5,7,590.86
2023-12-25,5,7,433.06
2023-12-26,5,7,394.56
2023-12-27,5,7,286.82
2023-12-28,5,7,385.34
2023-12-29,5,7,487.06
2023-12-30,5,7,519.65
2023-12-31,5,7,474.89
2022-01-01,5,8,170.3
2022-01-02,5,8,147.87
2022-01-03,5,8,136.23
2022-01-04,5,8,119.39
2022-01-05,5,8,106.39
2022-01-06,5,8,147.78
2022-01-07,5,8,138.75
2022-01-08,5,8,160.65
2022-01-09,5,8,205.99
2022-01-10,5,8,118.27
2022-01-11,5,8,124.63
2022-01-12,5,8,140.97
2022-01-13,5,8,151.15
2022-01-14,5,8,141.56
2022-01-15,5,8,159.29
2022-01-16,5,8,167.98
2022-01-17,5,8,121.14
2022-01-18,5,8,127.56
2022-01-19,5,8,129.21
2022-01-20,5,8,142.91
2022-01-21,5,8,120.71
2022-01-22,5,8,200.31
2022-01-23,5,8,174.73
2022-01-24,5,8,117.75
2022-01-25,5,8,143.05
2022-01-26,5,8,132.87
2022-01-27,5,8,126.09
2022-01-28,5,8,164.38
2022-01-29,5,8,168.14
2022-01-30,5,8,164.56
2022-01-31,5,8,155.56
2022-02-01,5,8,156.13
2022-02-02,5,8,161.74
2022-02-03,5,8,133.15
2022-02-04,5,8,150.38
2022-02-05,5,8,150.04
2022-02-06,5,8,134.99
2022-02-07,5,8,133.06
2022-02-08,5,8,147.18
2022-02-09,5,8,198.95
2022-02-10,5,8,173.87
2022-02-11,5,8,122.52
2022-02-12,5,8,215.76
2022-02-13,5,8,152.37
2022-02-14,5,8,180.79
2022-02-15,5,8,135.97
2022-02-16,5,8,134.58
2022-02-17,5,8,169.97
2022-02-18,5,8,135.17
2022-02-19,5,8,242.35
2022-02-20,5,8,175.74
2022-02-21,5,8,167.67
2022-02-22,5,8,150.69
2022-02-23,5,8,163.35
2022-02-24,5,8,125.96
2022-02-25,5,8,107.68
2022-02-26,5,8,166.06
2022-02-27,5,8,181.74
2022-02-28,5,8,144.49
2022-03-01,5,8,141.43
2022-03-02,5,8,103.73
2022-03-03,5,8,138.15
2022-03-04,5,8,153.84
2022-03-05,5,8,191.74
2022-03-06,5,8,188.0
2022-03-07,5,8,142.78
2022-03-08,5,8,154.81
2022-03-09,5,8,129.52
2022-03-10,5,8,148.14
2022-03-11,5,8,144.53
2022-03-12,5,8,162.79
2022-03-13,5,8,195.04
2022-03-14,5,8,108.38
2022-03-15,5,8,138.78
2022-03-16,5,8,162.48
2022-03-17,5,8,164.37
2022-03-18,5,8,155.26
2022-03-19,5,8,208.42
2022-03-20,5,8,220.57
2022-03-21,5,8,157.82
2022-03-22,5,8,182.97
2022-03-23,5,8,106.13
2022-03-24,5,8,175.09
2022-03-25,5,8,105.09
2022-03-26,5,8,183.86
2022-03-27,5,8,225.38
2022-03-28,5,8,170.94
2022-03-29,5,8,133.76
2022-03-30,5,8,155.55
2022-03-31,5,8,142.82
2022-04-01,5,8,172.97
2022-04-02,5,8,197.37
2022-04-03,5,8,180.43
2022-04-04,5,8,162.7
2022-04-05,5,8,167.4
2022-04-06,5,8,149.65
2022-04-07,5,8,169.43
2022-04-08,5,8,190.63
2022-04-09,5,8,138.25
2022-04-10,5,8,237.54
2022-04-11,5,8,188.14
2022-04-12,5,8,165.45
2022-04-13,5,8,147.88
2022-04-14,5,8,118.98
2022-04-15,5,8,156.42
2022-04-16,5,8,190.03
2022-04-17,5,8,160.19
2022-04-18,5,8,140.5
2022-04-19,5,8,155.06
2022-04-20,5,8,162.45
2022-04-21,5,8,132.26
2022-04-22,5,8,100.58
2022-04-23,5,8,195.72
2022-04-24,5,8,175.66
2022-04-25,5,8,146.58
2022-04-26,5,8,108.78
2022-04-27,5,8,149.56
2022-04-28,5,8,166.05
2022-04-29,5,8,146.94
2022-04-30,5,8,207.98
2022-05-01,5,8,183.72
2022-05-02,5,8,104.23
2022-05-03,5,8,149.91
2022-05-04,5,8,130.8
2022-05-05,5,8,118.89
2022-05-06,5,8,163.61
2022-05-07,5,8,201.04
2022-05-08,5,8,175.64
2022-05-09,5,8,145.44
2022-05-10,5,8,152.62
2022-05-11,5,8,111.16
2022-05-12,5,8,123.76
2022-05-13,5,8,124.94
2022-05-14,5,8,208.95
2022-05-15,5,8,240.3
2022-05-16,5,8,163.11
2022-05-17,5,8,152.61
2022-05-18,5,8,126.96
2022-05-19,5,8,166.91
2022-05-20,5,8,142.18
2022-05-21,5,8,165.95
2022-05-22,5,8,217.03
2022-05-23,5,8,180.82
2022-05-24,5,8,167.6
2022-05-25,5,8,204.89
2022-05-26,5,8,133.95
2022-05-27,5,8,140.64
2022-05-28,5,8,170.83
2022-05-29,5,8,170.8
2022-05-30,5,8,183.46
2022-05-31,5,8,126.58
2022-06-01,5,8,126.78
2022-06-02,5,8,164.39
2022-06-03,5,8,146.38
2022-06-04,5,8,152.6
2022-06-05,5,8,178.01
2022-06-06,5,8,103.38
2022-06-07,5,8,134.66
2022-06-08,5,8,140.57
2022-06-09,5,8,142.03
2022-06-10,5,8,178.41
2022-06-11,5,8,201.32
2022-06-12,5,8,149.45
2022-06-13,5,8,141.84
2022-06-14,5,8,138.32
2022-06-15,5,8,178.93
2022-06-16,5,8,130.66
2022-06-17,5,8,142.78
2022-06-18,5,8,189.52
2022-06-19,5,8,153.11
2022-06-20,5,8,108.3
2022-06-21,5,8,135.75
2022-06-22,5,8,154.71
2022-06-23,5,8,113.04
2022-06-24,5,8,138.78
2022-06-25,5,8,164.9
2022-06-26,5,8,130.19
2022-06-27,5,8,146.19
2022-06-28,5,8,150.04
2022-06-29,5,8,155.71
2022-06-30,5,8,158.24
2022-07-01,5,8,125.66
2022-07-02,5,8,175.93
2022-07-03,5,8,170.78
2022-07-04,5,8,78.52
2022-07-05,5,8,99.19
2022-07-06,5,8,113.87
2022-07-07,5,8,129.21
2022-07-08,5,8,133.46
2022-07-09,5,8,183.27
2022-07-10,5,8,183.99
2022-07-11,5,8,132.22
2022-07-12,5,8,138.25
2022-07-13,5,8,158.48
2022-07-14,5,8,136.91
2022-07-15,5,8,128.42
2022-07-16,5,8,179.47
2022-07-17,5,8,188.63
2022-07-18,5,8,159.46
2022-07-19,5,8,108.23
2022-07-20,5,8,97.73
2022-07-21,5,8,133.75
2022-07-22,5,8,101.68
2022-07-23,5,8,162.6
2022-07-24,5,8,214.97
2022-07-25,5,8,130.21
2022-07-26,5,8,130.54
2022-07-27,5,8,122.53
2022-07-28,5,8,159.92
2022-07-29,5,8,138.87
2022-07-30,5,8,157.97
2022-07-31,5,8,207.78
2022-08-01,5,8,123.59
2022-08-02,5,8,112.86
2022-08-03,5,8,82.72
2022-08-04,5,8,123.04
2022-08-05,5,8,112.48
2022-08-06,5,8,149.57
2022-08-07,5,8,148.36
2022-08-08,5,8,87.74
2022-08-09,5,8,167.6
2022-08-10,5,8,108.54
2022-08-11,5,8,133.4
2022-08-12,5,8,117.36
2022-08-13,5,8,93.05
2022-08-14,5,8,154.49
2022-08-15,5,8,123.82
2022-08-16,5,8,111.79
2022-08-17,5,8,148.36
2022-08-18,5,8,154.72
2022-08-19,5,8,127.3
2022-08-20,5,8,168.86
2022-08-21,5,8,131.44
2022-08-22,5,8,101.12
2022-08-23,5,8,110.42
2022-08-24,5,8,159.3
2022-08-25,5,8,112.54
2022-08-26,5,8,146.98
2022-08-27,5,8,142.38
2022-08-28,5,8,136.75
2022-08-29,5,8,113.8
2022-08-30,5,8,113.42
2022-08-31,5,8,109.82
2022-09-01,5,8,147.28
2022-09-02,5,8,118.46
2022-09-03,5,8,150.75
2022-09-04,5,8,156.1
2022-09-05,5,8,136.15
2022-09-06,5,8,120.26
2022-09-07,5,8,125.4
2022-09-08,5,8,138.32
2022-09-09,5,8,100.84
2022-09-10,5,8,136.62
2022-09-11,5,8,158.93
2022-09-12,5,8,107.61
2022-09-13,5,8,116.29
2022-09-14,5,8,100.63
2022-09-15,5,8,105.06
2022-09-16,5,8,140.89
2022-09-17,5,8,148.48
2022-09-18,5,8,146.43
2022-09-19,5,8,106.04
2022-09-20,5,8,105.07
2022-09-21,5,8,102.38
2022-09-22,5,8,97.85
2022-09-23,5,8,108.62
2022-09-24,5,8,155.26
2022-09-25,5,8,173.32
2022-09-26,5,8,120.19
2022-09-27,5,8,103.42
2022-09-28,5,8,112.03
2022-09-29,5,8,111.01
2022-09-30,5,8,110.01
2022-10-01,5,8,154.87
2022-10-02,5,8,186.26
2022-10-03,5,8,139.29
2022-10-04,5,8,156.93
2022-10-05,5,8,109.73
2022-10-06,5,8,105.56
2022-10-07,5,8,119.87
2022-10-08,5,8,193.99
2022-10-09,5,8,113.07
2022-10-10,5,8,129.37
2022-10-11,5,8,120.84
2022-10-12,5,8,139.31
2022-10-13,5,8,135.53
2022-10-14,5,8,139.45
2022-10-15,5,8,178.21
2022-10-16,5,8,235.97
2022-10-17,5,8,162.12
2022-10-18,5,8,143.84
2022-10-19,5,8,118.77
2022-10-20,5,8,120.97
2022-10-21,5,8,150.4
2022-10-22,5,8,196.65
2022-10-23,5,8,145.72
2022-10-24,5,8,90.03
2022-10-25,5,8,93.33
2022-10-26,5,8,151.44
2022-10-27,5,8,155.19
2022-10-28,5,8,129.32
2022-10-29,5,8,175.96
2022-10-30,5,8,212.84
2022-10-31,5,8,168.34
2022-11-01,5,8,155.2
2022-11-02,5,8,140.49
2022-11-03,5,8,131.91
2022-11-04,5,8,135.2
2022-11-05,5,8,162.31
2022-11-06,5,8,201.76
2022-11-07,5,8,138.7
2022-11-08,5,8,124.19
2022-11-09,5,8,165.7
2022-11-10,5,8,153.57
2022-11-11,5,8,147.4
2022-11-12,5,8,180.18
2022-11-13,5,8,197.45
2022-11-14,5,8,134.81
2022-11-15,5,8,201.48
2022-11-16,5,8,191.23
2022-11-17,5,8,125.09
2022-11-18,5,8,137.12
2022-11-19,5,8,160.6
2022-11-20,5,8,133.49
2022-11-21,5,8,179.61
2022-11-22,5,8,139.89
2022-11-23,5,8,119.71
2022-11-24,5,8,106.07
2022-11-25,5,8,148.22
2022-11-26,5,8,196.63
2022-11-27,5,8,198.27
2022-11-28,5,8,166.83
2022-11-29,5,8,163.2
2022-11-30,5,8,116.17
2022-12-01,5,8,133.95
2022-12-02,5,8,183.63
2022-12-03,5,8,189.11
2022-12-04,5,8,162.7
2022-12-05,5,8,127.48
2022-12-06,5,8,183.27
2022-12-07,5,8,182.98
2022-12-08,5,8,164.02
2022-12-09,5,8,138.27
2022-12-10,5,8,207.54
2022-12-11,5,8,204.65
2022-12-12,5,8,150.74
2022-12-13,5,8,178.1
2022-12-14,5,8,150.01
2022-12-15,5,8,174.88
2022-12-16,5,8,169.99
2022-12-17,5,8,165.07
2022-12-18,5,8,273.78
2022-12-19,5,8,176.29
2022-12-20,5,8,123.58
2022-12-21,5,8,127.47
2022-12-22,5,8,201.25
2022-12-23,5,8,167.12
2022-12-24,5,8,229.51
2022-12-25,5,8,224.18
2022-12-26,5,8,189.69
2022-12-27,5,8,190.92
2022-12-28,5,8,141.83
2022-12-29,5,8,175.78
2022-12-30,5,8,129.1
2022-12-31,5,8,178.07
2023-01-01,5,8,223.58
2023-01-02,5,8,134.32
2023-01-03,5,8,159.4
2023-01-04,5,8,121.74
2023-01-05,5,8,180.17
2023-01-06,5,8,225.41
2023-01-07,5,8,236.4
2023-01-08,5,8,236.68
2023-01-09,5,8,171.47
2023-01-10,5,8,207.95
2023-01-11,5,8,180.1
2023-01-12,5,8,151.69
2023-01-13,5,8,186.4
2023-01-14,5,8,291.54
2023-01-15,5,8,185.98
2023-01-16,5,8,156.46
2023-01-17,5,8,179.44
2023-01-18,5,8,172.84
2023-01-19,5,8,194.07
2023-01-20,5,8,155.76
2023-01-21,5,8,218.79
2023-01-22,5,8,239.72
2023-01-23,5,8,185.47
2023-01-24,5,8,254.77
2023-01-25,5,8,204.9
2023-01-26,5,8,141.09
2023-01-27,5,8,155.65
2023-01-28,5,8,190.09
2023-01-29,5,8,296.92
2023-01-30,5,8,154.5
2023-01-31,5,8,200.37
2023-02-01,5,8,210.91
2023-02-02,5,8,153.44
2023-02-03,5,8,184.46
2023-02-04,5,8,245.9
2023-02-05,5,8,195.47
2023-02-06,5,8,250.06
2023-02-07,5,8,202.43
2023-02-08,5,8,244.73
2023-02-09,5,8,263.14
2023-02-10,5,8,202.55
2023-02-11,5,8,271.76
2023-02-12,5,8,227.09
2023-02-13,5,8,237.89
2023-02-14,5,8,196.95
2023-02-15,5,8,185.91
2023-02-16,5,8,175.78
2023-02-17,5,8,200.98
2023-02-18,5,8,282.73
2023-02-19,5,8,266.71
2023-02-20,5,8,213.04
2023-02-21,5,8,192.91
2023-02-22,5,8,214.61
2023-02-23,5,8,213.84
2023-02-24,5,8,236.19
2023-02-25,5,8,291.33
2023-02-26,5,8,266.12
2023-02-27,5,8,212.66
2023-02-28,5,8,165.75
2023-03-01,5,8,244.37
2023-03-02,5,8,197.53
2023-03-03,5,8,201.51
2023-03-04,5,8,247.98
2023-03-05,5,8,231.78
2023-03-06,5,8,180.55
2023-03-07,5,8,172.64
2023-03-08,5,8,198.67
2023-03-09,5,8,232.0
2023-03-10,5,8,205.66
2023-03-11,5,8,295.17
2023-03-12,5,8,288.03
2023-03-13,5,8,192.88
2023-03-14,5,8,245.37
2023-03-15,5,8,238.12
2023-03-16,5,8,232.75
2023-03-17,5,8,220.3
2023-03-18,5,8,256.02
2023-03-19,5,8,256.11
2023-03-20,5,8,206.87
2023-03-21,5,8,250.93
2023-03-22,5,8,242.98
2023-03-23,5,8,163.17
2023-03-24,5,8,216.49
2023-03-25,5,8,169.94
2023-03-26,5,8,253.31
2023-03-27,5,8,187.6
2023-03-28,5,8,226.38
2023-03-29,5,8,174.97
2023-03-30,5,8,161.27
2023-03-31,5,8,193.72
2023-04-01,5,8,265.99
2023-04-02,5,8,196.98
2023-04-03,5,8,240.14
2023-04-04,5,8,199.07
2023-04-05,5,8,206.19
2023-04-06,5,8,239.55
2023-04-07,5,8,183.08
2023-04-08,5,8,327.04
2023-04-09,5,8,267.99
2023-04-10,5,8,230.6
2023-04-11,5,8,219.99
2023-04-12,5,8,227.67
2023-04-13,5,8,208.9
2023-04-14,5,8,192.17
2023-04-15,5,8,347.06
2023-04-16,5,8,268.24
2023-04-17,5,8,173.0
2023-04-18,5,8,252.9
2023-04-19,5,8,197.72
2023-04-20,5,8,153.88
2023-04-21,5,8,181.99
2023-04-22,5,8,190.8
2023-04-23,5,8,238.77
2023-04-24,5,8,262.97
2023-04-25,5,8,222.57
2023-04-26,5,8,208.22
2023-04-27,5,8,190.45
2023-04-28,5,8,204.33
2023-04-29,5,8,316.82
2023-04-30,5,8,197.15
2023-05-01,5,8,282.46
2023-05-02,5,8,170.19
2023-05-03,5,8,188.95
2023-05-04,5,8,191.72
2023-05-05,5,8,191.07
2023-05-06,5,8,229.93
2023-05-07,5,8,289.44
2023-05-08,5,8,230.66
2023-05-09,5,8,225.33
2023-05-10,5,8,199.85
2023-05-11,5,8,179.9
2023-05-12,5,8,191.98
2023-05-13,5,8,253.56
2023-05-14,5,8,219.26
2023-05-15,5,8,203.16
2023-05-16,5,8,251.46
2023-05-17,5,8,193.1
2023-05-18,5,8,213.14
2023-05-19,5,8,178.85
2023-05-20,5,8,292.39
2023-05-21,5,8,232.79
2023-05-22,5,8,186.48
2023-05-23,5,8,214.37
2023-05-24,5,8,169.48
2023-05-25,5,8,212.12
2023-05-26,5,8,230.76
2023-05-27,5,8,265.64
2023-05-28,5,8,293.28
2023-05-29,5,8,161.03
2023-05-30,5,8,213.29
2023-05-31,5,8,186.3
2023-06-01,5,8,192.44
2023-06-02,5,8,225.24
2023-06-03,5,8,130.79
2023-06-04,5,8,214.91
2023-06-05,5,8,119.73
2023-06-06,5,8,148.82
2023-06-07,5,8,169.63
2023-06-08,5,8,206.34
2023-06-09,5,8,205.05
2023-06-10,5,8,265.71
2023-06-11,5,8,258.07
2023-06-12,5,8,146.39
2023-06-13,5,8,205.43
2023-06-14,5,8,164.83
2023-06-15,5,8,195.94
2023-06-16,5,8,158.43
2023-06-17,5,8,232.53
2023-06-18,5,8,236.73
2023-06-19,5,8,193.63
2023-06-20,5,8,161.02
2023-06-21,5,8,202.62
2023-06-22,5,8,148.12
2023-06-23,5,8,231.65
2023-06-24,5,8,213.03
2023-06-25,5,8,169.71
2023-06-26,5,8,182.93
2023-06-27,5,8,173.62
2023-06-28,5,8,159.67
2023-06-29,5,8,222.69
2023-06-30,5,8,206.4
2023-07-01,5,8,232.11
2023-07-02,5,8,186.08
2023-07-03,5,8,153.9
2023-07-04,5,8,151.97
2023-07-05,5,8,121.53
2023-07-06,5,8,174.34
2023-07-07,5,8,176.29
2023-07-08,5,8,222.05
2023-07-09,5,8,225.64
2023-07-10,5,8,139.41
2023-07-11,5,8,145.51
2023-07-12,5,8,160.18
2023-07-13,5,8,203.22
2023-07-14,5,8,197.74
2023-07-15,5,8,236.02
2023-07-16,5,8,285.42
2023-07-17,5,8,181.6
2023-07-18,5,8,184.92
2023-07-19,5,8,206.41
2023-07-20,5,8,186.67
2023-07-21,5,8,210.96
2023-07-22,5,8,220.96
2023-07-23,5,8,199.01
2023-07-24,5,8,167.03
2023-07-25,5,8,175.61
2023-07-26,5,8,146.65
2023-07-27,5,8,151.64
2023-07-28,5,8,159.11
2023-07-29,5,8,184.59
2023-07-30,5,8,201.63
2023-07-31,5,8,188.98
2023-08-01,5,8,175.11
2023-08-02,5,8,123.63
2023-08-03,5,8,163.93
2023-08-04,5,8,155.14
2023-08-05,5,8,236.08
2023-08-06,5,8,195.82
2023-08-07,5,8,127.86
2023-08-08,5,8,145.69
2023-08-09,5,8,129.02
2023-08-10,5,8,104.13
2023-08-11,5,8,156.2
2023-08-12,5,8,220.78
2023-08-13,5,8,210.71
2023-08-14,5,8,127.35
2023-08-15,5,8,125.83
2023-08-16,5,8,163.12
2023-08-17,5,8,198.32
2023-08-18,5,8,188.88
2023-08-19,5,8,196.67
2023-08-20,5,8,212.39
2023-08-21,5,8,180.16
2023-08-22,5,8,155.13
2023-08-23,5,8,126.67
2023-08-24,5,8,91.6
2023-08-25,5,8,163.18
2023-08-26,5,8,200.48
2023-08-27,5,8,153.86
2023-08-28,5,8,125.08
2023-08-29,5,8,152.98
2023-08-30,5,8,146.29
2023-08-31,5,8,193.7
2023-09-01,5,8,187.23
2023-09-02,5,8,175.21
2023-09-03,5,8,246.28
2023-09-04,5,8,192.18
2023-09-05,5,8,161.56
2023-09-06,5,8,133.23
2023-09-07,5,8,157.72
2023-09-08,5,8,105.62
2023-09-09,5,8,183.9
2023-09-10,5,8,209.88
2023-09-11,5,8,164.32
2023-09-12,5,8,145.06
2023-09-13,5,8,157.16
2023-09-14,5,8,131.83
2023-09-15,5,8,188.6
2023-09-16,5,8,246.55
2023-09-17,5,8,224.29
2023-09-18,5,8,149.74
2023-09-19,5,8,136.82
2023-09-20,5,8,176.02
2023-09-21,5,8,160.62
2023-09-22,5,8,132.89
2023-09-23,5,8,235.73
2023-09-24,5,8,189.89
2023-09-25,5,8,136.38
2023-09-26,5,8,179.04
2023-09-27,5,8,138.31
2023-09-28,5,8,159.93
2023-09-29,5,8,187.29
2023-09-30,5,8,240.56
2023-10-01,5,8,222.11
2023-10-02,5,8,134.02
2023-10-03,5,8,150.58
2023-10-04,5,8,221.83
2023-10-05,5,8,186.08
2023-10-06,5,8,157.37
2023-10-07,5,8,171.99
2023-10-08,5,8,151.71
2023-10-09,5,8,193.08
2023-10-10,5,8,193.69
2023-10-11,5,8,162.58
2023-10-12,5,8,153.53
2023-10-13,5,8,191.57
2023-10-14,5,8,165.72
2023-10-15,5,8,276.95
2023-10-16,5,8,182.16
2023-10-17,5,8,133.27
2023-10-18,5,8,183.57
2023-10-19,5,8,147.46
2023-10-20,5,8,131.47
2023-10-21,5,8,238.96
2023-10-22,5,8,178.53
2023-10-23,5,8,131.69
2023-10-24,5,8,176.79
2023-10-25,5,8,162.34
2023-10-26,5,8,190.04
2023-10-27,5,8,157.67
2023-10-28,5,8,202.2
2023-10-29,5,8,149.24
2023-10-30,5,8,177.86
2023-10-31,5,8,165.06
2023-11-01,5,8,212.39
2023-11-02,5,8,200.93
2023-11-03,5,8,189.47
2023-11-04,5,8,209.03
2023-11-05,5,8,220.27
2023-11-06,5,8,195.7
2023-11-07,5,8,179.51
2023-11-08,5,8,219.52
2023-11-09,5,8,216.84
2023-11-10,5,8,174.43
2023-11-11,5,8,239.04
2023-11-12,5,8,207.77
2023-11-13,5,8,178.77
2023-11-14,5,8,207.55
2023-11-15,5,8,166.94
2023-11-16,5,8,171.87
2023-11-17,5,8,150.09
2023-11-18,5,8,216.72
2023-11-19,5,8,258.67
2023-11-20,5,8,175.73
2023-11-21,5,8,150.91
2023-11-22,5,8,188.34
2023-11-23,5,8,181.23
2023-11-24,5,8,213.46
2023-11-25,5,8,232.86
2023-11-26,5,8,202.35
2023-11-27,5,8,209.52
2023-11-28,5,8,156.54
2023-11-29,5,8,147.51
2023-11-30,5,8,154.78
2023-12-01,5,8,185.21
2023-12-02,5,8,190.01
2023-12-03,5,8,196.64
2023-12-04,5,8,228.17
2023-12-05,5,8,199.12
2023-12-06,5,8,199.42
2023-12-07,5,8,202.88
2023-12-08,5,8,222.05
2023-12-09,5,8,233.59
2023-12-10,5,8,288.86
2023-12-11,5,8,208.56
2023-12-12,5,8,175.73
2023-12-13,5,8,224.09
2023-12-14,5,8,207.21
2023-12-15,5,8,173.3
2023-12-16,5,8,228.46
2023-12-17,5,8,286.81
2023-12-18,5,8,237.27
2023-12-19,5,8,214.78
2023-12-20,5,8,233.67
2023-12-21,5,8,244.43
2023-12-22,5,8,199.44
2023-12-23,5,8,275.12
2023-12-24,5,8,295.61
2023-12-25,5,8,171.19
2023-12-26,5,8,238.99
2023-12-27,5,8,249.34
2023-12-28,5,8,184.2
2023-12-29,5,8,296.46
2023-12-30,5,8,301.71
2023-12-31,5,8,263.56
2022-01-01,5,9,62.49
2022-01-02,5,9,56.34
2022-01-03,5,9,41.52
2022-01-04,5,9,35.86
2022-01-05,5,9,46.09
2022-01-06,5,9,54.88
2022-01-07,5,9,54.07
2022-01-08,5,9,55.93
2022-01-09,5,9,65.19
2022-01-10,5,9,58.48
2022-01-11,5,9,37.55
2022-01-12,5,9,47.52
2022-01-13,5,9,50.83
2022-01-14,5,9,48.85
2022-01-15,5,9,71.58
2022-01-16,5,9,49.26
2022-01-17,5,9,41.54
2022-01-18,5,9,53.98
2022-01-19,5,9,36.5
2022-01-20,5,9,55.04
2022-01-21,5,9,52.43
2022-01-22,5,9,71.03
2022-01-23,5,9,59.47
2022-01-24,5,9,53.03
2022-01-25,5,9,40.64
2022-01-26,5,9,46.29
2022-01-27,5,9,49.68
2022-01-28,5,9,42.79
2022-01-29,5,9,66.46
2022-01-30,5,9,53.36
2022-01-31,5,9,51.6
2022-02-01,5,9,66.79
2022-02-02,5,9,43.01
2022-02-03,5,9,52.87
2022-02-04,5,9,40.22
2022-02-05,5,9,60.47
2022-02-06,5,9,76.45
2022-02-07,5,9,49.82
2022-02-08,5,9,59.25
2022-02-09,5,9,56.21
2022-02-10,5,9,52.9
2022-02-11,5,9,45.21
2022-02-12,5,9,76.72
2022-02-13,5,9,72.81
2022-02-14,5,9,41.33
2022-02-15,5,9,45.9
2022-02-16,5,9,31.41
2022-02-17,5,9,42.76
2022-02-18,5,9,51.29
2022-02-19,5,9,58.95
2022-02-20,5,9,61.36
2022-02-21,5,9,65.24
2022-02-22,5,9,62.37
2022-02-23,5,9,48.45
2022-02-24,5,9,60.58
2022-02-25,5,9,64.06
2022-02-26,5,9,77.05
2022-02-27,5,9,73.74
2022-02-28,5,9,63.29
2022-03-01,5,9,62.05
2022-03-02,5,9,45.55
2022-03-03,5,9,54.16
2022-03-04,5,9,51.17
2022-03-05,5,9,85.14
2022-03-06,5,9,66.34
2022-03-07,5,9,49.63
2022-03-08,5,9,64.62
2022-03-09,5,9,58.23
2022-03-10,5,9,73.88
2022-03-11,5,9,48.89
2022-03-12,5,9,67.38
2022-03-13,5,9,85.45
2022-03-14,5,9,45.51
2022-03-15,5,9,67.52
2022-03-16,5,9,46.2
2022-03-17,5,9,61.64
2022-03-18,5,9,40.9
2022-03-19,5,9,74.05
2022-03-20,5,9,58.49
2022-03-21,5,9,73.06
2022-03-22,5,9,47.61
2022-03-23,5,9,49.73
2022-03-24,5,9,61.4
2022-03-25,5,9,51.76
2022-03-26,5,9,81.8
2022-03-27,5,9,66.19
2022-03-28,5,9,50.31
2022-03-29,5,9,56.87
2022-03-30,5,9,46.72
2022-03-31,5,9,60.61
2022-04-01,5,9,63.35
2022-04-02,5,9,78.88
2022-04-03,5,9,79.94
2022-04-04,5,9,39.93
2022-04-05,5,9,52.3
2022-04-06,5,9,54.32
2022-04-07,5,9,68.57
2022-04-08,5,9,51.43
2022-04-09,5,9,48.0
2022-04-10,5,9,62.33
2022-04-11,5,9,50.89
2022-04-12,5,9,38.25
2022-04-13,5,9,64.82
2022-04-14,5,9,43.31
2022-04-15,5,9,60.49
2022-04-16,5,9,61.69
2022-04-17,5,9,90.54
2022-04-18,5,9,54.5
2022-04-19,5,9,52.82
2022-04-20,5,9,61.47
2022-04-21,5,9,48.39
2022-04-22,5,9,61.99
2022-04-23,5,9,68.88
2022-04-24,5,9,67.68
2022-04-25,5,9,56.46
2022-04-26,5,9,47.9
2022-04-27,5,9,55.67
2022-04-28,5,9,60.29
2022-04-29,5,9,37.53
2022-04-30,5,9,86.94
2022-05-01,5,9,78.69
2022-05-02,5,9,38.96
2022-05-03,5,9,37.74
2022-05-04,5,9,60.91
2022-05-05,5,9,60.33
2022-05-06,5,9,59.24
2022-05-07,5,9,55.4
2022-05-08,5,9,89.9
2022-05-09,5,9,48.17
2022-05-10,5,9,56.32
2022-05-11,5,9,56.47
2022-05-12,5,9,67.48
2022-05-13,5,9,55.53
2022-05-14,5,9,75.35
2022-05-15,5,9,70.17
2022-05-16,5,9,44.84
2022-05-17,5,9,35.68
2022-05-18,5,9,55.02
2022-05-19,5,9,43.19
2022-05-20,5,9,57.73
2022-05-21,5,9,72.96
2022-05-22,5,9,72.76
2022-05-23,5,9,46.31
2022-05-24,5,9,63.6
2022-05-25,5,9,59.01
2022-05-26,5,9,45.36
2022-05-27,5,9,72.31
2022-05-28,5,9,69.53
2022-05-29,5,9,57.48
2022-05-30,5,9,49.03
2022-05-31,5,9,42.84
2022-06-01,5,9,60.66
2022-06-02,5,9,58.6
2022-06-03,5,9,56.07
2022-06-04,5,9,71.1
2022-06-05,5,9,78.04
2022-06-06,5,9,48.77
2022-06-07,5,9,53.86
2022-06-08,5,9,44.52
2022-06-09,5,9,49.57
2022-06-10,5,9,54.21
2022-06-11,5,9,35.54
2022-06-12,5,9,59.98
2022-06-13,5,9,52.17
2022-06-14,5,9,50.36
2022-06-15,5,9,47.54
2022-06-16,5,9,55.55
2022-06-17,5,9,45.66
2022-06-18,5,9,54.29
2022-06-19,5,9,78.34
2022-06-20,5,9,59.23
2022-06-21,5,9,46.65
2022-06-22,5,9,50.78
2022-06-23,5,9,57.87
2022-06-24,5,9,51.73
2022-06-25,5,9,72.19
2022-06-26,5,9,71.7
2022-06-27,5,9,49.06
2022-06-28,5,9,55.56
2022-06-29,5,9,44.14
2022-06-30,5,9,54.71
2022-07-01,5,9,46.01
2022-07-02,5,9,57.26
2022-07-03,5,9,49.26
2022-07-04,5,9,47.57
2022-07-05,5,9,46.96
2022-07-06,5,9,40.84
2022-07-07,5,9,35.56
2022-07-08,5,9,35.26
2022-07-09,5,9,58.58
2022-07-10,5,9,63.75
2022-07-11,5,9,59.94
2022-07-12,5,9,46.65
2022-07-13,5,9,35.54
2022-07-14,5,9,45.58
2022-07-15,5,9,55.92
2022-07-16,5,9,54.98
2022-07-17,5,9,71.6
2022-07-18,5,9,48.44
2022-07-19,5,9,51.82
2022-07-20,5,9,60.46
2022-07-21,5,9,34.28
2022-07-22,5,9,53.73
2022-07-23,5,9,60.74
2022-07-24,5,9,52.89
2022-07-25,5,9,46.76
2022-07-26,5,9,59.57
2022-07-27,5,9,57.08
2022-07-28,5,9,33.31
2022-07-29,5,9,42.13
2022-07-30,5,9,70.74
2022-07-31,5,9,61.82
2022-08-01,5,9,43.75
2022-08-02,5,9,33.58
2022-08-03,5,9,39.03
2022-08-04,5,9,35.02
2022-08-05,5,9,33.1
2022-08-06,5,9,46.46
2022-08-07,5,9,49.33
2022-08-08,5,9,39.08
2022-08-09,5,9,38.58
2022-08-10,5,9,50.96
2022-08-11,5,9,38.21
2022-08-12,5,9,53.73
2022-08-13,5,9,53.41
2022-08-14,5,9,61.44
2022-08-15,5,9,47.51
2022-08-16,5,9,38.43
2022-08-17,5,9,42.26
2022-08-18,5,9,41.13
2022-08-19,5,9,47.01
2022-08-20,5,9,56.8
2022-08-21,5,9,51.46
2022-08-22,5,9,45.42
2022-08-23,5,9,46.94
2022-08-24,5,9,57.1
2022-08-25,5,9,45.19
2022-08-26,5,9,44.84
2022-08-27,5,9,61.99
2022-08-28,5,9,50.0
2022-08-29,5,9,33.26
2022-08-30,5,9,42.81
2022-08-31,5,9,52.18
2022-09-01,5,9,51.59
2022-09-02,5,9,31.28
2022-09-03,5,9,62.34
2022-09-04,5,9,38.14
2022-09-05,5,9,46.68
2022-09-06,5,9,46.32
2022-09-07,5,9,32.43
2022-09-08,5,9,50.34
2022-09-09,5,9,55.27
2022-09-10,5,9,56.47
2022-09-11,5,9,58.25
2022-09-12,5,9,53.66
2022-09-13,5,9,36.53
2022-09-14,5,9,36.72
2022-09-15,5,9,38.48
2022-09-16,5,9,44.3
2022-09-17,5,9,57.61
2022-09-18,5,9,52.6
2022-09-19,5,9,42.17
2022-09-20,5,9,40.62
2022-09-21,5,9,40.97
2022-09-22,5,9,39.16
2022-09-23,5,9,39.25
2022-09-24,5,9,40.34
2022-09-25,5,9,55.75
2022-09-26,5,9,31.38
2022-09-27,5,9,49.44
2022-09-28,5,9,40.74
2022-09-29,5,9,43.71
2022-09-30,5,9,42.05
2022-10-01,5,9,57.7
2022-10-02,5,9,71.3
2022-10-03,5,9,36.79
2022-10-04,5,9,34.94
2022-10-05,5,9,47.05
2022-10-06,5,9,42.82
2022-10-07,5,9,48.79
2022-10-08,5,9,66.7
2022-10-09,5,9,50.27
2022-10-10,5,9,50.6
2022-10-11,5,9,39.32
2022-10-12,5,9,46.99
2022-10-13,5,9,37.88
2022-10-14,5,9,47.47
2022-10-15,5,9,60.37
2022-10-16,5,9,50.58
2022-10-17,5,9,37.15
2022-10-18,5,9,51.95
2022-10-19,5,9,43.55
2022-10-20,5,9,53.86
2022-10-21,5,9,42.98
2022-10-22,5,9,72.78
2022-10-23,5,9,52.26
2022-10-24,5,9,57.27
2022-10-25,5,9,48.17
2022-10-26,5,9,49.8
2022-10-27,5,9,39.94
2022-10-28,5,9,52.2
2022-10-29,5,9,68.23
2022-10-30,5,9,58.28
2022-10-31,5,9,32.06
2022-11-01,5,9,42.8
2022-11-02,5,9,42.83
2022-11-03,5,9,54.92
2022-11-04,5,9,47.9
2022-11-05,5,9,62.52
2022-11-06,5,9,61.35
2022-11-07,5,9,62.99
2022-11-08,5,9,52.0
2022-11-09,5,9,53.22
2022-11-10,5,9,46.92
2022-11-11,5,9,51.54
2022-11-12,5,9,57.49
2022-11-13,5,9,70.88
2022-11-14,5,9,42.96
2022-11-15,5,9,57.72
2022-11-16,5,9,46.24
2022-11-17,5,9,59.4
2022-11-18,5,9,66.94
2022-11-19,5,9,67.72
2022-11-20,5,9,81.09
2022-11-21,5,9,58.04
2022-11-22,5,9,40.98
2022-11-23,5,9,53.11
2022-11-24,5,9,56.21
2022-11-25,5,9,57.01
2022-11-26,5,9,69.89
2022-11-27,5,9,69.81
2022-11-28,5,9,52.48
2022-11-29,5,9,53.53
2022-11-30,5,9,42.88
2022-12-01,5,9,56.33
2022-12-02,5,9,45.7
2022-12-03,5,9,70.36
2022-12-04,5,9,69.34
2022-12-05,5,9,52.82
2022-12-06,5,9,49.37
2022-12-07,5,9,61.03
2022-12-08,5,9,55.9
2022-12-09,5,9,55.04
2022-12-10,5,9,60.29
2022-12-11,5,9,73.07
2022-12-12,5,9,69.0
2022-12-13,5,9,69.18
2022-12-14,5,9,62.27
2022-12-15,5,9,56.4
2022-12-16,5,9,64.01
2022-12-17,5,9,69.14
2022-12-18,5,9,73.43
2022-12-19,5,9,52.59
2022-12-20,5,9,67.3
2022-12-21,5,9,66.21
2022-12-22,5,9,59.01
2022-12-23,5,9,74.78
2022-12-24,5,9,82.0
2022-12-25,5,9,81.41
2022-12-26,5,9,61.71
2022-12-27,5,9,48.26
2022-12-28,5,9,51.59
2022-12-29,5,9,59.13
2022-12-30,5,9,59.25
2022-12-31,5,9,84.49
2023-01-01,5,9,76.89
2023-01-02,5,9,66.48
2023-01-03,5,9,66.7
2023-01-04,5,9,67.14
2023-01-05,5,9,66.08
2023-01-06,5,9,52.08
2023-01-07,5,9,56.71
2023-01-08,5,9,73.75
2023-01-09,5,9,60.85
2023-01-10,5,9,54.47
2023-01-11,5,9,65.66
2023-01-12,5,9,77.09
2023-01-13,5,9,73.53
2023-01-14,5,9,92.3
2023-01-15,5,9,99.08
2023-01-16,5,9,57.24
2023-01-17,5,9,61.94
2023-01-18,5,9,72.69
2023-01-19,5,9,61.86
2023-01-20,5,9,62.45
2023-01-21,5,9,110.92
2023-01-22,5,9,88.01
2023-01-23,5,9,84.46
2023-01-24,5,9,48.56
2023-01-25,5,9,60.56
2023-01-26,5,9,71.04
2023-01-27,5,9,67.92
2023-01-28,5,9,60.27
2023-01-29,5,9,84.2
2023-01-30,5,9,92.03
2023-01-31,5,9,69.66
2023-02-01,5,9,78.2
2023-02-02,5,9,64.82
2023-02-03,5,9,74.42
2023-02-04,5,9,93.23
2023-02-05,5,9,109.16
2023-02-06,5,9,83.69
2023-02-07,5,9,76.41
2023-02-08,5,9,72.82
2023-02-09,5,9,53.95
2023-02-10,5,9,53.61
2023-02-11,5,9,95.03
2023-02-12,5,9,106.26
2023-02-13,5,9,86.76
2023-02-14,5,9,62.71
2023-02-15,5,9,56.02
2023-02-16,5,9,82.61
2023-02-17,5,9,63.66
2023-02-18,5,9,72.02
2023-02-19,5,9,87.42
2023-02-20,5,9,67.1
2023-02-21,5,9,87.12
2023-02-22,5,9,82.22
2023-02-23,5,9,64.77
2023-02-24,5,9,88.16
2023-02-25,5,9,96.59
2023-02-26,5,9,109.97
2023-02-27,5,9,87.57
2023-02-28,5,9,70.2
2023-03-01,5,9,81.22
2023-03-02,5,9,70.29
2023-03-03,5,9,85.36
2023-03-04,5,9,98.77
2023-03-05,5,9,111.57
2023-03-06,5,9,92.24
2023-03-07,5,9,81.29
2023-03-08,5,9,74.12
2023-03-09,5,9,74.36
2023-03-10,5,9,41.89
2023-03-11,5,9,87.46
2023-03-12,5,9,111.71
2023-03-13,5,9,86.41
2023-03-14,5,9,67.17
2023-03-15,5,9,77.4
2023-03-16,5,9,73.45
2023-03-17,5,9,83.47
2023-03-18,5,9,131.01
2023-03-19,5,9,108.94
2023-03-20,5,9,68.18
2023-03-21,5,9,74.96
2023-03-22,5,9,91.87
2023-03-23,5,9,59.91
2023-03-24,5,9,69.0
2023-03-25,5,9,109.42
2023-03-26,5,9,118.17
2023-03-27,5,9,83.13
2023-03-28,5,9,69.29
2023-03-29,5,9,82.41
2023-03-30,5,9,81.07
2023-03-31,5,9,80.4
2023-04-01,5,9,95.73
2023-04-02,5,9,97.98
2023-04-03,5,9,64.64
2023-04-04,5,9,102.74
2023-04-05,5,9,76.7
2023-04-06,5,9,81.15
2023-04-07,5,9,72.58
2023-04-08,5,9,109.99
2023-04-09,5,9,78.65
2023-04-10,5,9,55.5
2023-04-11,5,9,74.9
2023-04-12,5,9,98.49
2023-04-13,5,9,89.0
2023-04-14,5,9,66.25
2023-04-15,5,9,105.67
2023-04-16,5,9,88.78
2023-04-17,5,9,80.38
2023-04-18,5,9,81.32
2023-04-19,5,9,86.16
2023-04-20,5,9,57.92
2023-04-21,5,9,61.37
2023-04-22,5,9,97.43
2023-04-23,5,9,83.34
2023-04-24,5,9,63.27
2023-04-25,5,9,79.06
2023-04-26,5,9,65.57
2023-04-27,5,9,101.82
2023-04-28,5,9,70.03
2023-04-29,5,9,95.0
2023-04-30,5,9,103.5
2023-05-01,5,9,55.33
2023-05-02,5,9,77.01
2023-05-03,5,9,75.27
2023-05-04,5,9,67.9
2023-05-05,5,9,74.65
2023-05-06,5,9,99.27
2023-05-07,5,9,113.43
2023-05-08,5,9,98.79
2023-05-09,5,9,60.45
2023-05-10,5,9,57.94
2023-05-11,5,9,73.1
2023-05-12,5,9,49.57
2023-05-13,5,9,102.84
2023-05-14,5,9,95.37
2023-05-15,5,9,76.16
2023-05-16,5,9,68.94
2023-05-17,5,9,75.04
2023-05-18,5,9,77.45
2023-05-19,5,9,74.55
2023-05-20,5,9,75.15
2023-05-21,5,9,96.64
2023-05-22,5,9,92.69
2023-05-23,5,9,75.19
2023-05-24,5,9,74.11
2023-05-25,5,9,89.67
2023-05-26,5,9,64.58
2023-05-27,5,9,107.21
2023-05-28,5,9,87.12
2023-05-29,5,9,84.73
2023-05-30,5,9,81.63
2023-05-31,5,9,68.44
2023-06-01,5,9,63.72
2023-06-02,5,9,76.15
2023-06-03,5,9,62.34
2023-06-04,5,9,80.71
2023-06-05,5,9,72.73
2023-06-06,5,9,63.51
2023-06-07,5,9,67.98
2023-06-08,5,9,46.26
2023-06-09,5,9,58.16
2023-06-10,5,9,95.63
2023-06-11,5,9,77.06
2023-06-12,5,9,53.79
2023-06-13,5,9,77.54
2023-06-14,5,9,72.11
2023-06-15,5,9,56.04
2023-06-16,5,9,68.41
2023-06-17,5,9,73.38
2023-06-18,5,9,85.25
2023-06-19,5,9,68.93
2023-06-20,5,9,59.05
2023-06-21,5,9,74.73
2023-06-22,5,9,76.34
2023-06-23,5,9,69.99
2023-06-24,5,9,93.02
2023-06-25,5,9,68.54
2023-06-26,5,9,81.24
2023-06-27,5,9,66.58
2023-06-28,5,9,58.07
2023-06-29,5,9,69.07
2023-06-30,5,9,75.2
2023-07-01,5,9,85.27
2023-07-02,5,9,66.34
2023-07-03,5,9,67.92
2023-07-04,5,9,60.47
2023-07-05,5,9,65.66
2023-07-06,5,9,53.76
2023-07-07,5,9,70.74
2023-07-08,5,9,81.72
2023-07-09,5,9,93.79
2023-07-10,5,9,47.16
2023-07-11,5,9,48.42
2023-07-12,5,9,59.13
2023-07-13,5,9,74.9
2023-07-14,5,9,79.51
2023-07-15,5,9,69.25
2023-07-16,5,9,80.59
2023-07-17,5,9,62.97
2023-07-18,5,9,68.21
2023-07-19,5,9,69.8
2023-07-20,5,9,51.35
2023-07-21,5,9,62.3
2023-07-22,5,9,56.08
2023-07-23,5,9,90.08
2023-07-24,5,9,58.68
2023-07-25,5,9,50.67
2023-07-26,5,9,64.98
2023-07-27,5,9,58.5
2023-07-28,5,9,73.7
2023-07-29,5,9,69.82
2023-07-30,5,9,107.57
2023-07-31,5,9,70.05
2023-08-01,5,9,68.1
2023-08-02,5,9,48.3
2023-08-03,5,9,72.48
2023-08-04,5,9,46.79
2023-08-05,5,9,72.05
2023-08-06,5,9,89.0
2023-08-07,5,9,61.65
2023-08-08,5,9,46.67
2023-08-09,5,9,67.14
2023-08-10,5,9,60.33
2023-08-11,5,9,53.85
2023-08-12,5,9,57.44
2023-08-13,5,9,79.64
2023-08-14,5,9,56.14
2023-08-15,5,9,58.93
2023-08-16,5,9,43.92
2023-08-17,5,9,54.04
2023-08-18,5,9,61.85
2023-08-19,5,9,96.17
2023-08-20,5,9,72.78
2023-08-21,5,9,70.32
2023-08-22,5,9,64.67
2023-08-23,5,9,59.9
2023-08-24,5,9,49.12
2023-08-25,5,9,49.51
2023-08-26,5,9,82.36
2023-08-27,5,9,69.47
2023-08-28,5,9,52.7
2023-08-29,5,9,56.52
2023-08-30,5,9,56.7
2023-08-31,5,9,66.02
2023-09-01,5,9,52.04
2023-09-02,5,9,82.06
2023-09-03,5,9,78.13
2023-09-04,5,9,42.25
2023-09-05,5,9,58.95
2023-09-06,5,9,33.88
2023-09-07,5,9,48.93
2023-09-08,5,9,60.49
2023-09-09,5,9,73.45
2023-09-10,5,9,54.1
2023-09-11,5,9,47.15
2023-09-12,5,9,34.51
2023-09-13,5,9,45.31
2023-09-14,5,9,61.7
2023-09-15,5,9,52.05
2023-09-16,5,9,75.77
2023-09-17,5,9,74.09
2023-09-18,5,9,57.19
2023-09-19,5,9,65.68
2023-09-20,5,9,55.24
2023-09-21,5,9,64.8
2023-09-22,5,9,35.85
2023-09-23,5,9,86.58
2023-09-24,5,9,59.89
2023-09-25,5,9,47.96
2023-09-26,5,9,51.14
2023-09-27,5,9,66.53
2023-09-28,5,9,49.62
2023-09-29,5,9,51.66
2023-09-30,5,9,63.78
2023-10-01,5,9,80.02
2023-10-02,5,9,65.94
2023-10-03,5,9,74.53
2023-10-04,5,9,80.77
2023-10-05,5,9,65.23
2023-10-06,5,9,62.73
2023-10-07,5,9,63.23
2023-10-08,5,9,99.57
2023-10-09,5,9,61.5
2023-10-10,5,9,57.03
2023-10-11,5,9,63.11
2023-10-12,5,9,53.99
2023-10-13,5,9,38.78
2023-10-14,5,9,84.35
2023-10-15,5,9,93.38
2023-10-16,5,9,64.83
2023-10-17,5,9,59.8
2023-10-18,5,9,60.02
2023-10-19,5,9,61.49
2023-10-20,5,9,61.25
2023-10-21,5,9,77.3
2023-10-22,5,9,78.36
2023-10-23,5,9,74.1
2023-10-24,5,9,64.38
2023-10-25,5,9,61.1
2023-10-26,5,9,66.14
2023-10-27,5,9,66.18
2023-10-28,5,9,89.46
2023-10-29,5,9,69.49
2023-10-30,5,9,55.99
2023-10-31,5,9,53.0
2023-11-01,5,9,73.32
2023-11-02,5,9,72.88
2023-11-03,5,9,53.26
2023-11-04,5,9,90.66
2023-11-05,5,9,103.33
2023-11-06,5,9,63.63
2023-11-07,5,9,69.1
2023-11-08,5,9,73.27
2023-11-09,5,9,52.98
2023-11-10,5,9,67.62
2023-11-11,5,9,102.4
2023-11-12,5,9,78.39
2023-11-13,5,9,74.5
2023-11-14,5,9,66.54
2023-11-15,5,9,59.6
2023-11-16,5,9,65.39
2023-11-17,5,9,61.15
2023-11-18,5,9,74.85
2023-11-19,5,9,83.11
2023-11-20,5,9,67.19
2023-11-21,5,9,64.89
2023-11-22,5,9,63.93
2023-11-23,5,9,68.88
2023-11-24,5,9,71.98
2023-11-25,5,9,71.83
2023-11-26,5,9,83.48
2023-11-27,5,9,47.01
2023-11-28,5,9,65.19
2023-11-29,5,9,68.37
2023-11-30,5,9,72.62
2023-12-01,5,9,76.09
2023-12-02,5,9,104.7
2023-12-03,5,9,97.75
2023-12-04,5,9,66.96
2023-12-05,5,9,62.07
2023-12-06,5,9,71.65
2023-12-07,5,9,66.06
2023-12-08,5,9,73.34
2023-12-09,5,9,89.98
2023-12-10,5,9,103.31
2023-12-11,5,9,75.36
2023-12-12,5,9,79.88
2023-12-13,5,9,79.87
2023-12-14,5,9,72.92
2023-12-15,5,9,73.66
2023-12-16,5,9,104.88
2023-12-17,5,9,133.41
2023-12-18,5,9,63.97
2023-12-19,5,9,75.63
2023-12-20,5,9,61.72
2023-12-21,5,9,75.02
2023-12-22,5,9,67.68
2023-12-23,5,9,96.18
2023-12-24,5,9,100.28
2023-12-25,5,9,69.89
2023-12-26,5,9,55.28
2023-12-27,5,9,91.66
2023-12-28,5,9,85.07
2023-12-29,5,9,74.12
2023-12-30,5,9,85.14
2023-12-31,5,9,99.65
2022-01-01,5,10,638.03
2022-01-02,5,10,613.01
2022-01-03,5,10,396.23
2022-01-04,5,10,536.81
2022-01-05,5,10,360.37
2022-01-06,5,10,357.78
2022-01-07,5,10,469.42
2022-01-08,5,10,663.41
2022-01-09,5,10,695.86
2022-01-10,5,10,485.42
2022-01-11,5,10,469.25
2022-01-12,5,10,474.68
2022-01-13,5,10,405.85
2022-01-14,5,10,372.98
2022-01-15,5,10,574.39
2022-01-16,5,10,411.75
2022-01-17,5,10,405.52
2022-01-18,5,10,391.73
2022-01-19,5,10,463.3
2022-01-20,5,10,440.53
2022-01-21,5,10,522.04
2022-01-22,5,10,623.98
2022-01-23,5,10,502.71
2022-01-24,5,10,471.31
2022-01-25,5,10,317.51
2022-01-26,5,10,476.08
2022-01-27,5,10,381.32
2022-01-28,5,10,390.61
2022-01-29,5,10,671.94
2022-01-30,5,10,592.53
2022-01-31,5,10,418.56
2022-02-01,5,10,530.34
2022-02-02,5,10,562.42
2022-02-03,5,10,391.93
2022-02-04,5,10,412.11
2022-02-05,5,10,673.63
2022-02-06,5,10,628.78
2022-02-07,5,10,333.64
2022-02-08,5,10,587.19
2022-02-09,5,10,430.24
2022-02-10,5,10,394.23
2022-02-11,5,10,465.45
2022-02-12,5,10,686.43
2022-02-13,5,10,708.2
2022-02-14,5,10,469.98
2022-02-15,5,10,643.85
2022-02-16,5,10,664.58
2022-02-17,5,10,498.72
2022-02-18,5,10,463.41
2022-02-19,5,10,577.93
2022-02-20,5,10,595.3
2022-02-21,5,10,574.31
2022-02-22,5,10,493.21
2022-02-23,5,10,531.36
2022-02-24,5,10,519.41
2022-02-25,5,10,513.72
2022-02-26,5,10,712.84
2022-02-27,5,10,689.46
2022-02-28,5,10,506.0
2022-03-01,5,10,617.27
2022-03-02,5,10,388.16
2022-03-03,5,10,504.95
2022-03-04,5,10,446.47
2022-03-05,5,10,717.92
2022-03-06,5,10,476.69
2022-03-07,5,10,503.22
2022-03-08,5,10,521.88
2022-03-09,5,10,576.49
2022-03-10,5,10,456.66
2022-03-11,5,10,692.3
2022-03-12,5,10,579.19
2022-03-13,5,10,527.11
2022-03-14,5,10,533.88
2022-03-15,5,10,480.49
2022-03-16,5,10,625.75
2022-03-17,5,10,373.74
2022-03-18,5,10,493.86
2022-03-19,5,10,717.64
2022-03-20,5,10,575.82
2022-03-21,5,10,389.72
2022-03-22,5,10,600.17
2022-03-23,5,10,431.38
2022-03-24,5,10,571.32
2022-03-25,5,10,425.89
2022-03-26,5,10,612.58
2022-03-27,5,10,717.09
2022-03-28,5,10,522.12
2022-03-29,5,10,426.92
2022-03-30,5,10,536.25
2022-03-31,5,10,335.17
2022-04-01,5,10,398.92
2022-04-02,5,10,798.8
2022-04-03,5,10,617.5
2022-04-04,5,10,540.39
2022-04-05,5,10,538.76
2022-04-06,5,10,463.52
2022-04-07,5,10,497.8
2022-04-08,5,10,403.51
2022-04-09,5,10,649.52
2022-04-10,5,10,590.77
2022-04-11,5,10,645.03
2022-04-12,5,10,439.74
2022-04-13,5,10,529.75
2022-04-14,5,10,472.12
2022-04-15,5,10,552.89
2022-04-16,5,10,510.7
2022-04-17,5,10,629.04
2022-04-18,5,10,538.01
2022-04-19,5,10,512.0
2022-04-20,5,10,531.8
2022-04-21,5,10,433.82
2022-04-22,5,10,470.11
2022-04-23,5,10,643.41
2022-04-24,5,10,721.36
2022-04-25,5,10,601.41
2022-04-26,5,10,358.95
2022-04-27,5,10,474.24
2022-04-28,5,10,449.29
2022-04-29,5,10,441.13
2022-04-30,5,10,675.27
2022-05-01,5,10,612.3
2022-05-02,5,10,390.18
2022-05-03,5,10,387.08
2022-05-04,5,10,502.53
2022-05-05,5,10,393.37
2022-05-06,5,10,421.74
2022-05-07,5,10,697.44
2022-05-08,5,10,628.99
2022-05-09,5,10,581.65
2022-05-10,5,10,464.9
2022-05-11,5,10,631.29
2022-05-12,5,10,460.27
2022-05-13,5,10,558.85
2022-05-14,5,10,538.74
2022-05-15,5,10,556.78
2022-05-16,5,10,595.52
2022-05-17,5,10,425.83
2022-05-18,5,10,460.31
2022-05-19,5,10,428.99
2022-05-20,5,10,557.06
2022-05-21,5,10,507.71
2022-05-22,5,10,742.5
2022-05-23,5,10,495.46
2022-05-24,5,10,491.72
2022-05-25,5,10,474.62
2022-05-26,5,10,569.08
2022-05-27,5,10,463.82
2022-05-28,5,10,557.46
2022-05-29,5,10,673.32
2022-05-30,5,10,474.69
2022-05-31,5,10,622.82
2022-06-01,5,10,497.79
2022-06-02,5,10,461.08
2022-06-03,5,10,533.02
2022-06-04,5,10,446.54
2022-06-05,5,10,619.32
2022-06-06,5,10,446.53
2022-06-07,5,10,426.75
2022-06-08,5,10,421.99
2022-06-09,5,10,514.57
2022-06-10,5,10,318.09
2022-06-11,5,10,614.91
2022-06-12,5,10,451.39
2022-06-13,5,10,426.23
2022-06-14,5,10,439.5
2022-06-15,5,10,550.69
2022-06-16,5,10,408.1
2022-06-17,5,10,447.6
2022-06-18,5,10,471.2
2022-06-19,5,10,622.03
2022-06-20,5,10,356.25
2022-06-21,5,10,326.68
2022-06-22,5,10,344.96
2022-06-23,5,10,427.27
2022-06-24,5,10,430.98
2022-06-25,5,10,680.05
2022-06-26,5,10,714.43
2022-06-27,5,10,548.41
2022-06-28,5,10,525.53
2022-06-29,5,10,588.19
2022-06-30,5,10,479.59
2022-07-01,5,10,432.88
2022-07-02,5,10,670.33
2022-07-03,5,10,438.56
2022-07-04,5,10,462.56
2022-07-05,5,10,402.88
2022-07-06,5,10,487.3
2022-07-07,5,10,478.48
2022-07-08,5,10,396.75
2022-07-09,5,10,433.61
2022-07-10,5,10,636.93
2022-07-11,5,10,378.86
2022-07-12,5,10,415.56
2022-07-13,5,10,339.93
2022-07-14,5,10,386.72
2022-07-15,5,10,471.55
2022-07-16,5,10,563.13
2022-07-17,5,10,472.77
2022-07-18,5,10,294.6
2022-07-19,5,10,452.92
2022-07-20,5,10,385.29
2022-07-21,5,10,422.01
2022-07-22,5,10,403.12
2022-07-23,5,10,501.32
2022-07-24,5,10,585.76
2022-07-25,5,10,358.85
2022-07-26,5,10,422.21
2022-07-27,5,10,438.99
2022-07-28,5,10,497.23
2022-07-29,5,10,417.21
2022-07-30,5,10,442.31
2022-07-31,5,10,593.61
2022-08-01,5,10,330.45
2022-08-02,5,10,343.2
2022-08-03,5,10,353.23
2022-08-04,5,10,371.59
2022-08-05,5,10,456.67
2022-08-06,5,10,546.32
2022-08-07,5,10,415.88
2022-08-08,5,10,470.44
2022-08-09,5,10,444.83
2022-08-10,5,10,408.07
2022-08-11,5,10,250.77
2022-08-12,5,10,335.99
2022-08-13,5,10,501.2
2022-08-14,5,10,625.31
2022-08-15,5,10,462.32
2022-08-16,5,10,330.06
2022-08-17,5,10,288.92
2022-08-18,5,10,376.01
2022-08-19,5,10,395.05
2022-08-20,5,10,409.66
2022-08-21,5,10,437.97
2022-08-22,5,10,510.95
2022-08-23,5,10,366.38
2022-08-24,5,10,370.94
2022-08-25,5,10,553.61
2022-08-26,5,10,369.33
2022-08-27,5,10,429.45
2022-08-28,5,10,452.75
2022-08-29,5,10,407.11
2022-08-30,5,10,362.55
2022-08-31,5,10,383.05
2022-09-01,5,10,375.88
2022-09-02,5,10,557.4
2022-09-03,5,10,545.26
2022-09-04,5,10,422.67
2022-09-05,5,10,369.62
2022-09-06,5,10,425.59
2022-09-07,5,10,441.89
2022-09-08,5,10,288.89
2022-09-09,5,10,299.82
2022-09-10,5,10,530.3
2022-09-11,5,10,448.34
2022-09-12,5,10,337.11
2022-09-13,5,10,392.69
2022-09-14,5,10,427.62
2022-09-15,5,10,368.87
2022-09-16,5,10,271.29
2022-09-17,5,10,458.65
2022-09-18,5,10,411.76
2022-09-19,5,10,416.13
2022-09-20,5,10,502.24
2022-09-21,5,10,401.01
2022-09-22,5,10,410.16
2022-09-23,5,10,431.97
2022-09-24,5,10,602.2
2022-09-25,5,10,457.56
2022-09-26,5,10,382.86
2022-09-27,5,10,441.18
2022-09-28,5,10,331.94
2022-09-29,5,10,299.28
2022-09-30,5,10,360.14
2022-10-01,5,10,618.66
2022-10-02,5,10,531.94
2022-10-03,5,10,373.01
2022-10-04,5,10,462.52
2022-10-05,5,10,435.03
2022-10-06,5,10,355.15
2022-10-07,5,10,390.86
2022-10-08,5,10,443.01
2022-10-09,5,10,535.09
2022-10-10,5,10,441.75
2022-10-11,5,10,254.77
2022-10-12,5,10,342.08
2022-10-13,5,10,505.97
2022-10-14,5,10,384.16
2022-10-15,5,10,657.22
2022-10-16,5,10,425.95
2022-10-17,5,10,373.12
2022-10-18,5,10,419.02
2022-10-19,5,10,386.68
2022-10-20,5,10,483.54
2022-10-21,5,10,399.5
2022-10-22,5,10,585.66
2022-10-23,5,10,442.81
2022-10-24,5,10,423.83
2022-10-25,5,10,388.77
2022-10-26,5,10,346.96
2022-10-27,5,10,437.2
2022-10-28,5,10,492.47
2022-10-29,5,10,484.5
2022-10-30,5,10,566.18
2022-10-31,5,10,396.64
2022-11-01,5,10,453.67
2022-11-02,5,10,503.13
2022-11-03,5,10,543.89
2022-11-04,5,10,530.89
2022-11-05,5,10,516.76
2022-11-06,5,10,465.18
2022-11-07,5,10,313.22
2022-11-08,5,10,491.51
2022-11-09,5,10,413.77
2022-11-10,5,10,521.21
2022-11-11,5,10,380.09
2022-11-12,5,10,624.52
2022-11-13,5,10,430.24
2022-11-14,5,10,485.08
2022-11-15,5,10,477.78
2022-11-16,5,10,377.14
2022-11-17,5,10,465.01
2022-11-18,5,10,592.71
2022-11-19,5,10,649.18
2022-11-20,5,10,849.94
2022-11-21,5,10,463.76
2022-11-22,5,10,493.03
2022-11-23,5,10,421.6
2022-11-24,5,10,471.16
2022-11-25,5,10,388.13
2022-11-26,5,10,671.93
2022-11-27,5,10,520.48
2022-11-28,5,10,569.64
2022-11-29,5,10,363.99
2022-11-30,5,10,435.56
2022-12-01,5,10,488.57
2022-12-02,5,10,422.72
2022-12-03,5,10,684.02
2022-12-04,5,10,608.35
2022-12-05,5,10,616.26
2022-12-06,5,10,447.36
2022-12-07,5,10,542.0
2022-12-08,5,10,503.6
2022-12-09,5,10,494.22
2022-12-10,5,10,673.34
2022-12-11,5,10,735.34
2022-12-12,5,10,366.84
2022-12-13,5,10,515.74
2022-12-14,5,10,448.99
2022-12-15,5,10,455.16
2022-12-16,5,10,531.98
2022-12-17,5,10,777.86
2022-12-18,5,10,823.65
2022-12-19,5,10,469.48
2022-12-20,5,10,294.79
2022-12-21,5,10,520.55
2022-12-22,5,10,374.92
2022-12-23,5,10,550.04
2022-12-24,5,10,580.63
2022-12-25,5,10,706.13
2022-12-26,5,10,450.85
2022-12-27,5,10,427.05
2022-12-28,5,10,429.27
2022-12-29,5,10,549.03
2022-12-30,5,10,415.74
2022-12-31,5,10,729.86
2023-01-01,5,10,940.59
2023-01-02,5,10,714.95
2023-01-03,5,10,435.08
2023-01-04,5,10,456.81
2023-01-05,5,10,614.27
2023-01-06,5,10,481.46
2023-01-07,5,10,815.11
2023-01-08,5,10,554.93
2023-01-09,5,10,568.42
2023-01-10,5,10,656.44
2023-01-11,5,10,441.47
2023-01-12,5,10,565.75
2023-01-13,5,10,565.0
2023-01-14,5,10,817.88
2023-01-15,5,10,674.96
2023-01-16,5,10,453.81
2023-01-17,5,10,359.11
2023-01-18,5,10,693.32
2023-01-19,5,10,651.26
2023-01-20,5,10,577.08
2023-01-21,5,10,747.72
2023-01-22,5,10,802.14
2023-01-23,5,10,664.55
2023-01-24,5,10,405.11
2023-01-25,5,10,426.09
2023-01-26,5,10,413.66
2023-01-27,5,10,551.91
2023-01-28,5,10,777.97
2023-01-29,5,10,872.95
2023-01-30,5,10,328.66
2023-01-31,5,10,466.65
2023-02-01,5,10,635.31
2023-02-02,5,10,647.36
2023-02-03,5,10,605.3
2023-02-04,5,10,674.76
2023-02-05,5,10,727.09
2023-02-06,5,10,612.48
2023-02-07,5,10,464.63
2023-02-08,5,10,546.08
2023-02-09,5,10,496.87
2023-02-10,5,10,674.34
2023-02-11,5,10,703.93
2023-02-12,5,10,656.32
2023-02-13,5,10,579.67
2023-02-14,5,10,699.91
2023-02-15,5,10,627.18
2023-02-16,5,10,733.91
2023-02-17,5,10,719.94
2023-02-18,5,10,727.67
2023-02-19,5,10,837.04
2023-02-20,5,10,735.57
2023-02-21,5,10,586.25
2023-02-22,5,10,655.25
2023-02-23,5,10,547.3
2023-02-24,5,10,611.94
2023-02-25,5,10,792.06
2023-02-26,5,10,902.1
2023-02-27,5,10,598.19
2023-02-28,5,10,655.68
2023-03-01,5,10,687.28
2023-03-02,5,10,573.57
2023-03-03,5,10,611.72
2023-03-04,5,10,905.75
2023-03-05,5,10,1081.24
2023-03-06,5,10,529.36
2023-03-07,5,10,704.29
2023-03-08,5,10,772.28
2023-03-09,5,10,663.14
2023-03-10,5,10,565.59
2023-03-11,5,10,844.39
2023-03-12,5,10,728.11
2023-03-13,5,10,606.14
2023-03-14,5,10,693.97
2023-03-15,5,10,650.54
2023-03-16,5,10,676.27
2023-03-17,5,10,542.11
2023-03-18,5,10,776.86
2023-03-19,5,10,934.52
2023-03-20,5,10,493.28
2023-03-21,5,10,528.09
2023-03-22,5,10,629.46
2023-03-23,5,10,608.91
2023-03-24,5,10,736.85
2023-03-25,5,10,550.68
2023-03-26,5,10,849.34
2023-03-27,5,10,798.11
2023-03-28,5,10,694.93
2023-03-29,5,10,510.39
2023-03-30,5,10,904.9
2023-03-31,5,10,609.36
2023-04-01,5,10,536.0
2023-04-02,5,10,947.75
2023-04-03,5,10,571.48
2023-04-04,5,10,833.42
2023-04-05,5,10,721.71
2023-04-06,5,10,859.97
2023-04-07,5,10,549.07
2023-04-08,5,10,1010.94
2023-04-09,5,10,745.35
2023-04-10,5,10,687.12
2023-04-11,5,10,670.8
2023-04-12,5,10,790.5
2023-04-13,5,10,734.33
2023-04-14,5,10,609.54
2023-04-15,5,10,991.58
2023-04-16,5,10,841.2
2023-04-17,5,10,724.88
2023-04-18,5,10,686.16
2023-04-19,5,10,636.45
2023-04-20,5,10,527.29
2023-04-21,5,10,678.44
2023-04-22,5,10,769.73
2023-04-23,5,10,698.89
2023-04-24,5,10,741.87
2023-04-25,5,10,597.67
2023-04-26,5,10,481.71
2023-04-27,5,10,661.26
2023-04-28,5,10,646.4
2023-04-29,5,10,852.54
2023-04-30,5,10,852.96
2023-05-01,5,10,527.68
2023-05-02,5,10,584.63
2023-05-03,5,10,719.31
2023-05-04,5,10,702.58
2023-05-05,5,10,590.09
2023-05-06,5,10,881.77
2023-05-07,5,10,822.49
2023-05-08,5,10,593.51
2023-05-09,5,10,741.65
2023-05-10,5,10,541.31
2023-05-11,5,10,654.41
2023-05-12,5,10,469.86
2023-05-13,5,10,858.47
2023-05-14,5,10,734.29
2023-05-15,5,10,591.4
2023-05-16,5,10,600.32
2023-05-17,5,10,419.12
2023-05-18,5,10,476.39
2023-05-19,5,10,707.32
2023-05-20,5,10,831.08
2023-05-21,5,10,997.89
2023-05-22,5,10,500.93
2023-05-23,5,10,711.19
2023-05-24,5,10,674.7
2023-05-25,5,10,741.82
2023-05-26,5,10,621.73
2023-05-27,5,10,836.18
2023-05-28,5,10,714.32
2023-05-29,5,10,607.48
2023-05-30,5,10,586.9
2023-05-31,5,10,507.96
2023-06-01,5,10,588.54
2023-06-02,5,10,658.68
2023-06-03,5,10,883.66
2023-06-04,5,10,659.92
2023-06-05,5,10,575.12
2023-06-06,5,10,566.98
2023-06-07,5,10,707.12
2023-06-08,5,10,734.68
2023-06-09,5,10,466.32
2023-06-10,5,10,809.28
2023-06-11,5,10,814.86
2023-06-12,5,10,563.47
2023-06-13,5,10,471.2
2023-06-14,5,10,643.26
2023-06-15,5,10,688.28
2023-06-16,5,10,534.68
2023-06-17,5,10,893.68
2023-06-18,5,10,758.65
2023-06-19,5,10,708.09
2023-06-20,5,10,708.37
2023-06-21,5,10,582.3
2023-06-22,5,10,621.36
2023-06-23,5,10,523.48
2023-06-24,5,10,575.8
2023-06-25,5,10,790.3
2023-06-26,5,10,457.32
2023-06-27,5,10,770.84
2023-06-28,5,10,687.28
2023-06-29,5,10,574.06
2023-06-30,5,10,822.97
2023-07-01,5,10,623.1
2023-07-02,5,10,648.07
2023-07-03,5,10,497.88
2023-07-04,5,10,525.29
2023-07-05,5,10,506.04
2023-07-06,5,10,567.44
2023-07-07,5,10,451.8
2023-07-08,5,10,704.54
2023-07-09,5,10,635.43
2023-07-10,5,10,537.44
2023-07-11,5,10,446.24
2023-07-12,5,10,463.99
2023-07-13,5,10,703.52
2023-07-14,5,10,460.05
2023-07-15,5,10,748.92
2023-07-16,5,10,638.89
2023-07-17,5,10,453.22
2023-07-18,5,10,540.32
2023-07-19,5,10,465.72
2023-07-20,5,10,577.5
2023-07-21,5,10,526.17
2023-07-22,5,10,837.3
2023-07-23,5,10,561.27
2023-07-24,5,10,559.48
2023-07-25,5,10,567.44
2023-07-26,5,10,457.5
2023-07-27,5,10,484.65
2023-07-28,5,10,423.6
2023-07-29,5,10,536.68
2023-07-30,5,10,688.6
2023-07-31,5,10,604.94
2023-08-01,5,10,486.26
2023-08-02,5,10,489.68
2023-08-03,5,10,399.95
2023-08-04,5,10,340.32
2023-08-05,5,10,679.67
2023-08-06,5,10,582.8
2023-08-07,5,10,363.43
2023-08-08,5,10,457.59
2023-08-09,5,10,517.21
2023-08-10,5,10,529.01
2023-08-11,5,10,514.09
2023-08-12,5,10,581.62
2023-08-13,5,10,707.71
2023-08-14,5,10,498.61
2023-08-15,5,10,434.68
2023-08-16,5,10,416.86
2023-08-17,5,10,515.84
2023-08-18,5,10,566.75
2023-08-19,5,10,710.31
2023-08-20,5,10,668.61
2023-08-21,5,10,550.07
2023-08-22,5,10,681.46
2023-08-23,5,10,524.69
2023-08-24,5,10,515.17
2023-08-25,5,10,544.74
2023-08-26,5,10,728.82
2023-08-27,5,10,524.15
2023-08-28,5,10,517.95
2023-08-29,5,10,580.88
2023-08-30,5,10,637.45
2023-08-31,5,10,507.02
2023-09-01,5,10,456.06
2023-09-02,5,10,652.38
2023-09-03,5,10,575.49
2023-09-04,5,10,605.74
2023-09-05,5,10,526.02
2023-09-06,5,10,487.06
2023-09-07,5,10,573.29
2023-09-08,5,10,406.5
2023-09-09,5,10,440.68
2023-09-10,5,10,680.26
2023-09-11,5,10,571.78
2023-09-12,5,10,482.24
2023-09-13,5,10,442.83
2023-09-14,5,10,422.56
2023-09-15,5,10,402.26
2023-09-16,5,10,706.24
2023-09-17,5,10,721.4
2023-09-18,5,10,562.69
2023-09-19,5,10,495.43
2023-09-20,5,10,409.32
2023-09-21,5,10,442.36
2023-09-22,5,10,540.32
2023-09-23,5,10,544.59
2023-09-24,5,10,635.47
2023-09-25,5,10,420.9
2023-09-26,5,10,445.07
2023-09-27,5,10,411.39
2023-09-28,5,10,498.84
2023-09-29,5,10,388.65
2023-09-30,5,10,573.83
2023-10-01,5,10,755.32
2023-10-02,5,10,596.66
2023-10-03,5,10,567.77
2023-10-04,5,10,625.77
2023-10-05,5,10,414.26
2023-10-06,5,10,509.73
2023-10-07,5,10,679.87
2023-10-08,5,10,869.62
2023-10-09,5,10,499.31
2023-10-10,5,10,580.34
2023-10-11,5,10,650.07
2023-10-12,5,10,528.84
2023-10-13,5,10,482.49
2023-10-14,5,10,636.38
2023-10-15,5,10,502.11
2023-10-16,5,10,484.14
2023-10-17,5,10,409.35
2023-10-18,5,10,581.67
2023-10-19,5,10,398.84
2023-10-20,5,10,551.88
2023-10-21,5,10,793.69
2023-10-22,5,10,752.58
2023-10-23,5,10,484.33
2023-10-24,5,10,582.34
2023-10-25,5,10,523.55
2023-10-26,5,10,487.22
2023-10-27,5,10,494.88
2023-10-28,5,10,726.08
2023-10-29,5,10,522.19
2023-10-30,5,10,484.71
2023-10-31,5,10,554.17
2023-11-01,5,10,527.53
2023-11-02,5,10,461.01
2023-11-03,5,10,495.66
2023-11-04,5,10,763.46
2023-11-05,5,10,798.63
2023-11-06,5,10,666.43
2023-11-07,5,10,640.7
2023-11-08,5,10,640.07
2023-11-09,5,10,408.7
2023-11-10,5,10,639.45
2023-11-11,5,10,689.39
2023-11-12,5,10,586.11
2023-11-13,5,10,623.75
2023-11-14,5,10,591.38
2023-11-15,5,10,652.74
2023-11-16,5,10,530.38
2023-11-17,5,10,576.46
2023-11-18,5,10,547.76
2023-11-19,5,10,971.81
2023-11-20,5,10,461.95
2023-11-21,5,10,508.03
2023-11-22,5,10,489.19
2023-11-23,5,10,596.94
2023-11-24,5,10,505.65
2023-11-25,5,10,875.48
2023-11-26,5,10,789.65
2023-11-27,5,10,450.65
2023-11-28,5,10,648.65
2023-11-29,5,10,660.54
2023-11-30,5,10,517.87
2023-12-01,5,10,535.43
2023-12-02,5,10,891.07
2023-12-03,5,10,924.4
2023-12-04,5,10,550.06
2023-12-05,5,10,737.66
2023-12-06,5,10,592.5
2023-12-07,5,10,763.79
2023-12-08,5,10,495.24
2023-12-09,5,10,751.39
2023-12-10,5,10,818.34
2023-12-11,5,10,553.52
2023-12-12,5,10,647.48
2023-12-13,5,10,617.08
2023-12-14,5,10,630.84
2023-12-15,5,10,612.22
2023-12-16,5,10,683.61
2023-12-17,5,10,845.29
2023-12-18,5,10,640.55
2023-12-19,5,10,554.37
2023-12-20,5,10,776.07
2023-12-21,5,10,684.88
2023-12-22,5,10,725.01
2023-12-23,5,10,747.93
2023-12-24,5,10,556.7
2023-12-25,5,10,826.99
2023-12-26,5,10,672.49
2023-12-27,5,10,692.07
2023-12-28,5,10,688.23
2023-12-29,5,10,696.36
2023-12-30,5,10,718.28
2023-12-31,5,10,723.17
